0.48,0.48,12.66,12.57,-0.00
3.25,3.25,25.54,25.55,0.27
10.64,10.64,30.78,31.12,3.50
18.55,18.55,32.98,29.66,10.87
21.65,21.65,81.35,41.71,17.41
16.36,16.36,92.98,44.44,17.28
22.04,22.04,83.43,40.43,25.42
21.38,21.38,78.18,31.85,32.67
20.53,20.53,76.27,22.42,36.41
22.34,22.34,79.94,13.37,34.33
22.89,22.89,86.10,17.98,32.41
29.73,29.73,76.65,17.63,35.00
30.90,30.90,81.18,15.07,35.96
32.29,32.29,77.51,13.67,38.33
34.60,34.60,74.58,15.34,37.99
33.12,33.12,83.05,7.87,39.18
35.09,35.09,83.00,3.29,38.96
34.00,34.00,78.63,4.83,40.40
32.20,32.20,82.15,5.08,40.03
33.05,33.05,80.83,4.57,41.50
33.19,33.19,78.49,5.04,41.27
31.45,31.45,79.22,6.75,40.19
32.98,32.98,82.66,8.97,36.65
30.54,30.54,82.11,4.44,36.87
32.00,32.00,82.39,1.12,39.08
31.58,31.58,83.36,0.14,36.58
32.56,32.56,81.15,3.75,36.73
30.22,30.22,81.91,9.19,37.61
30.48,30.48,81.50,9.55,36.75
27.65,27.65,82.72,10.70,34.69
31.52,31.52,81.99,11.88,36.98
33.03,33.03,83.20,15.27,36.72
32.22,32.22,76.25,8.70,38.83
30.01,30.01,81.78,15.96,40.18
27.87,27.87,74.77,21.50,44.60
28.01,28.01,80.05,18.32,37.59
26.40,26.40,67.18,19.22,39.60
24.93,24.93,77.03,18.52,42.18
26.48,26.48,76.51,21.89,42.04
22.32,22.32,77.96,21.78,40.33
20.92,20.92,71.78,23.79,39.20
20.45,20.45,73.11,24.28,40.46
17.91,17.91,69.64,21.34,35.79
20.39,20.39,72.69,23.95,36.58
20.07,20.07,73.80,16.46,36.09
19.87,19.87,69.52,25.10,34.77
22.27,22.27,77.09,18.13,35.26
20.01,20.01,72.20,21.88,34.01
16.96,16.96,72.58,21.69,33.02
15.37,15.37,73.95,13.63,34.59
14.62,14.62,75.28,13.75,37.40
16.04,16.04,71.74,15.72,38.39
17.06,17.06,77.77,11.46,37.84
16.41,16.41,68.42,7.92,35.32
15.56,15.56,76.13,12.22,31.69
10.35,10.35,64.79,10.82,28.06
8.04,8.04,76.25,18.20,10.58
12.03,12.03,78.88,18.83,13.44
9.71,9.71,92.24,17.55,14.96
3.51,3.51,89.74,21.85,15.28
5.01,5.01,83.49,16.23,18.81
8.00,8.00,81.16,20.92,24.06
9.78,9.78,82.86,23.91,27.34
9.70,9.70,80.54,28.54,30.50
10.11,10.11,84.87,22.95,33.10
10.09,10.09,79.29,31.05,36.75
10.76,10.76,83.09,28.74,36.86
13.04,13.04,80.34,25.46,35.27
16.99,16.99,82.13,25.31,37.89
22.69,22.69,86.48,27.06,38.39
25.00,25.00,80.90,19.10,39.16
26.90,26.90,85.16,16.72,41.10
28.65,28.65,80.70,17.59,42.73
29.18,29.18,84.42,15.06,41.27
29.40,29.40,83.80,11.15,40.08
29.71,29.71,84.59,8.98,40.69
31.43,31.43,81.65,5.78,38.95
31.76,31.76,82.33,11.91,41.28
31.55,31.55,75.38,16.03,37.48
33.38,33.38,77.68,17.10,42.03
33.28,33.28,76.46,15.50,43.03
31.37,31.37,76.33,11.90,40.48
31.44,31.44,81.38,13.43,39.81
31.14,31.14,76.60,14.69,44.28
32.40,32.40,85.12,17.09,40.41
33.29,33.29,74.29,13.57,41.33
33.36,33.36,78.60,18.26,45.11
30.33,30.33,74.50,18.36,40.31
29.32,29.32,81.07,15.41,39.16
28.75,28.75,76.41,16.62,39.99
28.96,28.96,84.33,22.31,41.08
28.75,28.75,74.57,17.42,43.48
29.34,29.34,81.82,13.88,43.77
27.99,27.99,78.88,19.42,43.96
27.54,27.54,81.20,13.27,42.81
27.22,27.22,76.90,18.04,42.14
24.84,24.84,76.40,15.23,40.06
24.48,24.48,73.32,19.48,38.39
26.19,26.19,78.99,24.61,40.01
27.21,27.21,70.87,21.07,44.55
24.73,24.73,73.58,14.04,41.92
24.64,24.64,66.06,19.17,40.68
22.78,22.78,78.70,11.18,37.62
21.53,21.53,70.09,13.80,40.23
23.76,23.76,74.24,16.41,39.19
22.25,22.25,73.55,12.98,37.06
20.04,20.04,72.26,9.27,38.65
15.66,15.66,72.30,9.37,30.50
12.89,12.89,66.92,25.59,22.40
13.66,13.66,82.33,33.19,14.56
10.13,10.13,91.33,31.24,5.63
6.92,6.92,93.29,31.80,9.86
5.21,5.21,84.24,29.68,15.11
6.93,6.93,85.98,26.25,20.03
10.54,10.54,75.83,31.15,25.45
9.96,9.96,84.12,34.63,27.09
9.52,9.52,76.21,34.18,26.73
11.13,11.13,82.08,25.32,29.67
9.71,9.71,80.76,36.83,31.71
11.14,11.14,80.45,36.97,33.46
12.76,12.76,81.55,30.25,35.18
19.52,19.52,82.41,19.08,36.78
23.93,23.93,78.93,22.98,36.33
26.27,26.27,84.75,20.63,37.62
28.05,28.05,79.32,23.63,39.09
29.73,29.73,79.36,23.51,39.98
31.21,31.21,84.70,21.74,38.92
28.78,28.78,77.11,15.86,36.04
29.99,29.99,85.30,18.31,38.34
30.94,30.94,78.42,19.16,37.83
32.29,32.29,82.72,20.45,39.63
31.83,31.83,80.57,16.52,37.33
31.12,31.12,82.56,22.43,38.81
30.79,30.79,78.47,25.41,40.72
30.34,30.34,84.78,14.96,43.55
29.87,29.87,77.16,25.08,42.44
29.81,29.81,82.29,21.01,41.63
30.34,30.34,76.33,23.50,39.87
33.63,33.63,82.43,17.74,43.85
32.04,32.04,71.26,17.28,42.67
31.52,31.52,78.41,22.68,40.87
31.37,31.37,78.20,19.08,41.38
31.30,31.30,72.71,17.10,40.19
31.06,31.06,71.66,23.21,44.29
29.48,29.48,76.80,25.09,42.16
29.87,29.87,67.24,16.41,43.66
28.87,28.87,74.73,21.66,43.72
26.74,26.74,75.53,24.79,44.94
25.05,25.05,77.13,29.42,42.44
24.85,24.85,75.01,24.73,44.37
24.59,24.59,69.93,26.90,39.56
25.63,25.63,77.79,16.29,36.76
24.75,24.75,71.69,23.95,39.38
20.91,20.91,78.83,26.59,41.64
22.55,22.55,72.26,21.52,39.42
22.59,22.59,79.24,21.89,38.24
19.51,19.51,67.60,21.75,39.33
20.40,20.40,76.04,18.33,37.46
19.16,19.16,70.67,20.63,42.79
22.59,22.59,75.74,17.31,42.39
20.01,20.01,71.32,15.87,37.09
15.62,15.62,77.71,14.03,28.30
13.72,13.72,70.95,9.33,23.65
13.19,13.19,82.33,9.42,20.41
10.14,10.14,91.71,10.52,2.96
6.75,6.75,92.78,12.63,5.46
8.43,8.43,86.23,15.42,15.08
9.18,9.18,85.15,16.62,21.09
12.49,12.49,81.06,24.95,26.08
12.81,12.81,81.88,32.20,28.77
12.90,12.90,81.40,29.72,30.44
11.69,11.69,80.89,26.51,32.69
13.96,13.96,86.90,35.03,34.53
18.86,18.86,79.81,32.51,35.88
18.15,18.15,83.52,28.29,36.01
22.48,22.48,80.20,23.03,37.81
25.85,25.85,86.66,20.07,39.48
28.21,28.21,76.28,16.18,37.49
30.40,30.40,85.51,13.13,38.13
30.33,30.33,78.70,14.12,40.62
28.91,28.91,83.43,15.48,41.87
30.39,30.39,79.32,11.10,43.17
29.89,29.89,78.50,15.64,39.75
29.29,29.29,78.65,8.73,41.15
30.00,30.00,78.04,11.78,42.02
31.40,31.40,77.67,12.42,41.23
30.77,30.77,74.95,13.30,40.78
31.64,31.64,83.60,7.33,38.73
33.26,33.26,73.27,4.88,39.86
36.39,36.39,81.22,5.87,42.14
38.74,38.74,79.86,6.46,41.61
37.80,37.80,84.59,6.61,42.27
38.92,38.92,80.81,13.20,43.81
39.65,39.65,84.52,13.17,43.18
40.51,40.51,77.17,10.33,41.81
43.37,43.37,82.39,13.03,42.18
43.04,43.04,75.43,13.93,43.13
42.50,42.50,81.46,14.50,41.18
42.93,42.93,75.11,17.67,41.49
41.32,41.32,78.62,18.36,43.06
36.53,36.53,75.08,18.13,44.26
30.10,30.10,70.55,17.79,44.92
29.72,29.72,77.26,19.75,38.39
26.83,26.83,69.99,13.32,36.83
31.92,31.92,79.48,23.95,33.89
37.43,37.43,70.87,17.35,30.18
43.97,43.97,77.11,12.47,31.66
68.94,68.94,66.99,9.36,28.18
74.75,74.75,76.15,7.29,27.99
69.65,69.65,68.42,6.70,30.32
70.83,70.83,73.60,5.39,33.27
69.80,69.80,71.40,9.91,35.27
70.67,70.67,79.16,12.12,32.86
68.99,68.99,75.09,16.48,35.97
68.15,68.15,80.07,13.61,30.74
66.00,66.00,74.29,7.93,24.38
63.06,63.06,77.17,5.60,13.61
60.87,60.87,86.46,12.64,10.27
59.70,59.70,91.26,19.91,9.02
58.78,58.78,91.68,24.03,16.42
60.21,60.21,85.59,25.06,19.03
71.89,71.89,83.34,21.54,27.84
79.11,79.11,80.25,26.61,29.36
79.33,79.33,82.71,32.41,36.74
79.22,79.22,82.17,36.35,28.32
77.98,77.98,77.26,31.89,30.93
79.02,79.02,82.29,36.48,29.47
76.81,76.81,76.89,35.20,29.58
75.20,75.20,77.94,26.71,26.19
74.33,74.33,85.10,28.02,28.70
75.47,75.47,77.68,26.83,30.13
75.52,75.52,83.30,26.33,31.25
76.27,76.27,76.40,19.62,32.48
71.74,71.74,83.93,13.64,36.17
75.06,75.06,82.98,11.45,36.73
76.88,76.88,83.88,11.86,38.05
76.57,76.57,80.04,10.41,33.18
75.37,75.37,81.89,8.36,33.31
76.27,76.27,77.74,9.91,37.00
77.08,77.08,78.27,6.55,35.40
73.05,73.05,75.60,6.94,34.72
69.98,69.98,78.23,5.47,33.17
70.74,70.74,76.25,5.97,36.81
70.16,70.16,74.98,8.92,37.07
73.71,73.71,78.45,4.11,38.52
75.81,75.81,76.65,8.92,38.90
76.14,76.14,73.52,9.75,41.27
76.53,76.53,77.50,9.91,41.93
71.84,71.84,78.94,9.35,39.29
73.57,73.57,80.81,6.85,41.80
72.41,72.41,81.31,9.10,40.15
74.56,74.56,79.81,6.06,40.15
74.38,74.38,80.50,4.84,40.02
75.64,75.64,78.28,2.99,38.68
75.01,75.01,82.35,13.80,38.16
74.79,74.79,77.17,8.57,40.02
76.06,76.06,80.29,12.38,47.74
74.20,74.20,74.05,20.18,48.46
76.37,76.37,78.09,15.90,46.66
75.38,75.38,70.48,12.97,40.77
73.81,73.81,74.11,20.26,39.45
73.94,73.94,70.97,26.02,39.98
73.64,73.64,71.62,16.20,36.24
74.59,74.59,67.09,21.31,37.69
73.59,73.59,74.16,10.00,34.12
74.39,74.39,68.79,14.46,37.69
72.65,72.65,72.46,15.07,39.97
73.76,73.76,70.43,7.94,41.42
71.06,71.06,74.28,2.89,40.62
70.81,70.81,72.21,2.29,34.02
70.43,70.43,71.77,8.65,22.81
65.91,65.91,89.42,8.96,11.10
63.02,63.02,92.90,10.77,6.88
63.81,63.81,86.76,14.88,9.17
66.19,66.19,81.27,15.48,16.99
72.07,72.07,85.47,24.87,24.70
73.68,73.68,82.29,32.38,23.89
74.38,74.38,79.13,31.16,32.24
73.57,73.57,83.65,33.79,32.14
74.42,74.42,81.56,33.73,32.01
73.74,73.74,79.29,34.69,34.70
71.92,71.92,81.69,29.27,38.16
71.98,71.98,72.33,22.57,38.61
72.04,72.04,86.04,25.86,36.63
72.85,72.85,80.65,19.09,36.40
73.28,73.28,83.55,24.22,34.66
72.23,72.23,75.38,32.30,37.55
71.15,71.15,80.61,28.53,37.08
74.89,74.89,81.54,24.12,38.03
72.43,72.43,84.03,16.72,38.81
75.92,75.92,77.45,19.51,39.74
72.50,72.50,83.31,15.43,36.89
74.73,74.73,77.86,6.57,41.24
71.46,71.46,80.56,6.11,39.79
71.61,71.61,81.64,12.24,38.92
66.80,66.80,81.41,15.33,36.69
63.66,63.66,80.86,20.85,36.83
62.60,62.60,72.88,14.88,37.11
60.21,60.21,83.27,17.04,40.96
52.84,52.84,81.11,19.41,42.21
53.02,53.02,79.09,14.55,45.78
52.92,52.92,75.85,17.01,43.07
50.38,50.38,70.39,17.01,39.76
54.34,54.34,72.01,24.32,39.53
50.18,50.18,78.10,28.32,40.13
46.28,46.28,68.96,28.86,41.78
47.00,47.00,71.89,24.56,43.70
48.77,48.77,74.00,28.87,43.61
45.39,45.39,75.32,24.77,43.61
41.98,41.98,73.00,24.28,40.99
42.31,42.31,75.28,27.01,42.57
41.94,41.94,76.16,22.65,43.14
42.15,42.15,71.47,27.25,38.14
44.84,44.84,74.24,23.06,34.85
45.91,45.91,70.09,17.46,32.18
69.92,69.92,76.62,21.64,39.05
78.24,78.24,72.98,21.95,32.77
76.79,76.79,73.22,17.15,36.04
74.85,74.85,72.15,22.30,33.75
74.32,74.32,76.78,27.18,36.65
74.52,74.52,71.93,22.60,36.74
73.74,73.74,73.12,15.53,38.92
75.26,75.26,67.53,11.11,32.47
73.19,73.19,72.52,11.32,28.18
69.59,69.59,73.98,22.58,23.99
66.17,66.17,85.53,28.71,12.51
66.27,66.27,90.25,28.56,1.00
60.89,60.89,86.55,22.29,10.11
64.64,64.64,84.79,12.02,17.70
67.29,67.29,85.55,14.67,21.74
69.53,69.53,83.92,9.90,25.86
69.71,69.71,85.53,12.97,29.31
70.00,70.00,82.98,7.55,33.00
69.42,69.42,82.56,9.32,34.97
69.14,69.14,75.81,10.23,34.94
68.03,68.03,79.72,14.21,35.62
59.00,59.00,77.78,12.82,37.90
53.27,53.27,87.78,5.94,38.32
55.92,55.92,80.35,7.37,40.29
51.82,51.82,83.39,7.46,38.94
51.44,51.44,76.58,5.33,37.10
69.74,69.74,81.50,4.12,37.38
70.41,70.41,85.24,3.43,41.88
71.20,71.20,86.59,4.45,39.84
70.82,70.82,82.94,10.29,39.01
69.01,69.01,83.76,6.30,34.76
70.06,70.06,82.72,0.24,34.02
71.93,71.93,78.94,0.68,34.09
71.68,71.68,79.99,3.64,37.24
71.25,71.25,82.77,8.67,38.75
70.29,70.29,71.10,10.34,36.65
71.38,71.38,78.54,19.20,39.01
71.71,71.71,77.98,20.15,36.89
70.88,70.88,71.71,20.67,37.72
70.36,70.36,77.25,17.50,36.73
70.34,70.34,72.87,15.70,34.59
71.27,71.27,79.74,14.99,31.46
73.68,73.68,75.22,19.65,35.45
73.94,73.94,79.16,24.30,31.09
74.01,74.01,71.25,21.35,40.43
74.29,74.29,71.75,20.62,35.87
74.04,74.04,75.11,23.30,32.54
71.57,71.57,66.40,23.13,27.67
65.30,65.30,75.90,19.22,29.71
65.35,65.35,73.76,23.14,33.03
58.38,58.38,79.02,16.88,30.24
51.83,51.83,73.65,16.82,26.59
62.36,62.36,78.68,19.38,27.18
76.65,76.65,74.43,15.82,37.46
80.11,80.11,78.43,19.00,37.02
80.31,80.31,74.48,20.10,36.70
78.48,78.48,73.64,27.99,37.15
77.71,77.71,71.50,22.51,35.98
70.93,70.93,74.70,17.95,39.75
65.14,65.14,69.29,19.06,34.60
62.71,62.71,76.84,14.22,30.69
59.97,59.97,70.44,4.87,22.12
53.92,53.92,74.86,0.93,13.83
56.58,56.58,88.42,0.09,14.79
54.65,54.65,92.13,-0.00,15.48
56.45,56.45,87.00,-0.00,17.99
64.58,64.58,87.75,0.10,19.81
76.28,76.28,79.52,2.82,25.35
76.72,76.72,79.28,6.73,32.07
74.30,74.30,83.88,8.73,31.12
73.87,73.87,77.96,13.18,31.69
74.46,74.46,78.63,10.90,34.26
75.23,75.23,79.78,9.30,34.98
73.95,73.95,84.43,7.10,33.99
72.65,72.65,80.83,9.11,34.12
73.11,73.11,84.78,12.35,36.63
71.06,71.06,82.62,6.98,35.17
69.36,69.36,84.34,9.00,34.38
71.52,71.52,81.67,17.33,36.10
71.01,71.01,82.78,18.08,34.02
69.91,69.91,76.97,15.97,34.95
70.93,70.93,69.33,11.37,34.43
69.70,69.70,75.70,10.83,37.26
71.39,71.39,76.46,6.60,34.62
70.93,70.93,75.39,7.74,35.26
70.43,70.43,81.89,10.10,34.81
67.50,67.50,83.93,11.43,35.50
67.98,67.98,82.09,10.95,35.42
63.55,63.55,82.99,8.48,36.31
56.13,56.13,81.03,5.96,37.46
56.33,56.33,84.48,5.75,42.14
52.25,52.25,83.08,6.66,42.06
51.96,51.96,83.28,9.30,42.48
49.20,49.20,78.95,10.18,37.09
55.55,55.55,79.35,11.28,36.73
69.02,69.02,71.85,5.93,30.91
75.69,75.69,75.83,4.69,35.41
74.04,74.04,73.32,10.21,37.13
74.11,74.11,75.65,13.93,38.59
73.86,73.86,73.48,18.04,35.79
72.16,72.16,69.18,15.35,38.42
71.42,71.42,69.55,20.49,39.89
75.20,75.20,76.01,21.11,38.30
72.65,72.65,68.85,15.11,36.50
71.64,71.64,76.16,15.64,35.54
73.23,73.23,65.47,19.01,34.19
71.53,71.53,78.55,17.82,36.87
65.72,65.72,75.39,21.06,38.24
61.73,61.73,74.75,16.77,36.38
57.41,57.41,74.99,22.65,39.61
53.35,53.35,72.74,17.67,42.94
51.98,51.98,75.58,12.64,45.27
47.59,47.59,72.28,19.91,45.05
46.28,46.28,74.49,15.75,44.09
45.73,45.73,66.47,15.20,43.07
44.07,44.07,70.97,8.02,40.72
46.07,46.07,69.81,10.37,32.32
44.92,44.92,79.16,20.23,18.04
58.09,58.09,90.71,26.53,5.46
60.50,60.50,86.95,25.04,9.65
71.81,71.81,87.38,12.08,19.58
74.48,74.48,81.69,5.11,26.57
77.57,77.57,84.40,3.24,27.42
76.52,76.52,83.58,9.99,27.74
74.50,74.50,86.04,12.48,30.27
74.30,74.30,81.92,10.78,30.67
74.25,74.25,84.29,10.62,31.98
74.14,74.14,72.77,14.63,32.54
73.92,73.92,82.79,12.55,29.52
74.63,74.63,78.57,14.35,30.08
74.57,74.57,84.66,13.02,29.80
74.03,74.03,79.65,16.67,31.46
73.69,73.69,85.03,10.81,31.92
73.46,73.46,71.79,10.02,32.44
74.45,74.45,72.56,8.40,31.85
74.87,74.87,83.92,12.03,37.65
75.19,75.19,78.34,12.69,40.92
72.14,72.14,81.38,14.17,36.81
72.89,72.89,75.31,14.43,37.63
73.53,73.53,79.96,11.23,40.56
74.48,74.48,82.46,9.52,40.26
71.62,71.62,82.22,13.36,41.33
63.82,63.82,80.68,16.53,41.60
62.78,62.78,82.22,8.55,40.65
60.43,60.43,82.87,9.40,36.95
68.38,68.38,85.39,11.65,38.24
76.16,76.16,80.25,4.04,39.24
80.74,80.74,78.76,2.28,43.13
81.76,81.76,74.65,10.17,38.60
79.74,79.74,75.21,18.93,36.83
78.89,78.89,69.65,16.00,42.38
77.58,77.58,77.52,19.84,41.60
76.45,76.45,71.15,20.78,39.72
74.56,74.56,73.68,19.81,38.48
74.91,74.91,74.82,19.54,38.65
74.63,74.63,69.71,13.99,35.09
75.32,75.32,74.90,20.81,32.90
75.28,75.28,72.26,16.22,33.02
77.20,77.20,76.32,15.87,38.52
76.39,76.39,71.55,17.34,35.21
72.08,72.08,76.66,16.74,37.91
66.15,66.15,75.21,17.71,36.31
61.02,61.02,75.74,20.34,40.87
55.56,55.56,71.97,14.68,46.13
55.70,55.70,76.38,12.62,52.32
55.82,55.82,74.54,14.12,53.89
55.51,55.51,78.89,12.10,50.84
54.96,54.96,76.79,6.45,51.71
57.90,57.90,76.74,10.54,50.13
51.39,51.39,75.57,4.68,44.86
48.65,48.65,75.75,0.60,32.03
48.79,48.79,73.65,0.10,21.86
54.65,54.65,92.12,0.01,14.98
56.12,56.12,87.37,0.00,16.64
67.48,67.48,85.40,0.04,20.67
79.31,79.31,86.97,2.59,25.00
80.80,80.80,82.40,3.70,34.35
76.79,76.79,76.65,4.50,35.49
76.20,76.20,83.69,0.55,33.92
76.14,76.14,83.92,1.15,37.45
75.58,75.58,84.40,2.37,43.34
74.68,74.68,78.51,2.79,38.59
75.75,75.75,81.57,2.45,36.16
78.11,78.11,77.40,4.28,37.19
66.98,66.98,87.90,4.26,37.48
65.56,65.56,77.25,11.69,38.06
61.85,61.85,85.42,6.91,37.41
58.32,58.32,76.92,8.93,39.36
57.65,57.65,78.19,2.38,36.68
62.90,62.90,81.09,2.00,41.11
73.99,73.99,82.59,3.61,40.92
76.64,76.64,78.67,7.62,37.97
75.39,75.39,80.47,8.74,38.81
74.25,74.25,77.10,4.65,40.09
73.76,73.76,81.46,4.01,41.84
73.79,73.79,82.12,2.53,42.24
69.82,69.82,81.03,8.51,47.60
71.79,71.79,82.91,11.34,43.14
71.83,71.83,82.87,11.91,42.80
68.83,68.83,83.39,12.35,45.51
62.32,62.32,80.07,7.28,43.78
55.96,55.96,78.48,9.70,43.08
58.82,58.82,77.58,11.21,44.67
62.58,62.58,79.38,14.02,46.66
64.18,64.18,73.15,13.66,48.37
65.91,65.91,78.20,17.05,43.69
68.37,68.37,70.15,19.33,46.19
65.46,65.46,75.61,23.48,45.02
61.29,61.29,74.25,19.76,45.68
54.45,54.45,74.72,22.63,45.64
48.20,48.20,73.20,20.30,46.37
49.50,49.50,73.64,18.95,45.39
52.41,52.41,74.39,22.86,41.82
58.54,58.54,73.58,16.84,42.01
72.35,72.35,64.37,21.85,39.71
78.33,78.33,69.08,15.59,36.70
79.05,79.05,71.50,12.09,35.81
78.90,78.90,75.71,14.96,38.04
76.70,76.70,71.60,12.98,44.88
78.27,78.27,74.76,18.98,47.22
76.58,76.58,72.32,16.46,46.36
75.12,75.12,72.91,13.80,46.66
74.93,74.93,72.91,12.83,41.18
75.57,75.57,68.64,10.00,33.88
74.88,74.88,74.74,9.90,21.16
70.54,70.54,80.76,20.34,13.55
66.95,66.95,93.11,26.96,7.16
65.78,65.78,90.27,27.43,14.26
69.42,69.42,80.46,23.02,24.15
71.80,71.80,77.37,15.17,26.31
73.05,73.05,88.05,15.10,33.31
71.49,71.49,80.07,13.79,32.64
73.27,73.27,83.07,15.18,35.25
71.94,71.94,78.91,21.80,38.31
71.64,71.64,85.82,17.65,37.78
69.75,69.75,79.82,17.23,34.58
70.94,70.94,85.27,14.58,35.49
65.37,65.37,81.13,13.47,35.00
61.68,61.68,87.12,12.91,37.78
53.18,53.18,81.20,15.30,35.72
51.97,51.97,85.73,17.31,32.91
59.59,59.59,78.67,12.13,29.65
73.90,73.90,79.99,8.31,39.24
76.85,76.85,82.63,6.46,35.75
75.53,75.53,79.50,8.18,36.57
76.57,76.57,80.73,8.25,39.42
75.35,75.35,83.20,12.83,42.41
74.28,74.28,74.41,17.65,40.21
74.09,74.09,71.58,17.76,38.75
74.50,74.50,71.61,15.26,42.07
75.84,75.84,79.77,18.13,39.38
76.96,76.96,79.16,18.61,44.24
74.99,74.99,82.17,10.14,38.30
74.47,74.47,80.62,14.18,34.80
73.79,73.79,73.77,12.39,42.91
74.41,74.41,77.59,16.20,40.36
74.87,74.87,74.12,14.71,40.39
75.30,75.30,78.59,15.78,40.61
72.03,72.03,80.35,12.31,40.44
63.92,63.92,76.68,7.21,39.94
65.43,65.43,77.90,10.23,40.11
62.90,62.90,79.65,16.59,41.36
58.29,58.29,80.22,14.59,44.67
56.93,56.93,79.62,18.28,42.59
56.30,56.30,73.69,15.19,39.45
69.61,69.61,76.81,15.41,39.30
73.00,73.00,74.02,20.98,40.18
76.39,76.39,74.46,19.82,39.10
76.55,76.55,66.17,17.59,41.30
76.20,76.20,73.22,18.22,42.37
75.66,75.66,67.53,23.05,38.88
76.85,76.85,72.91,22.19,40.36
76.05,76.05,67.93,21.94,39.29
73.26,73.26,71.01,14.89,37.45
69.94,69.94,66.10,11.81,33.70
68.58,68.58,69.99,10.07,34.06
66.75,66.75,59.87,6.46,26.53
66.96,66.96,71.44,1.96,16.49
61.89,61.89,82.56,4.45,11.96
61.80,61.80,88.71,11.53,11.08
60.02,60.02,90.95,18.44,17.89
66.73,66.73,84.53,22.08,22.58
71.32,71.32,88.33,17.77,21.04
70.95,70.95,82.28,11.26,24.88
73.10,73.10,79.78,15.42,30.26
73.34,73.34,82.63,21.30,32.69
74.18,74.18,77.20,23.47,27.69
74.12,74.12,84.39,22.68,29.92
72.45,72.45,84.15,21.05,33.58
74.20,74.20,85.00,20.40,31.92
71.76,71.76,80.61,15.35,31.91
71.80,71.80,80.82,10.53,34.41
71.19,71.19,82.67,9.47,34.40
71.27,71.27,77.83,10.55,28.24
72.74,72.74,83.17,11.10,30.31
70.93,70.93,77.01,12.32,37.22
71.36,71.36,74.07,7.69,36.49
71.28,71.28,78.77,2.45,33.74
69.77,69.77,75.06,2.25,36.48
70.82,70.82,85.11,6.40,36.28
69.80,69.80,82.61,7.49,32.83
71.93,71.93,85.66,4.29,38.81
69.64,69.64,82.83,1.80,35.59
67.96,67.96,83.35,5.31,33.80
65.04,65.04,82.43,2.96,33.30
61.37,61.37,82.29,7.36,30.67
64.61,64.61,79.31,7.11,33.79
69.64,69.64,78.75,5.95,38.39
72.06,72.06,77.33,11.33,35.27
74.78,74.78,69.32,15.31,36.92
73.57,73.57,77.98,18.08,38.06
73.16,73.16,71.40,23.04,38.43
72.02,72.02,76.78,23.49,34.08
69.79,69.79,75.01,20.08,37.19
66.46,66.46,73.43,25.30,36.98
58.99,58.99,65.38,22.36,37.05
56.30,56.30,70.87,23.96,38.84
53.69,53.69,72.58,23.59,38.77
54.13,54.13,73.43,21.34,40.11
58.43,58.43,73.45,27.40,38.92
63.08,63.08,71.81,26.35,37.30
62.90,62.90,72.50,22.59,37.78
60.82,60.82,74.91,21.11,36.53
59.14,59.14,75.57,19.44,39.70
57.01,57.01,73.25,21.66,38.82
53.37,53.37,77.32,13.81,42.37
49.38,49.38,73.00,18.51,41.62
43.41,43.41,77.88,18.38,40.00
41.23,41.23,74.18,11.01,34.92
37.31,37.31,76.49,3.80,26.15
48.63,48.63,73.26,3.03,15.97
67.42,67.42,90.86,4.76,12.24
66.74,66.74,90.17,8.77,12.84
68.31,68.31,88.97,15.21,16.87
71.31,71.31,86.36,15.26,21.48
75.17,75.17,86.53,11.19,22.40
76.47,76.47,78.71,14.41,26.60
76.02,76.02,84.81,15.63,24.87
76.60,76.60,80.37,16.29,33.12
76.12,76.12,83.21,15.43,31.23
76.92,76.92,81.84,11.85,30.14
78.00,78.00,76.57,9.18,32.93
77.39,77.39,86.32,11.51,29.67
76.42,76.42,80.28,11.71,33.65
75.97,75.97,80.86,10.48,35.22
75.14,75.14,79.80,9.12,38.52
75.24,75.24,80.44,8.66,36.91
76.28,76.28,81.77,11.01,37.37
75.73,75.73,76.33,17.39,34.44
75.51,75.51,79.46,17.26,39.39
74.80,74.80,77.04,14.26,40.34
76.47,76.47,72.91,17.54,37.84
76.64,76.64,85.72,12.32,38.11
75.79,75.79,80.05,15.44,36.09
76.89,76.89,83.17,14.52,36.06
76.90,76.90,81.94,19.50,38.25
78.58,78.58,83.11,11.23,39.51
78.25,78.25,80.88,9.71,38.00
77.65,77.65,84.90,17.74,40.11
73.73,73.73,75.33,14.89,36.15
72.26,72.26,79.13,20.68,39.48
77.32,77.32,73.20,29.12,44.78
77.84,77.84,72.48,27.35,38.93
76.72,76.72,72.94,22.69,42.65
78.12,78.12,71.25,20.30,44.74
78.62,78.62,78.17,18.35,39.53
75.88,75.88,68.99,21.19,38.96
76.44,76.44,77.40,19.23,40.76
75.30,75.30,67.63,17.63,42.69
74.82,74.82,79.03,23.18,41.76
75.42,75.42,63.02,18.40,42.30
76.86,76.86,77.57,18.20,42.61
78.11,78.11,68.99,16.86,41.79
77.86,77.86,78.84,14.72,40.26
78.53,78.53,70.22,15.72,42.69
78.36,78.36,75.79,17.37,42.31
77.03,77.03,65.57,14.37,40.26
69.77,69.77,78.68,15.16,42.66
65.97,65.97,70.88,20.01,42.30
61.61,61.61,80.38,14.81,42.56
59.90,59.90,69.97,12.17,44.46
56.46,56.46,77.15,10.48,41.47
54.54,54.54,69.89,4.95,36.12
64.30,64.30,75.44,2.37,30.02
72.64,72.64,70.73,1.90,20.75
70.07,70.07,89.77,3.01,18.63
65.81,65.81,88.99,2.34,21.61
67.90,67.90,88.73,1.62,25.03
73.47,73.47,84.64,0.25,22.95
75.43,75.43,84.04,3.34,26.92
76.24,76.24,86.87,10.45,33.15
75.61,75.61,77.10,9.54,39.20
78.56,78.56,79.79,13.90,34.48
77.85,77.85,79.90,19.51,35.83
76.40,76.40,74.52,17.34,31.05
75.22,75.22,85.42,16.85,32.28
77.34,77.34,81.54,12.98,38.29
76.29,76.29,74.90,12.12,36.84
75.38,75.38,83.92,14.36,41.44
74.50,74.50,83.88,11.56,42.19
75.19,75.19,81.59,18.86,39.51
74.48,74.48,79.42,12.19,35.69
75.70,75.70,79.85,11.30,39.80
73.15,73.15,83.47,8.50,39.75
75.03,75.03,80.76,9.80,38.64
71.10,71.10,82.34,6.92,39.65
72.31,72.31,83.29,8.70,39.94
67.05,67.05,80.99,8.62,39.25
62.41,62.41,82.70,9.37,35.11
60.34,60.34,79.33,4.15,38.30
58.89,58.89,80.43,9.09,38.51
60.82,60.82,80.26,13.69,40.27
57.94,57.94,76.83,11.92,44.23
56.59,56.59,76.42,7.18,39.78
66.36,66.36,77.50,10.96,42.23
76.90,76.90,69.81,11.28,42.73
80.39,80.39,70.65,14.16,45.25
78.52,78.52,74.30,17.58,47.45
75.81,75.81,65.30,18.49,46.65
75.90,75.90,69.25,18.21,46.00
75.55,75.55,72.84,17.94,40.90
70.83,70.83,72.72,24.61,40.84
63.08,63.08,78.22,27.56,35.47
60.42,60.42,73.54,28.61,33.83
57.12,57.12,75.54,29.96,34.54
56.27,56.27,71.35,30.99,36.00
53.51,53.51,72.50,28.01,35.29
56.64,56.64,72.38,19.54,33.30
67.95,67.95,76.78,17.22,43.26
75.71,75.71,74.71,18.63,39.94
74.47,74.47,75.68,18.85,37.03
71.18,71.18,76.95,14.13,39.91
69.83,69.83,76.01,15.26,32.55
69.61,69.61,76.53,17.25,32.78
69.11,69.11,73.98,16.52,34.64
68.69,68.69,76.25,12.14,35.68
68.27,68.27,70.57,9.11,32.25
68.65,68.65,74.07,4.63,19.36
62.43,62.43,75.74,19.53,13.36
58.29,58.29,92.12,27.60,4.23
56.77,56.77,90.28,26.51,5.68
65.18,65.18,89.34,18.33,12.87
71.46,71.46,84.72,4.29,19.36
69.83,69.83,85.82,0.78,22.77
76.43,76.43,83.72,5.59,25.79
76.83,76.83,84.21,10.27,31.52
76.38,76.38,84.24,8.63,34.74
76.17,76.17,76.75,1.83,35.60
75.84,75.84,79.20,3.90,33.88
75.42,75.42,79.50,7.74,32.45
74.14,74.14,81.25,8.60,31.74
76.33,76.33,77.82,9.78,32.57
76.18,76.18,84.05,13.99,33.21
70.05,70.05,74.88,12.92,31.36
67.58,67.58,73.13,12.08,33.24
64.35,64.35,84.37,5.33,31.74
63.94,63.94,79.25,4.74,31.47
58.20,58.20,82.74,6.42,36.61
57.77,57.77,76.58,10.09,34.51
53.55,53.55,79.33,10.66,32.43
67.54,67.54,79.06,8.08,32.15
78.66,78.66,84.58,6.02,34.04
80.64,80.64,78.91,2.51,37.73
78.71,78.71,82.98,5.85,34.46
75.48,75.48,75.44,6.69,37.68
75.80,75.80,82.13,4.39,37.98
77.54,77.54,77.09,5.50,39.27
77.59,77.59,78.75,8.03,43.61
71.21,71.21,78.36,9.26,39.93
68.19,68.19,76.80,9.97,37.85
71.35,71.35,81.99,11.90,40.82
71.90,71.90,75.15,15.25,44.08
71.62,71.62,81.95,15.97,37.11
69.34,69.34,76.63,15.47,35.52
70.15,70.15,82.75,13.35,31.07
70.20,70.20,78.52,16.21,38.23
71.46,71.46,78.89,17.80,36.67
72.97,72.97,76.15,17.46,37.47
73.39,73.39,78.67,17.43,38.30
74.52,74.52,74.56,14.51,40.60
78.86,78.86,75.48,18.42,39.58
77.95,77.95,68.64,17.89,38.41
77.58,77.58,74.92,16.31,37.14
78.06,78.06,72.85,17.63,35.23
78.60,78.60,73.91,18.92,36.53
77.19,77.19,69.45,17.50,36.23
77.33,77.33,77.01,15.26,43.64
78.17,78.17,72.74,13.52,44.10
77.06,77.06,72.94,6.90,40.79
76.84,76.84,72.74,2.77,35.60
77.00,77.00,69.96,1.04,29.89
75.31,75.31,72.96,0.05,26.76
70.42,70.42,90.64,4.42,19.11
71.93,71.93,90.82,12.07,18.56
71.47,71.47,91.47,15.62,23.86
73.33,73.33,81.20,14.59,26.66
73.13,73.13,87.37,11.21,27.25
75.02,75.02,80.72,4.65,31.43
75.96,75.96,87.70,0.46,32.65
76.23,76.23,78.32,0.24,30.24
74.49,74.49,83.44,0.14,29.21
75.72,75.72,76.48,2.42,33.36
75.42,75.42,79.27,2.71,32.01
76.40,76.40,78.70,2.93,32.57
77.15,77.15,86.30,4.62,33.43
78.15,78.15,79.51,0.64,35.54
78.11,78.11,82.83,4.67,36.19
75.20,75.20,81.17,2.58,37.87
74.45,74.45,79.47,0.48,36.58
74.68,74.68,79.10,0.44,35.05
72.13,72.13,80.95,3.10,35.39
72.19,72.19,73.60,4.10,36.88
73.28,73.28,81.89,4.51,38.94
71.90,71.90,72.61,1.67,39.57
71.93,71.93,80.68,0.48,37.05
71.32,71.32,79.61,0.09,39.19
71.45,71.45,81.18,0.29,37.02
64.53,64.53,82.96,0.10,39.44
65.53,65.53,81.43,0.28,35.69
63.33,63.33,84.74,0.15,37.87
64.40,64.40,83.44,3.15,36.25
60.40,60.40,82.13,8.20,38.66
62.71,62.71,79.87,9.68,39.36
66.05,66.05,81.18,16.02,36.87
71.70,71.70,76.60,13.25,41.77
77.59,77.59,80.55,8.71,41.82
77.87,77.87,70.13,12.70,39.33
77.30,77.30,79.07,11.31,40.02
75.55,75.55,74.26,13.38,43.29
75.12,75.12,74.78,12.98,39.22
69.34,69.34,68.43,18.27,37.84
62.33,62.33,72.06,26.90,38.43
55.41,55.41,71.68,29.90,39.25
56.58,56.58,70.51,30.49,38.62
54.76,54.76,76.42,30.68,36.75
64.86,64.86,70.76,28.77,36.32
73.72,73.72,74.52,21.15,35.12
75.17,75.17,70.38,14.68,36.54
75.23,75.23,73.87,16.70,37.29
75.19,75.19,67.58,10.78,38.16
75.40,75.40,74.76,16.95,38.39
75.80,75.80,71.62,11.24,37.62
71.08,71.08,76.79,7.18,38.54
65.87,65.87,71.37,6.00,29.29
55.62,55.62,77.26,1.12,16.59
48.80,48.80,75.96,0.01,7.15
50.51,50.51,90.50,0.08,9.01
50.15,50.15,91.34,-0.00,15.73
54.26,54.26,88.00,-0.00,19.71
58.79,58.79,82.89,-0.00,23.77
74.33,74.33,86.00,-0.00,22.57
78.07,78.07,80.21,-0.00,25.08
76.92,76.92,84.76,-0.00,30.50
79.23,79.23,83.79,-0.00,32.08
79.83,79.83,78.87,-0.00,32.07
76.70,76.70,81.95,-0.00,35.60
76.41,76.41,76.96,-0.00,33.48
76.49,76.49,85.04,-0.00,32.33
76.57,76.57,76.63,-0.00,31.13
73.78,73.78,86.46,-0.00,35.77
73.47,73.47,81.33,-0.00,36.89
75.39,75.39,84.39,1.20,33.60
76.58,76.58,80.32,3.02,37.10
76.35,76.35,69.39,2.57,42.16
76.33,76.33,80.94,0.87,42.26
76.83,76.83,71.42,-0.00,37.20
76.59,76.59,78.48,-0.00,38.59
76.29,76.29,79.96,-0.00,39.67
75.58,75.58,82.78,-0.00,35.52
74.81,74.81,79.89,-0.00,35.67
74.31,74.31,83.82,-0.00,32.03
74.22,74.22,80.91,-0.00,31.44
75.10,75.10,83.03,-0.00,32.39
75.10,75.10,82.18,0.01,38.64
74.99,74.99,82.14,0.23,34.83
77.02,77.02,74.78,1.82,38.88
77.11,77.11,82.12,4.70,39.70
74.77,74.77,68.13,4.91,41.48
75.64,75.64,79.13,4.76,44.28
74.66,74.66,72.88,5.79,39.76
75.50,75.50,77.48,10.72,40.99
73.96,73.96,76.31,11.68,36.94
68.50,68.50,75.10,7.88,37.15
66.17,66.17,78.96,6.99,37.89
67.74,67.74,72.29,8.85,36.80
70.34,70.34,76.60,11.07,41.04
71.21,71.21,72.58,7.25,37.73
72.45,72.45,74.97,7.91,36.59
71.62,71.62,68.19,6.13,37.89
69.11,69.11,75.49,5.58,37.67
66.25,66.25,71.22,6.64,37.06
60.09,60.09,75.62,6.22,38.29
56.24,56.24,70.18,6.09,37.18
49.77,49.77,75.85,4.49,37.93
49.72,49.72,76.51,6.32,39.99
49.34,49.34,77.75,5.83,41.17
47.76,47.76,74.86,1.63,40.81
47.23,47.23,77.88,0.05,39.25
41.05,41.05,71.46,-0.00,29.39
33.98,33.98,76.70,-0.00,17.72
34.77,34.77,83.12,0.01,15.03
18.38,18.38,91.85,-0.00,10.36
30.46,30.46,89.42,-0.00,17.33
34.17,34.17,81.49,-0.00,25.18
35.10,35.10,84.33,-0.00,31.19
36.94,36.94,80.18,0.12,35.55
40.88,40.88,82.82,0.31,33.74
39.63,39.63,83.71,0.00,37.06
39.42,39.42,80.74,-0.00,39.07
38.62,38.62,82.98,-0.00,38.46
40.09,40.09,79.22,-0.00,39.95
39.83,39.83,81.19,-0.00,41.25
41.39,41.39,82.28,-0.00,41.36
38.49,38.49,84.56,0.05,39.39
40.55,40.55,79.59,4.20,38.44
41.20,41.20,81.71,7.13,42.89
42.72,42.72,79.72,5.62,43.81
44.90,44.90,79.50,0.87,43.98
48.42,48.42,83.41,-0.00,43.53
50.09,50.09,74.75,-0.00,43.32
52.02,52.02,82.16,-0.00,41.46
54.68,54.68,78.99,-0.00,37.37
57.31,57.31,80.88,-0.00,38.53
60.06,60.06,81.23,-0.00,36.52
62.07,62.07,83.15,-0.00,38.55
63.32,63.32,79.56,-0.00,37.46
64.52,64.52,83.45,-0.00,37.50
64.22,64.22,78.32,-0.00,36.94
64.71,64.71,82.31,-0.00,37.40
65.56,65.56,75.50,0.76,36.83
64.54,64.54,77.64,3.51,33.34
64.91,64.91,68.19,7.29,34.56
62.40,62.40,75.59,5.62,36.38
61.01,61.01,74.09,2.95,36.52
58.79,58.79,76.44,6.30,38.00
46.55,46.55,72.75,3.57,36.78
42.78,42.78,76.33,4.32,40.21
46.67,46.67,72.96,5.96,38.88
37.80,37.80,74.02,9.95,40.45
38.29,38.29,75.66,8.00,35.73
33.97,33.97,72.37,10.26,35.74
35.58,35.58,75.39,12.70,37.02
37.42,37.42,68.22,10.27,44.06
37.28,37.28,79.61,8.44,44.01
40.62,40.62,74.20,6.36,44.62
33.91,33.91,74.39,4.68,40.53
25.93,25.93,66.29,1.03,39.29
16.85,16.85,77.39,-0.00,35.02
18.37,18.37,70.50,-0.00,39.78
18.57,18.57,77.15,-0.00,33.38
22.62,22.62,68.08,0.01,37.73
29.42,29.42,75.84,-0.00,28.94
30.29,30.29,67.54,-0.00,23.65
42.89,42.89,76.13,0.43,20.13
64.84,64.84,81.39,4.82,23.35
65.24,65.24,91.25,10.17,24.51
68.31,68.31,88.48,8.96,31.21
73.06,73.06,83.46,2.27,35.59
74.07,74.07,85.44,-0.00,39.40
75.44,75.44,80.52,-0.00,38.87
75.12,75.12,83.00,-0.00,38.60
76.17,76.17,79.93,0.00,40.19
76.09,76.09,79.09,0.45,40.69
76.45,76.45,75.93,0.75,40.86
74.38,74.38,81.00,0.06,40.59
74.74,74.74,77.78,-0.00,41.89
75.55,75.55,85.34,0.05,40.53
74.96,74.96,75.74,3.38,39.10
73.89,73.89,86.81,3.39,39.94
73.45,73.45,76.18,3.90,40.44
75.46,75.46,83.29,0.81,42.53
74.10,74.10,82.35,-0.00,44.88
73.20,73.20,84.78,-0.00,42.96
74.16,74.16,79.77,-0.00,40.25
73.36,73.36,84.86,-0.00,43.30
76.71,76.71,80.92,-0.00,42.48
74.49,74.49,81.55,0.03,42.60
76.06,76.06,70.03,0.24,41.52
75.57,75.57,82.40,0.11,43.97
75.69,75.69,73.91,0.06,42.54
74.59,74.59,74.29,-0.00,43.21
75.95,75.95,81.21,0.00,43.44
73.88,73.88,70.09,-0.00,45.24
72.61,72.61,75.23,0.00,45.08
71.75,71.75,67.59,-0.00,45.65
73.26,73.26,82.10,-0.00,45.81
71.93,71.93,74.42,-0.00,44.26
72.26,72.26,81.15,-0.00,45.17
72.03,72.03,70.91,-0.00,43.86
73.31,73.31,78.11,-0.00,45.36
74.70,74.70,70.65,0.01,42.20
75.30,75.30,82.31,0.08,39.06
74.54,74.54,72.17,0.46,37.37
73.57,73.57,80.87,0.39,41.40
74.49,74.49,73.01,-0.00,42.54
74.79,74.79,77.59,0.19,41.81
73.35,73.35,75.04,2.05,43.56
71.01,71.01,76.31,3.78,40.35
73.47,73.47,67.93,2.92,38.46
73.97,73.97,77.09,3.95,39.88
73.26,73.26,70.47,2.79,41.26
73.09,73.09,76.74,1.76,38.94
73.77,73.77,72.35,1.99,40.84
74.09,74.09,71.15,4.42,40.44
73.99,73.99,72.45,4.84,39.86
72.33,72.33,75.05,0.73,33.90
70.54,70.54,76.11,7.30,25.52
66.27,66.27,89.71,16.05,17.27
59.69,59.69,89.25,26.74,18.44
67.88,67.88,93.06,36.70,26.01
69.17,69.17,91.12,40.12,30.00
68.53,68.53,80.17,32.23,27.50
73.24,73.24,83.94,24.38,29.11
72.28,72.28,80.63,21.12,28.78
72.86,72.86,83.92,23.39,32.33
72.97,72.97,74.24,18.49,39.81
74.58,74.58,81.26,11.48,38.21
73.83,73.83,78.35,9.33,36.71
75.58,75.58,86.33,7.27,39.02
73.28,73.28,76.72,0.40,39.41
73.81,73.81,86.72,0.00,37.58
73.95,73.95,76.11,2.51,35.98
72.01,72.01,81.48,5.56,34.71
71.38,71.38,85.15,9.02,32.67
69.46,69.46,83.81,12.08,31.57
69.15,69.15,83.44,8.39,37.04
70.59,70.59,82.04,1.08,34.73
71.27,71.27,82.14,-0.00,38.38
70.81,70.81,77.98,-0.00,39.57
70.78,70.78,75.75,3.11,38.55
69.89,69.89,78.94,11.77,33.81
70.38,70.38,76.97,22.21,29.95
70.46,70.46,80.82,22.91,27.26
66.60,66.60,73.33,20.12,31.96
61.58,61.58,90.69,32.94,33.09
52.41,52.41,83.61,38.14,27.84
53.25,53.25,79.48,49.81,29.36
58.48,58.48,76.14,56.36,32.87
65.82,65.82,79.24,67.87,44.55
72.21,72.21,74.78,77.78,43.05
73.24,73.24,75.64,75.55,42.88
73.44,73.44,74.86,74.90,47.80
73.44,73.44,76.71,76.39,45.38
74.14,74.14,74.94,74.64,41.37
73.63,73.63,74.87,74.29,41.81
71.62,71.62,74.59,75.51,42.58
73.02,73.02,75.35,77.20,42.68
72.11,72.11,73.10,74.11,46.24
72.60,72.60,73.95,71.43,43.83
70.61,70.61,73.50,70.12,39.99
66.53,66.53,72.53,75.52,39.49
62.49,62.49,72.08,77.19,41.63
60.95,60.95,72.94,79.58,47.27
59.88,59.88,71.77,77.13,46.26
59.15,59.15,71.64,76.61,48.53
58.82,58.82,70.72,80.05,46.91
60.04,60.04,69.95,78.04,45.79
56.43,56.43,69.10,81.78,46.21
52.34,52.34,69.00,81.69,44.95
50.44,50.44,71.91,81.12,51.74
57.25,57.25,79.35,81.63,59.45
63.44,63.44,91.08,80.52,62.70
71.23,71.23,77.33,76.04,59.79
74.13,74.13,83.21,73.77,67.69
73.26,73.26,80.50,75.21,68.52
75.60,75.60,77.77,75.99,69.91
73.60,73.60,77.74,76.08,67.71
74.48,74.48,76.12,77.90,68.23
75.12,75.12,77.28,78.77,67.05
74.95,74.95,72.83,80.83,68.63
75.99,75.99,74.27,79.39,68.30
74.48,74.48,72.43,81.25,68.61
75.05,75.05,72.86,78.30,68.16
65.58,65.58,73.82,81.97,69.36
58.21,58.21,73.15,77.51,67.40
56.53,56.53,72.75,80.96,67.99
56.37,56.37,73.99,79.44,68.68
51.17,51.17,74.06,77.73,68.25
51.20,51.20,74.09,78.31,67.77
50.31,50.31,72.64,80.29,68.76
52.86,52.86,72.09,81.08,69.19
50.05,50.05,72.13,79.14,68.85
46.07,46.07,71.05,81.21,69.76
44.60,44.60,69.55,80.77,69.75
47.67,47.67,69.96,81.07,68.04
50.92,50.92,70.67,78.40,63.70
52.56,52.56,72.21,79.20,60.00
58.86,58.86,86.43,77.98,58.01
60.18,60.18,82.47,78.22,57.48
62.25,62.25,78.67,81.95,57.63
69.10,69.10,75.58,84.58,57.93
76.27,76.27,75.28,73.80,60.24
78.88,78.88,72.90,68.04,59.99
79.09,79.09,70.79,76.89,59.57
77.60,77.60,70.53,68.32,60.08
76.21,76.21,70.29,66.97,61.38
77.67,77.67,68.20,71.08,65.22
77.51,77.51,66.74,60.05,62.60
77.15,77.15,65.74,73.15,64.04
77.94,77.94,66.00,78.85,63.12
78.02,78.02,66.69,76.23,60.63
73.49,73.49,79.43,76.05,62.00
62.41,62.41,89.58,77.03,58.71
65.03,65.03,84.30,70.14,60.17
70.62,70.62,81.42,71.84,57.23
74.52,74.52,76.30,76.04,58.75
78.00,78.00,78.01,81.35,61.45
75.74,75.74,68.90,83.18,62.86
74.41,74.41,68.28,83.65,61.15
69.48,69.48,65.48,85.21,62.80
63.36,63.36,65.45,83.44,64.38
63.32,63.32,65.80,82.32,63.43
58.40,58.40,64.18,82.34,62.79
59.23,59.23,64.06,79.50,60.89
58.37,58.37,69.50,81.72,59.98
66.79,66.79,75.78,79.03,58.21
67.81,67.81,92.17,79.29,56.07
73.96,73.96,85.02,77.97,57.74
76.67,76.67,84.37,77.92,58.59
77.02,77.02,79.92,78.64,58.49
74.17,74.17,79.57,77.22,60.08
70.48,70.48,74.55,80.35,58.19
72.16,72.16,69.40,80.82,58.68
71.42,71.42,68.75,84.18,61.21
71.58,71.58,71.73,83.53,62.41
72.03,72.03,67.00,84.08,62.61
70.42,70.42,64.55,83.06,60.43
68.99,68.99,66.79,83.43,60.37
66.33,66.33,75.51,81.96,61.66
67.79,67.79,89.94,81.43,60.43
67.18,67.18,82.93,71.80,59.43
68.14,68.14,75.35,74.64,60.90
66.99,66.99,71.20,75.58,62.42
67.40,67.40,75.98,73.10,63.82
69.01,69.01,74.29,76.07,63.57
67.52,67.52,78.71,78.82,61.61
66.08,66.08,74.13,80.68,60.47
71.71,71.71,62.73,80.70,62.19
74.75,74.75,63.56,80.09,58.58
73.89,73.89,60.27,80.34,57.27
70.56,70.56,65.80,79.13,54.02
69.78,69.78,71.53,78.98,50.49
66.25,66.25,87.38,73.50,53.60
65.82,65.82,80.00,81.24,47.62
66.55,66.55,76.24,71.94,45.01
70.65,70.65,74.83,71.48,46.95
68.40,68.40,73.43,78.75,47.82
66.85,66.85,72.48,78.52,49.10
65.86,65.86,70.34,78.18,49.88
65.49,65.49,67.98,81.01,52.62
68.34,68.34,64.98,79.16,53.24
66.99,66.99,61.84,81.70,56.31
66.03,66.03,59.68,81.71,56.21
68.36,68.36,61.13,81.78,57.97
69.63,69.63,62.48,81.60,58.00
69.32,69.32,69.92,82.76,56.47
69.38,69.38,89.00,78.70,56.11
67.66,67.66,88.31,73.19,54.91
68.63,68.63,87.98,70.66,49.81
68.16,68.16,80.86,76.09,49.28
72.25,72.25,78.67,75.35,44.62
77.41,77.41,75.79,74.91,44.52
75.22,75.22,71.59,69.30,42.82
76.29,76.29,71.02,69.18,43.90
77.60,77.60,67.24,68.21,44.93
78.51,78.51,67.11,78.25,48.60
75.28,75.28,70.08,76.48,46.43
75.98,75.98,65.83,76.02,46.04
77.20,77.20,67.46,69.08,50.16
72.72,72.72,90.93,77.00,59.80
61.59,61.59,82.58,75.38,60.87
66.23,66.23,73.74,78.93,71.77
64.27,64.27,75.24,82.05,72.29
59.86,59.86,76.85,80.99,70.34
61.44,61.44,71.11,80.68,71.61
61.49,61.49,75.59,78.14,70.40
60.01,60.01,73.57,82.33,69.25
57.97,57.97,66.03,83.04,68.41
57.28,57.28,64.74,82.72,66.87
55.97,55.97,62.13,81.32,69.53
59.28,59.28,67.32,81.66,68.13
61.79,61.79,77.02,76.24,67.32
66.52,66.52,87.71,74.20,66.41
67.10,67.10,82.05,68.32,64.92
78.67,78.67,78.80,68.13,66.84
80.02,80.02,74.22,73.47,68.92
79.42,79.42,79.65,79.06,68.98
78.55,78.55,72.64,77.39,69.24
76.82,76.82,78.51,80.24,67.21
77.64,77.64,74.56,81.29,65.28
78.45,78.45,67.58,82.06,63.63
78.62,78.62,62.57,81.62,64.80
79.00,79.00,59.57,82.54,64.57
76.59,76.59,61.02,81.55,64.63
76.86,76.86,69.17,80.17,63.34
73.43,73.43,78.69,78.62,60.30
63.38,63.38,87.99,76.13,58.39
57.37,57.37,78.25,78.79,58.92
55.52,55.52,77.88,82.30,60.42
55.87,55.87,75.57,79.99,62.48
54.10,54.10,76.89,82.20,65.59
53.98,53.98,73.96,82.56,68.16
53.55,53.55,71.71,80.96,66.05
53.51,53.51,71.37,72.15,66.18
52.75,52.75,68.68,73.77,65.49
53.96,53.96,68.05,68.27,68.84
53.34,53.34,67.20,76.79,65.15
54.87,54.87,69.37,73.85,63.57
59.15,59.15,77.27,67.54,60.00
69.95,69.95,91.90,70.08,55.53
80.57,80.57,85.55,59.64,59.21
79.00,79.00,85.21,65.27,60.77
77.18,77.18,78.38,76.73,61.46
75.24,75.24,76.06,77.35,64.92
68.84,68.84,75.28,73.81,65.39
67.06,67.06,71.85,71.65,65.35
65.72,65.72,68.85,72.46,65.77
61.06,61.06,67.68,78.55,65.55
59.50,59.50,66.99,76.76,68.40
64.03,64.03,61.54,81.77,68.07
64.23,64.23,58.75,81.80,66.79
56.78,56.78,62.99,81.34,62.62
62.84,62.84,71.70,81.37,59.80
70.30,70.30,90.25,83.29,57.26
66.82,66.82,81.19,80.69,58.86
77.46,77.46,74.94,77.57,57.44
78.22,78.22,74.89,78.50,56.48
76.45,76.45,74.65,78.39,55.91
77.10,77.10,72.50,79.70,55.71
75.83,75.83,75.17,81.30,56.44
73.11,73.11,70.42,81.78,54.81
72.58,72.58,64.24,83.66,56.21
71.66,71.66,62.51,78.47,54.75
69.86,69.86,65.11,82.99,56.97
71.44,71.44,69.48,81.82,58.07
72.14,72.14,74.53,82.98,60.79
68.25,68.25,90.42,81.00,57.12
68.84,68.84,84.27,74.91,54.49
69.29,69.29,84.43,77.00,57.26
69.85,69.85,82.33,73.76,57.87
69.44,69.44,78.43,76.74,59.20
71.12,71.12,73.91,73.52,58.83
70.67,70.67,74.72,74.91,59.77
75.43,75.43,69.46,78.19,59.62
75.38,75.38,67.51,77.59,59.07
72.62,72.62,64.91,78.06,58.81
71.63,71.63,58.45,79.36,58.59
72.38,72.38,62.18,79.18,57.31
69.52,69.52,68.40,73.28,49.97
70.36,70.36,82.33,75.06,49.16
68.75,68.75,86.42,71.64,50.14
65.31,65.31,79.89,76.12,49.86
69.14,69.14,77.62,77.10,50.46
73.37,73.37,77.31,76.34,50.59
73.81,73.81,76.04,81.56,54.46
74.58,74.58,74.05,78.13,50.35
76.00,76.00,74.43,81.47,50.65
75.03,75.03,75.26,80.02,48.58
71.13,71.13,72.99,78.51,46.93
72.05,72.05,72.95,80.06,45.85
72.65,72.65,73.26,78.18,46.81
73.42,73.42,80.91,80.26,43.75
70.33,70.33,89.81,77.09,42.71
66.80,66.80,85.50,74.87,43.53
63.44,63.44,81.69,70.23,49.92
60.56,60.56,76.51,75.74,51.14
59.03,59.03,78.01,83.90,53.07
60.11,60.11,77.29,84.57,54.03
59.32,59.32,75.98,83.92,54.24
59.83,59.83,74.24,85.37,53.07
57.41,57.41,74.66,85.32,57.17
56.45,56.45,73.67,85.47,57.74
53.08,53.08,71.75,82.04,58.32
53.20,53.20,71.61,85.73,58.62
54.51,54.51,71.44,86.84,59.47
59.04,59.04,71.95,85.06,60.00
64.85,64.85,80.63,84.03,62.28
66.68,66.68,89.02,79.05,63.69
76.27,76.27,82.46,72.78,69.73
76.66,76.66,84.15,70.63,71.11
76.54,76.54,78.84,76.24,71.81
76.54,76.54,81.99,81.04,67.27
74.78,74.78,74.75,81.02,71.35
75.60,75.60,73.63,81.07,68.75
76.36,76.36,73.03,81.05,70.03
77.89,77.89,68.99,81.25,69.24
77.85,77.85,63.62,81.69,72.14
78.73,78.73,62.44,81.97,69.89
79.38,79.38,68.10,82.41,70.89
76.61,76.61,69.04,82.22,68.63
75.63,75.63,88.16,80.86,68.23
76.22,76.22,82.56,75.11,66.37
78.37,78.37,77.51,67.16,67.54
76.90,76.90,76.98,79.80,68.30
76.76,76.76,80.76,80.08,68.29
77.38,77.38,70.66,81.28,66.85
77.28,77.28,76.00,81.76,67.20
76.55,76.55,75.50,82.72,67.82
76.46,76.46,63.88,83.36,66.77
76.10,76.10,63.72,83.49,66.36
77.11,77.11,60.22,83.48,66.73
77.28,77.28,63.04,84.62,64.91
75.42,75.42,64.62,83.89,62.76
73.76,73.76,76.46,81.44,59.97
67.16,67.16,88.55,77.71,59.17
73.05,73.05,78.88,76.64,58.44
77.48,77.48,76.37,74.35,60.39
76.65,76.65,74.04,81.50,64.12
74.32,74.32,73.69,77.59,63.13
76.92,76.92,71.37,77.63,62.07
77.12,77.12,71.43,77.88,65.37
78.77,78.77,70.32,75.91,67.09
77.05,77.05,66.94,69.28,66.82
76.39,76.39,64.05,82.62,67.05
71.49,71.49,61.90,78.85,65.94
71.28,71.28,61.84,75.89,65.66
69.71,69.71,68.39,72.09,63.46
70.21,70.21,84.70,73.12,62.18
73.50,73.50,90.15,75.10,59.71
75.87,75.87,85.35,75.20,59.67
72.77,72.77,84.86,77.04,61.65
73.93,73.93,75.80,78.66,61.37
76.35,76.35,76.85,79.87,61.82
75.36,75.36,72.62,80.82,63.62
70.69,70.69,70.81,77.71,64.09
63.27,63.27,68.24,77.19,63.65
60.67,60.67,66.61,83.39,64.54
60.37,60.37,70.77,83.21,64.29
59.18,59.18,61.49,83.67,65.10
57.21,57.21,72.78,82.63,62.95
65.11,65.11,82.14,80.79,64.95
66.84,66.84,90.15,81.29,60.01
78.78,78.78,76.90,81.78,58.78
78.15,78.15,76.00,82.03,60.20
78.67,78.67,74.64,82.22,59.77
75.58,75.58,74.07,83.40,59.32
74.13,74.13,77.79,84.15,60.78
74.46,74.46,76.78,84.82,59.98
73.97,73.97,69.71,85.53,60.58
73.88,73.88,64.26,86.17,59.85
69.56,69.56,61.60,86.20,61.27
72.89,72.89,60.96,86.14,58.68
71.38,71.38,64.58,86.57,58.12
71.35,71.35,76.76,85.33,59.75
67.83,67.83,91.43,79.07,57.33
66.85,66.85,80.25,71.16,59.87
70.32,70.32,76.75,76.60,59.67
72.04,72.04,74.38,78.18,58.06
73.44,73.44,74.88,82.48,59.31
73.77,73.77,78.51,80.76,58.28
71.20,71.20,76.64,80.30,58.00
71.19,71.19,74.27,81.00,58.53
65.31,65.31,65.37,82.28,58.77
60.97,60.97,60.08,77.85,58.21
55.24,55.24,58.51,82.59,58.97
51.19,51.19,65.92,84.57,54.80
47.59,47.59,70.58,77.88,50.09
56.38,56.38,86.87,76.57,51.01
57.85,57.85,83.55,81.07,55.17
62.29,62.29,79.65,76.94,54.08
73.41,73.41,76.64,82.21,54.39
69.89,69.89,75.27,82.10,55.39
57.50,57.50,73.73,81.59,56.74
54.64,54.64,71.56,82.42,56.52
51.07,51.07,71.94,82.83,58.55
47.49,47.49,69.70,82.72,59.65
48.00,48.00,67.25,82.37,61.28
45.67,45.67,66.26,83.29,60.24
44.99,44.99,64.48,83.06,58.04
48.54,48.54,66.92,83.05,57.93
61.17,61.17,80.95,82.79,58.22
66.87,66.87,89.57,81.80,52.77
74.92,74.92,86.40,74.84,52.72
78.12,78.12,82.71,73.50,49.99
77.65,77.65,76.86,79.98,52.88
77.78,77.78,77.18,80.08,51.47
77.77,77.77,70.39,80.38,51.80
76.08,76.08,68.90,78.81,48.89
76.57,76.57,65.24,76.23,46.36
75.22,75.22,64.64,76.68,46.06
76.46,76.46,67.25,70.29,47.86
75.77,75.77,63.21,82.96,47.19
68.02,68.02,62.34,82.11,49.73
61.62,61.62,67.46,79.46,55.07
60.41,60.41,76.59,75.84,63.40
57.20,57.20,91.74,75.22,66.48
59.64,59.64,85.18,74.85,72.23
59.99,59.99,76.12,81.36,72.62
62.09,62.09,76.25,81.42,70.16
67.45,67.45,74.34,81.40,71.66
71.85,71.85,75.09,82.00,70.00
70.67,70.67,77.09,81.80,70.19
72.34,72.34,73.08,82.02,70.16
71.00,71.00,61.37,82.74,71.89
70.29,70.29,65.82,83.23,69.16
68.63,68.63,62.54,83.24,70.63
59.06,59.06,69.58,83.08,69.26
59.65,59.65,81.88,81.46,68.82
62.85,62.85,90.96,74.88,67.64
67.55,67.55,81.28,69.20,65.93
75.25,75.25,76.97,81.36,66.92
79.02,79.02,74.18,82.55,64.18
78.69,78.69,74.54,82.63,66.59
77.97,77.97,77.80,83.63,63.97
77.07,77.07,76.50,83.81,65.26
76.34,76.34,76.26,83.53,64.81
77.24,77.24,61.35,84.04,65.61
77.56,77.56,61.60,84.72,62.52
77.33,77.33,56.99,84.67,66.47
78.34,78.34,62.75,85.24,65.14
76.48,76.48,66.70,85.54,62.44
74.04,74.04,78.63,81.12,61.72
73.57,73.57,85.98,79.66,60.96
73.97,73.97,78.22,74.40,60.39
75.65,75.65,77.02,72.00,60.85
74.60,74.60,74.88,85.92,63.03
73.09,73.09,72.71,82.07,64.64
74.20,74.20,71.14,80.90,66.78
71.18,71.18,71.37,79.39,65.10
73.44,73.44,70.10,73.80,64.18
75.47,75.47,68.23,70.37,65.18
76.09,76.09,65.70,77.30,65.45
78.14,78.14,64.09,83.13,65.12
72.90,72.90,63.60,79.26,65.26
75.64,75.64,67.05,78.39,63.32
72.74,72.74,80.80,72.10,63.94
66.79,66.79,77.21,77.36,62.56
63.54,63.54,75.61,73.32,63.09
68.22,68.22,73.14,84.06,61.84
72.56,72.56,72.55,84.37,61.65
75.08,75.08,70.29,82.80,60.35
73.97,73.97,66.38,80.92,62.02
72.58,72.58,65.85,79.18,61.61
73.59,73.59,65.43,82.70,63.80
73.02,73.02,62.37,85.88,63.30
73.59,73.59,63.19,83.92,61.48
73.89,73.89,59.33,84.64,61.70
71.85,71.85,64.74,84.68,60.88
74.94,74.94,72.65,84.25,59.19
69.06,69.06,90.52,83.39,57.53
69.34,69.34,83.01,80.74,59.25
71.84,71.84,84.81,81.17,60.67
70.82,70.82,80.86,82.10,61.27
72.63,72.63,81.32,82.56,60.33
73.68,73.68,76.34,82.29,59.67
73.21,73.21,73.49,83.14,62.87
72.93,72.93,72.40,83.51,61.54
75.43,75.43,68.73,83.29,60.50
74.71,74.71,67.26,83.22,61.52
75.28,75.28,59.03,83.45,59.49
73.46,73.46,66.91,83.69,59.17
71.84,71.84,70.23,83.18,56.03
73.87,73.87,89.21,78.78,59.12
71.16,71.16,84.56,65.39,59.58
75.66,75.66,74.43,78.01,58.78
75.41,75.41,72.41,75.83,59.85
76.53,76.53,76.52,81.32,59.17
73.62,73.62,74.32,83.26,58.04
63.74,63.74,78.74,82.62,58.92
59.75,59.75,75.77,84.20,59.02
57.25,57.25,64.83,83.95,59.66
58.26,58.26,66.77,84.33,58.80
52.66,52.66,59.84,84.76,58.71
51.96,51.96,64.42,84.40,53.50
54.22,54.22,73.63,84.35,52.14
65.16,65.16,87.82,80.40,52.41
71.09,71.09,79.63,80.49,54.92
77.08,77.08,76.77,74.87,55.79
78.77,78.77,74.93,72.54,54.02
78.68,78.68,75.17,80.90,57.21
76.74,76.74,74.97,80.39,57.21
77.47,77.47,72.95,82.36,56.95
72.28,72.28,72.91,82.22,55.97
63.90,63.90,73.31,82.57,55.88
58.70,58.70,73.07,83.50,56.42
58.25,58.25,72.40,82.36,58.39
53.41,53.41,72.91,82.60,55.93
56.51,56.51,72.92,82.85,57.58
64.02,64.02,71.63,83.12,58.13
67.67,67.67,75.22,78.02,56.98
74.99,74.99,77.25,80.30,58.08
69.49,69.49,75.23,85.81,56.16
62.31,62.31,76.23,84.39,54.73
59.88,59.88,74.55,84.86,56.66
57.65,57.65,74.40,84.50,58.91
56.44,56.44,72.59,85.93,54.94
54.26,54.26,73.50,85.22,60.02
52.06,52.06,73.29,85.75,59.11
50.53,50.53,71.43,85.44,58.10
53.40,53.40,71.69,84.36,58.84
57.93,57.93,71.15,83.83,58.19
64.25,64.25,72.67,83.99,62.74
68.60,68.60,89.81,80.17,67.05
80.11,80.11,81.50,71.50,69.46
81.30,81.30,85.86,69.11,68.86
79.58,79.58,83.78,71.57,66.57
74.54,74.54,77.96,65.55,65.11
73.01,73.01,79.82,73.50,66.75
73.43,73.43,73.35,71.27,66.29
72.86,72.86,70.97,75.89,67.25
75.13,75.13,68.69,76.56,67.07
75.46,75.46,66.40,77.35,67.44
75.66,75.66,63.78,77.10,67.69
75.09,75.09,65.21,76.76,66.37
75.14,75.14,74.62,72.09,66.80
74.57,74.57,85.57,69.47,66.63
73.26,73.26,86.65,68.65,62.95
73.32,73.32,73.52,69.89,64.68
75.58,75.58,79.73,69.33,63.58
75.69,75.69,78.38,71.92,64.54
76.36,76.36,76.21,76.81,66.42
75.88,75.88,75.33,75.93,65.35
72.87,72.87,78.01,78.55,65.38
73.38,73.38,68.13,79.36,65.38
74.98,74.98,60.44,79.28,65.83
73.50,73.50,60.00,80.31,67.02
73.89,73.89,63.50,81.40,62.32
75.85,75.85,69.85,79.26,58.37
75.99,75.99,86.21,76.55,62.69
72.91,72.91,83.16,79.32,60.17
75.43,75.43,78.22,76.10,64.26
74.14,74.14,72.97,67.83,61.76
74.80,74.80,73.41,70.45,64.07
75.29,75.29,71.76,68.05,67.58
77.53,77.53,69.28,66.93,65.36
77.45,77.45,67.76,59.47,65.23
78.14,78.14,65.30,56.24,62.39
77.91,77.91,63.36,69.43,61.86
79.56,79.56,59.95,77.96,63.09
78.71,78.71,59.62,74.69,62.89
77.73,77.73,64.91,74.21,63.68
79.56,79.56,73.20,72.30,62.22
75.95,75.95,87.11,73.56,62.56
72.15,72.15,86.41,61.43,57.24
69.09,69.09,86.69,67.23,61.66
73.06,73.06,83.01,70.03,61.62
76.72,76.72,74.62,72.98,61.54
74.20,74.20,71.34,71.15,60.37
70.97,70.97,73.15,75.04,63.44
72.27,72.27,69.88,75.65,62.90
72.93,72.93,66.18,76.77,62.68
74.05,74.05,67.86,79.27,65.34
75.32,75.32,67.00,74.44,63.24
75.19,75.19,60.51,75.47,62.10
76.66,76.66,72.91,72.13,61.12
79.28,79.28,79.74,71.67,60.25
74.56,74.56,89.92,66.85,57.74
75.86,75.86,73.33,69.23,60.49
76.56,76.56,78.77,76.44,61.90
74.63,74.63,72.79,75.09,59.42
74.45,74.45,73.96,78.20,62.21
75.58,75.58,76.96,79.32,62.29
75.81,75.81,74.83,76.68,62.64
76.93,76.93,73.12,79.08,61.02
76.95,76.95,65.40,79.66,58.69
77.21,77.21,69.64,80.39,60.07
77.92,77.92,60.52,77.47,57.98
77.54,77.54,69.63,73.73,58.74
77.04,77.04,80.55,73.23,58.66
71.39,71.39,90.86,71.54,55.88
72.24,72.24,83.42,72.34,60.00
70.87,70.87,83.34,72.73,59.24
73.05,73.05,80.88,77.41,60.68
72.75,72.75,80.66,75.68,59.58
74.27,74.27,72.46,78.36,61.10
75.03,75.03,75.99,80.82,59.40
74.17,74.17,71.10,79.11,58.81
72.34,72.34,66.35,79.52,58.19
72.15,72.15,61.77,82.05,60.84
75.00,75.00,62.93,80.53,58.92
69.89,69.89,66.89,80.62,54.94
60.14,60.14,70.36,79.71,49.75
63.39,63.39,89.55,75.67,48.36
63.65,63.65,81.20,77.41,48.64
65.16,65.16,77.85,75.70,49.43
72.14,72.14,75.02,83.45,52.03
71.32,71.32,75.43,82.65,54.50
73.72,73.72,73.80,80.10,53.70
76.82,76.82,73.31,81.33,55.27
74.58,74.58,71.98,77.52,55.29
68.89,68.89,70.23,74.53,52.93
70.70,70.70,69.45,67.40,54.93
70.69,70.69,68.29,71.14,52.69
72.48,72.48,70.93,68.93,50.60
72.42,72.42,79.30,59.13,53.05
67.76,67.76,91.50,60.05,52.02
69.66,69.66,83.52,60.85,56.06
69.94,69.94,79.52,57.83,54.75
70.88,70.88,77.74,65.57,57.10
78.30,78.30,73.94,67.41,60.45
80.06,80.06,69.82,60.10,59.33
80.55,80.55,70.96,62.45,58.00
79.86,79.86,69.89,62.92,55.74
78.54,78.54,68.14,67.48,58.07
77.82,77.82,69.00,70.52,62.63
77.49,77.49,66.13,75.27,62.88
80.31,80.31,67.88,69.63,57.12
79.61,79.61,68.05,64.07,57.08
80.73,80.73,74.83,61.38,59.02
74.80,74.80,91.61,67.03,64.37
74.30,74.30,77.50,64.10,68.29
73.62,73.62,80.39,72.58,73.22
73.19,73.19,74.76,76.50,71.95
71.48,71.48,73.03,76.74,71.41
60.47,60.47,75.82,74.47,69.20
53.77,53.77,76.11,75.76,70.96
48.79,48.79,70.29,74.30,70.92
51.17,51.17,65.78,75.01,71.60
48.95,48.95,63.35,74.33,72.17
49.78,49.78,62.07,77.08,70.65
51.79,51.79,66.26,76.26,70.73
56.60,56.60,70.06,78.03,70.29
67.92,67.92,85.42,77.21,68.67
72.34,72.34,88.11,73.09,66.11
79.05,79.05,77.89,69.55,67.30
81.09,81.09,75.58,72.58,66.52
80.79,80.79,71.05,72.44,68.30
76.44,76.44,75.30,72.92,68.12
74.67,74.67,71.92,76.86,69.23
70.41,70.41,75.98,76.98,67.67
74.76,74.76,72.56,76.90,68.64
76.21,76.21,66.97,73.54,68.95
71.13,71.13,62.10,73.61,69.75
68.88,68.88,62.39,73.61,67.57
58.62,58.62,69.28,74.85,64.15
66.09,66.09,78.49,74.65,60.50
64.51,64.51,87.59,69.76,59.11
63.50,63.50,79.27,68.85,56.98
68.51,68.51,75.87,78.77,60.15
78.89,78.89,74.66,75.45,61.95
76.88,76.88,74.95,73.96,62.29
76.60,76.60,72.97,71.56,62.44
78.33,78.33,72.64,71.24,64.41
77.35,77.35,71.55,74.27,62.72
75.33,75.33,70.29,67.95,64.11
77.54,77.54,69.08,74.31,65.44
75.60,75.60,67.98,72.18,63.58
65.91,65.91,67.04,66.79,64.49
63.58,63.58,70.79,62.18,61.52
66.95,66.95,91.68,63.41,58.08
73.42,73.42,88.04,53.69,54.97
77.58,77.58,83.44,55.83,58.36
77.90,77.90,81.95,67.72,61.80
76.96,76.96,73.86,60.30,63.66
75.40,75.40,74.73,68.38,63.95
77.38,77.38,73.53,62.91,64.78
74.91,74.91,73.57,70.19,63.32
65.16,65.16,68.59,72.44,65.16
61.21,61.21,68.43,79.46,64.79
61.71,61.71,66.62,79.63,65.10
58.80,58.80,63.55,79.62,65.44
59.19,59.19,66.29,79.00,61.37
67.86,67.86,73.57,75.84,61.89
73.92,73.92,91.93,72.28,61.37
78.93,78.93,80.74,70.90,60.64
76.75,76.75,73.60,76.55,63.46
78.15,78.15,75.91,75.68,62.99
78.40,78.40,73.72,77.65,63.04
78.26,78.26,74.11,76.37,61.44
79.96,79.96,76.99,76.52,63.63
79.44,79.44,70.96,74.83,63.91
75.26,75.26,66.91,75.49,65.05
74.53,74.53,64.63,76.20,65.14
73.92,73.92,61.64,77.21,63.75
73.79,73.79,69.87,77.14,62.62
73.56,73.56,75.62,71.87,58.80
73.89,73.89,89.27,75.16,60.49
72.47,72.47,86.03,70.03,59.52
73.56,73.56,80.11,71.86,62.02
73.89,73.89,81.37,77.57,60.81
74.58,74.58,78.77,79.06,59.67
74.17,74.17,78.47,79.77,60.69
74.91,74.91,73.53,77.35,61.03
74.99,74.99,71.35,79.09,61.73
77.08,77.08,66.16,76.78,60.81
76.67,76.67,64.50,77.80,60.25
75.97,75.97,61.55,80.08,59.71
69.67,69.67,68.40,80.08,58.76
63.50,63.50,71.69,77.06,54.82
64.55,64.55,87.00,71.31,55.56
57.88,57.88,83.68,73.75,52.46
57.03,57.03,77.58,77.33,55.03
56.94,56.94,76.27,77.46,57.41
60.10,60.10,75.89,78.23,59.73
62.98,62.98,72.37,81.21,57.20
67.43,67.43,70.82,81.37,59.35
70.14,70.14,70.10,82.67,58.95
70.39,70.39,69.67,80.04,59.72
71.17,71.17,68.39,75.23,60.85
71.25,71.25,67.55,77.04,61.90
69.76,69.76,66.92,76.68,61.07
67.76,67.76,67.36,75.95,58.87
70.80,70.80,67.56,73.63,62.09
68.83,68.83,69.68,72.78,63.88
67.65,67.65,70.94,69.64,61.63
65.37,65.37,71.90,73.86,60.93
61.38,61.38,70.11,78.65,62.96
63.25,63.25,64.37,81.97,60.66
73.15,73.15,62.98,73.16,60.59
76.26,76.26,61.34,74.93,59.48
75.87,75.87,59.37,75.82,60.63
73.46,73.46,58.23,74.83,62.03
72.09,72.09,59.69,76.33,63.27
69.32,69.32,58.39,76.79,61.49
68.02,68.02,65.20,80.81,59.99
68.24,68.24,66.00,66.89,59.97
74.89,74.89,79.24,70.46,62.44
69.83,69.83,91.10,75.31,62.18
76.26,76.26,80.94,68.41,67.33
75.07,75.07,76.93,70.54,70.19
74.55,74.55,77.01,75.82,69.72
75.09,75.09,74.00,77.57,67.95
77.48,77.48,76.62,79.39,69.16
75.88,75.88,72.67,78.85,68.83
76.44,76.44,68.28,77.66,68.41
77.03,77.03,63.23,76.99,66.75
67.16,67.16,61.49,78.12,66.40
65.89,65.89,61.66,79.58,67.30
65.32,65.32,64.79,79.83,66.64
60.48,60.48,74.21,76.79,66.90
68.15,68.15,88.15,72.65,67.29
67.52,67.52,89.52,73.25,63.83
79.62,79.62,74.00,71.90,65.00
80.54,80.54,78.15,71.06,65.22
79.14,79.14,71.45,68.97,65.05
79.21,79.21,73.89,71.42,65.43
76.30,76.30,75.42,71.87,64.02
74.99,74.99,75.03,73.92,65.91
74.15,74.15,66.88,69.70,66.00
74.34,74.34,65.43,73.43,65.83
70.60,70.60,59.80,75.03,65.31
60.54,60.54,61.72,73.37,64.92
55.70,55.70,69.98,73.42,61.41
64.76,64.76,79.93,77.65,61.07
66.89,66.89,86.36,72.65,61.19
68.11,68.11,78.70,71.69,61.07
67.89,67.89,74.88,79.41,63.25
78.04,78.04,72.70,76.42,62.74
77.67,77.67,71.49,72.87,65.67
75.25,75.25,69.98,70.33,63.64
76.10,76.10,67.56,70.83,65.46
76.44,76.44,66.94,66.79,66.02
75.31,75.31,65.48,72.77,66.04
76.31,76.31,63.76,78.22,66.65
76.53,76.53,65.89,77.85,66.59
63.75,63.75,67.69,71.50,64.78
61.20,61.20,82.17,69.96,63.49
60.96,60.96,92.01,71.82,60.43
68.87,68.87,85.85,63.22,59.73
74.88,74.88,83.25,71.43,58.23
74.24,74.24,74.00,69.14,60.16
73.72,73.72,73.91,66.81,58.89
69.60,69.60,75.41,69.28,58.60
59.52,59.52,71.53,72.69,59.75
55.85,55.85,67.40,76.14,59.86
56.87,56.87,61.01,74.58,62.00
59.62,59.62,61.69,74.22,62.79
61.66,61.66,59.11,74.09,63.96
71.02,71.02,55.09,72.09,63.38
74.78,74.78,68.56,73.00,62.06
72.80,72.80,74.86,74.48,59.12
73.24,73.24,90.19,72.43,58.06
81.29,81.29,81.98,69.06,56.61
79.54,79.54,74.89,73.68,59.50
78.61,78.61,74.89,74.15,59.96
77.49,77.49,77.81,75.07,58.58
74.48,74.48,73.70,71.55,61.18
74.61,74.61,72.61,73.76,59.61
76.06,76.06,72.02,76.66,62.26
77.59,77.59,62.90,78.15,62.51
78.54,78.54,62.75,80.62,61.47
78.01,78.01,59.75,78.51,59.90
78.30,78.30,64.58,77.13,60.70
78.28,78.28,74.17,78.96,60.25
75.69,75.69,88.33,78.11,62.08
73.94,73.94,85.73,76.68,59.67
74.03,74.03,80.58,76.42,61.52
73.63,73.63,75.24,76.57,61.93
75.22,75.22,75.71,77.24,62.96
77.33,77.33,74.60,78.77,62.50
76.52,76.52,78.64,78.19,62.72
73.11,73.11,71.85,76.82,63.58
74.45,74.45,69.63,75.52,62.20
71.01,71.01,63.19,77.74,63.25
70.41,70.41,59.55,77.54,62.78
70.76,70.76,64.17,77.24,60.89
70.46,70.46,71.99,76.38,58.19
68.64,68.64,85.73,73.95,57.77
68.38,68.38,83.01,74.87,56.21
68.19,68.19,78.84,74.20,53.57
68.99,68.99,75.06,78.93,56.35
63.23,63.23,74.44,70.63,58.42
59.25,59.25,71.48,73.70,58.13
59.91,59.91,69.43,65.75,59.29
63.00,63.00,70.24,62.40,61.50
65.16,65.16,68.23,64.22,63.67
71.35,71.35,64.89,73.67,62.68
72.47,72.47,64.46,78.17,58.03
71.86,71.86,64.62,67.22,54.40
71.51,71.51,70.29,64.66,54.57
68.22,68.22,88.67,69.69,55.03
69.61,69.61,87.81,63.36,49.08
70.23,70.23,87.28,61.70,49.50
72.08,72.08,77.84,64.23,50.44
78.82,78.82,72.29,69.47,51.23
80.07,80.07,76.77,71.00,53.88
79.05,79.05,71.26,74.02,55.00
77.69,77.69,70.80,67.48,52.66
78.55,78.55,66.09,65.97,55.15
76.82,76.82,60.46,71.52,62.84
78.29,78.29,62.23,74.30,61.26
78.71,78.71,63.25,76.36,56.67
74.64,74.64,66.03,73.32,59.58
77.13,77.13,72.95,65.23,58.78
76.00,76.00,88.32,70.53,65.79
73.89,73.89,86.95,67.38,67.69
74.65,74.65,77.54,68.97,69.85
72.47,72.47,76.34,71.20,69.74
68.71,68.71,77.97,77.58,69.11
65.99,65.99,73.20,77.16,68.35
66.68,66.68,76.05,76.80,69.64
68.10,68.10,73.78,77.00,71.16
69.12,69.12,65.52,77.39,71.48
67.79,67.79,62.89,76.58,69.66
69.40,69.40,61.22,77.44,70.54
68.53,68.53,63.21,78.24,69.00
70.30,70.30,68.06,76.57,68.33
77.46,77.46,80.08,75.97,68.70
74.66,74.66,90.11,74.93,64.00
76.95,76.95,78.36,70.36,65.89
77.68,77.68,74.09,74.23,68.01
76.01,76.01,76.97,74.87,68.16
76.15,76.15,76.49,76.24,68.08
77.05,77.05,73.91,76.59,66.68
76.61,76.61,74.71,76.32,67.27
77.60,77.60,73.84,77.92,67.57
77.60,77.60,61.46,77.30,66.80
78.92,78.92,58.15,75.52,66.26
80.51,80.51,59.80,76.15,64.41
80.00,80.00,64.74,75.49,61.32
77.42,77.42,75.71,72.60,60.72
76.22,76.22,86.99,72.13,61.07
75.81,75.81,79.10,69.90,62.34
75.06,75.06,76.51,79.78,63.99
74.82,74.82,72.59,73.13,63.03
75.62,75.62,71.51,72.90,64.32
67.15,67.15,70.39,77.53,66.07
62.95,62.95,69.50,70.94,64.63
57.63,57.63,69.10,70.05,66.63
58.08,58.08,67.54,69.24,65.33
60.54,60.54,65.29,77.63,67.33
63.75,63.75,64.65,80.57,67.95
73.82,73.82,66.95,76.70,66.32
77.17,77.17,70.12,77.37,66.76
75.26,75.26,80.34,76.45,63.86
73.55,73.55,74.16,72.87,63.30
77.27,77.27,72.89,69.66,65.93
80.05,80.05,69.87,74.00,66.44
78.41,78.41,70.20,81.98,64.73
78.53,78.53,66.70,76.35,65.83
77.96,77.96,66.63,74.01,65.69
79.02,79.02,64.25,76.04,64.22
78.58,78.58,64.22,70.34,62.75
78.98,78.98,64.82,70.97,64.36
78.37,78.37,63.08,78.99,66.00
79.80,79.80,62.61,79.13,64.81
79.43,79.43,66.75,76.56,63.25
76.56,76.56,73.16,77.70,62.70
74.64,74.64,90.29,79.65,62.47
74.91,74.91,82.40,77.58,62.34
75.57,75.57,75.92,77.48,62.91
76.29,76.29,77.06,77.28,61.49
75.89,75.89,77.01,76.02,64.01
73.88,73.88,73.93,75.28,64.94
74.53,74.53,75.08,77.87,64.21
74.69,74.69,72.31,77.83,64.12
75.80,75.80,70.41,78.63,62.73
75.59,75.59,71.61,83.19,62.68
76.20,76.20,70.12,83.82,61.29
75.66,75.66,71.36,83.33,61.19
74.66,74.66,74.36,82.91,60.43
71.08,71.08,89.03,82.99,61.92
68.71,68.71,90.28,81.31,56.67
68.30,68.30,83.55,80.00,58.87
65.18,65.18,82.45,80.82,57.53
62.44,62.44,81.34,80.55,55.85
59.88,59.88,80.93,80.24,53.34
56.54,56.54,87.42,80.68,56.25
53.51,53.51,79.20,79.77,56.33
52.90,52.90,79.38,80.20,57.56
50.92,50.92,79.23,80.84,60.15
50.21,50.21,79.75,82.91,57.56
48.82,48.82,81.52,81.99,58.81
49.16,49.16,79.13,77.80,55.97
48.13,48.13,90.09,72.60,57.83
45.85,45.85,88.40,69.03,55.22
52.32,52.32,86.03,65.96,59.70
66.71,66.71,80.97,75.07,58.49
68.94,68.94,77.04,74.38,57.33
62.99,62.99,80.56,74.22,58.45
63.95,63.95,82.73,74.35,57.33
71.57,71.57,83.19,72.97,57.11
72.74,72.74,83.57,69.23,56.49
70.37,70.37,80.04,70.58,55.09
68.31,68.31,81.21,72.95,56.64
69.34,69.34,81.76,75.03,56.94
69.91,69.91,82.33,76.41,58.44
67.34,67.34,91.04,73.19,56.93
66.34,66.34,90.01,70.33,53.51
67.84,67.84,84.67,76.22,54.12
68.05,68.05,79.15,79.75,54.13
72.18,72.18,75.91,80.41,58.83
72.87,72.87,78.91,79.34,58.89
71.62,71.62,83.92,79.64,58.91
71.16,71.16,83.78,78.38,59.68
72.09,72.09,84.85,77.87,60.76
73.36,73.36,82.60,79.56,60.46
71.72,71.72,72.73,79.53,60.33
72.87,72.87,80.36,75.92,60.29
70.29,70.29,80.45,75.40,56.98
73.18,73.18,76.66,77.72,59.26
70.79,70.79,90.40,76.59,64.41
69.00,69.00,79.36,73.61,64.78
69.36,69.36,85.22,68.24,71.96
66.38,66.38,75.96,68.25,71.91
67.67,67.67,76.04,67.99,71.28
66.53,66.53,73.31,71.68,71.78
66.39,66.39,81.77,77.14,69.60
62.69,62.69,82.51,80.61,68.12
64.69,64.69,75.48,79.44,66.57
63.97,63.97,74.60,77.58,67.70
63.78,63.78,73.68,74.60,67.90
63.63,63.63,74.64,79.86,66.35
67.22,67.22,73.77,77.47,68.21
66.08,66.08,74.67,75.81,68.34
65.22,65.22,77.10,72.76,68.08
66.40,66.40,75.43,78.77,67.30
69.79,69.79,80.19,81.08,67.72
70.57,70.57,79.86,80.26,67.76
67.55,67.55,77.77,79.19,66.26
69.25,69.25,75.36,80.31,68.15
67.95,67.95,78.65,81.70,66.71
68.44,68.44,75.80,77.82,67.47
70.07,70.07,72.77,74.69,67.38
68.79,68.79,72.95,74.87,66.54
68.41,68.41,73.24,78.35,66.78
65.79,65.79,73.08,79.48,67.00
54.40,54.40,68.38,79.12,66.94
49.81,49.81,70.44,80.13,66.00
51.72,51.72,71.57,78.83,65.74
55.41,55.41,72.94,82.29,64.57
59.94,59.94,67.98,79.92,64.53
70.34,70.34,70.11,77.54,63.44
73.43,73.43,71.56,79.20,62.21
73.68,73.68,70.67,80.88,62.11
71.87,71.87,68.27,82.03,61.41
71.03,71.03,67.45,79.93,61.86
70.33,70.33,69.33,82.36,62.84
69.99,69.99,68.74,80.67,61.68
70.87,70.87,65.68,81.76,61.62
71.07,71.07,68.10,81.24,61.69
71.04,71.04,69.76,81.68,60.83
68.63,68.63,67.04,81.25,63.83
68.83,68.83,66.41,79.26,62.57
70.99,70.99,66.04,83.01,63.42
69.08,69.08,67.37,81.67,64.31
70.33,70.33,64.46,81.25,63.37
71.75,71.75,65.03,81.97,63.60
71.60,71.60,65.48,83.22,65.29
69.49,69.49,63.64,83.65,63.22
66.43,66.43,63.06,82.19,63.61
65.10,65.10,64.31,84.83,63.10
67.18,67.18,64.13,82.51,62.10
68.98,68.98,62.44,82.31,63.36
69.28,69.28,62.58,83.03,63.86
66.97,66.97,63.76,83.57,64.53
65.18,65.18,62.07,83.93,64.18
57.97,57.97,58.52,81.30,63.47
54.52,54.52,57.81,83.98,61.69
52.69,52.69,57.81,82.50,61.73
53.41,53.41,57.36,82.54,62.40
59.71,59.71,58.74,83.15,63.79
63.76,63.76,56.30,82.39,64.15
67.31,67.31,58.54,82.67,63.01
64.80,64.80,56.04,79.36,63.27
67.55,67.55,58.20,82.80,63.06
69.02,69.02,57.08,82.53,64.71
69.67,69.67,58.11,80.11,64.90
68.52,68.52,55.86,81.92,63.53
68.12,68.12,56.98,81.40,64.07
68.85,68.85,57.98,83.17,62.24
67.08,67.08,55.96,80.19,62.93
67.23,67.23,55.52,81.53,62.75
69.43,69.43,57.76,82.72,60.96
67.45,67.45,55.76,80.92,59.04
66.27,66.27,55.32,83.02,60.57
65.14,65.14,55.09,80.84,61.36
64.40,64.40,55.59,82.74,61.43
60.68,60.68,53.00,81.70,61.06
53.85,53.85,51.34,81.86,60.29
54.50,54.50,54.02,83.56,61.96
70.42,70.42,54.78,81.53,60.93
79.82,79.82,52.80,83.29,60.82
81.14,81.14,54.02,81.08,61.20
81.05,81.05,54.53,82.75,61.59
78.38,78.38,52.99,81.59,60.73
75.24,75.24,50.97,79.76,59.89
76.87,76.87,51.44,82.53,59.91
78.56,78.56,47.81,80.44,60.36
77.50,77.50,44.30,81.78,64.54
75.70,75.70,49.48,80.03,61.72
76.02,76.02,50.09,80.57,63.16
75.37,75.37,46.91,79.85,59.70
73.22,73.22,47.03,75.89,60.84
74.63,74.63,47.36,81.13,60.39
74.25,74.25,49.92,78.76,62.75
71.83,71.83,41.92,80.32,58.42
73.23,73.23,45.36,80.51,58.25
73.84,73.84,42.05,81.03,59.10
73.68,73.68,39.98,82.72,55.21
74.32,74.32,42.99,82.62,59.17
72.31,72.31,42.84,83.90,57.60
71.52,71.52,44.32,82.32,55.92
75.62,75.62,43.59,80.58,57.17
75.58,75.58,48.49,81.76,58.57
74.51,74.51,48.25,81.30,59.71
73.10,73.10,57.77,80.54,58.45
73.50,73.50,66.67,80.89,57.76
73.12,73.12,83.29,77.60,65.21
69.12,69.12,87.91,72.48,61.64
69.87,69.87,76.59,65.75,67.30
68.23,68.23,82.06,69.26,70.52
67.27,67.27,80.33,70.84,70.77
68.79,68.79,78.05,70.44,69.14
71.37,71.37,76.62,73.39,68.26
73.01,73.01,77.87,75.79,68.67
73.06,73.06,74.54,75.72,68.48
71.18,71.18,72.58,75.76,67.15
71.42,71.42,72.44,77.54,69.65
70.70,70.70,71.32,76.30,69.29
75.38,75.38,70.44,76.89,70.20
75.64,75.64,69.21,79.09,69.54
77.52,77.52,70.98,77.14,68.36
77.24,77.24,68.76,75.63,67.84
76.83,76.83,69.38,78.30,65.91
76.17,76.17,67.40,76.50,70.26
74.79,74.79,68.91,77.22,66.97
71.59,71.59,68.05,79.09,67.49
74.70,74.70,66.51,76.63,67.65
76.11,76.11,67.49,77.12,65.57
74.54,74.54,65.89,79.27,69.09
73.36,73.36,66.13,77.14,66.91
74.17,74.17,65.96,77.30,69.10
74.21,74.21,64.46,78.51,66.39
72.73,72.73,65.00,77.27,66.70
73.07,73.07,65.50,77.58,67.97
69.13,69.13,64.77,78.37,65.82
67.54,67.54,64.90,77.21,69.18
69.27,69.27,64.66,76.41,64.45
62.36,62.36,64.67,77.26,68.16
62.57,62.57,64.99,75.57,66.14
66.95,66.95,65.16,74.79,67.35
64.60,64.60,63.03,75.75,66.08
63.79,63.79,63.64,74.98,66.89
57.08,57.08,61.98,75.11,66.44
51.50,51.50,62.42,75.64,64.90
52.82,52.82,63.35,75.82,66.60
49.65,49.65,61.93,76.55,67.26
51.56,51.56,62.67,76.60,66.22
50.13,50.13,62.66,78.32,66.49
55.66,55.66,61.24,75.75,66.74
58.57,58.57,60.40,76.40,66.38
61.85,61.85,59.48,77.75,65.53
64.57,64.57,60.28,76.86,66.36
63.00,63.00,58.55,75.78,66.64
63.92,63.92,59.32,77.59,66.05
64.65,64.65,56.92,76.58,65.90
62.42,62.42,56.88,76.65,65.43
60.46,60.46,57.41,77.68,66.48
56.17,56.17,56.62,77.67,65.59
53.90,53.90,56.92,76.81,64.97
52.91,52.91,55.87,75.74,62.99
57.28,57.28,54.49,79.25,61.27
66.05,66.05,54.87,77.67,63.20
72.35,72.35,53.28,76.45,64.97
77.29,77.29,53.92,71.40,64.75
76.95,76.95,55.47,75.02,62.26
77.45,77.45,55.45,75.91,62.43
80.57,80.57,50.82,78.31,61.13
77.03,77.03,51.17,78.50,61.54
76.60,76.60,47.57,79.04,62.15
75.78,75.78,45.48,80.04,59.90
73.35,73.35,47.04,80.83,62.07
69.05,69.05,47.66,80.81,60.85
64.65,64.65,50.02,80.50,62.22
61.77,61.77,48.33,82.19,61.91
57.89,57.89,45.52,80.78,63.00
57.85,57.85,40.92,82.52,62.23
65.29,65.29,43.79,82.58,60.95
74.41,74.41,51.88,77.31,61.48
73.18,73.18,54.68,79.92,59.67
76.29,76.29,53.94,82.28,60.45
78.35,78.35,53.51,82.09,55.94
73.69,73.69,51.06,81.51,56.82
76.06,76.06,45.95,81.55,58.68
74.25,74.25,45.61,79.41,57.19
73.45,73.45,44.25,82.97,57.27
73.51,73.51,45.48,82.67,58.16
74.00,74.00,46.88,81.69,60.13
72.23,72.23,46.65,81.58,59.42
68.18,68.18,46.08,80.72,58.54
65.04,65.04,42.81,82.35,58.45
70.08,70.08,46.13,79.28,60.67
71.17,71.17,49.59,73.30,60.06
69.64,69.64,48.43,83.17,59.28
73.51,73.51,44.87,80.02,60.14
74.89,74.89,41.49,79.06,58.50
74.22,74.22,41.42,74.68,57.94
73.80,73.80,40.61,77.33,61.20
70.79,70.79,39.09,79.67,61.76
68.97,68.97,38.08,80.73,64.25
69.14,69.14,42.06,81.16,62.47
67.78,67.78,44.87,81.91,59.38
72.38,72.38,43.11,81.74,63.25
72.95,72.95,42.36,81.77,61.83
72.61,72.61,38.13,80.99,62.53
69.36,69.36,39.44,79.54,56.66
75.45,75.45,40.85,79.44,58.71
74.06,74.06,38.54,77.09,57.78
69.71,69.71,36.07,77.64,54.41
72.02,72.02,36.28,79.52,58.84
71.86,71.86,39.82,78.11,56.55
70.11,70.11,38.51,79.15,56.05
69.25,69.25,48.21,78.02,53.90
71.09,71.09,59.98,77.08,52.38
69.29,69.29,69.39,75.03,49.29
67.94,67.94,85.28,76.18,58.15
63.91,63.91,88.18,76.53,62.22
65.23,65.23,83.40,74.27,64.58
66.55,66.55,85.59,74.39,65.63
70.10,70.10,83.37,72.04,65.54
71.82,71.82,79.21,71.57,66.61
73.41,73.41,72.38,73.20,65.69
73.50,73.50,76.39,73.38,66.56
72.34,72.34,75.37,71.71,66.78
74.11,74.11,71.02,72.43,66.91
74.25,74.25,71.13,73.51,66.33
73.87,73.87,70.32,73.97,64.31
73.07,73.07,73.29,76.07,66.03
70.87,70.87,82.07,77.57,65.54
70.54,70.54,90.38,78.34,63.31
69.40,69.40,78.25,72.93,65.02
64.01,64.01,76.12,70.73,65.71
70.04,70.04,81.97,72.86,66.30
66.10,66.10,77.67,72.62,68.12
69.59,69.59,71.15,73.78,67.33
69.34,69.34,72.73,71.44,68.72
68.92,68.92,71.26,75.24,66.66
72.23,72.23,66.21,75.90,65.75
67.79,67.79,67.60,75.60,67.00
61.21,61.21,68.24,75.49,65.75
61.33,61.33,74.93,71.60,67.18
51.37,51.37,83.66,70.24,65.41
49.51,49.51,86.80,72.71,66.47
57.80,57.80,90.62,75.89,64.88
60.28,60.28,85.91,70.54,63.02
72.81,72.81,75.70,71.11,65.20
75.78,75.78,80.59,76.47,64.47
74.56,74.56,79.88,77.71,65.16
75.90,75.90,73.97,78.78,64.19
74.60,74.60,73.15,79.57,61.49
73.36,73.36,79.15,79.65,64.74
70.14,70.14,72.02,77.95,65.16
70.47,70.47,74.78,78.25,65.93
72.18,72.18,70.30,77.24,65.41
71.69,71.69,78.30,72.74,64.50
72.52,72.52,86.00,77.26,63.07
75.00,75.00,88.26,72.86,61.37
73.57,73.57,79.51,72.45,61.27
69.51,69.51,78.69,74.70,60.68
71.53,71.53,74.43,75.27,58.67
72.72,72.72,75.35,75.84,60.10
69.99,69.99,80.52,76.39,60.81
72.36,72.36,73.68,77.18,60.71
72.24,72.24,73.62,74.48,61.95
74.03,74.03,74.95,74.92,62.54
70.37,70.37,73.02,76.29,64.78
60.82,60.82,75.65,75.55,64.36
58.72,58.72,75.95,73.70,63.82
61.04,61.04,83.02,74.97,64.82
63.24,63.24,90.57,77.76,62.78
64.01,64.01,77.81,74.51,63.41
61.22,61.22,82.81,77.31,65.37
56.34,56.34,83.48,77.09,65.37
54.76,54.76,73.48,75.05,64.74
60.19,60.19,72.54,77.85,62.87
62.61,62.61,72.83,77.69,62.39
66.56,66.56,72.46,77.81,65.89
65.22,65.22,76.36,79.08,65.09
65.85,65.85,79.05,78.80,64.33
64.55,64.55,78.68,76.78,63.12
64.00,64.00,77.88,73.41,62.45
65.07,65.07,77.66,71.34,60.83
59.98,59.98,90.59,74.45,62.08
63.03,63.03,88.12,68.70,64.20
61.10,61.10,88.04,66.61,61.03
64.65,64.65,78.45,69.27,65.28
65.30,65.30,83.77,70.69,65.35
62.74,62.74,79.62,69.83,65.03
63.45,63.45,74.73,71.21,64.60
60.93,60.93,80.70,72.77,67.14
63.83,63.83,72.45,72.07,66.44
60.99,60.99,76.42,72.01,67.55
63.70,63.70,76.94,70.98,65.66
78.30,78.30,75.92,68.79,64.40
81.55,81.55,75.45,71.30,59.48
80.25,80.25,80.69,74.52,62.42
76.21,76.21,86.17,73.47,61.63
74.56,74.56,87.06,67.95,60.46
76.90,76.90,79.42,67.43,60.67
77.14,77.14,80.68,69.04,59.89
74.74,74.74,77.45,69.12,58.89
74.30,74.30,81.04,72.20,60.22
72.59,72.59,82.10,72.85,65.02
73.27,73.27,83.70,70.16,64.86
73.98,73.98,83.58,68.51,64.86
73.24,73.24,81.97,69.00,66.65
73.12,73.12,71.65,66.73,67.16
73.39,73.39,77.56,69.79,65.95
74.27,74.27,84.67,69.49,64.69
71.58,71.58,90.27,68.13,59.71
71.14,71.14,80.37,66.59,63.40
71.32,71.32,75.45,66.48,63.91
71.58,71.58,87.06,65.57,59.44
73.04,73.04,83.17,66.17,59.36
73.75,73.75,72.68,66.88,64.01
73.94,73.94,74.46,68.92,61.83
75.81,75.81,71.19,68.96,58.54
74.28,74.28,69.71,69.82,58.55
73.85,73.85,68.84,67.94,58.56
73.92,73.92,66.72,67.44,57.17
74.83,74.83,75.14,63.94,52.63
76.38,76.38,74.81,59.73,52.91
72.25,72.25,88.01,61.03,55.88
68.51,68.51,89.73,68.52,55.73
67.85,67.85,84.20,68.78,55.49
72.20,72.20,78.61,65.28,55.29
74.15,74.15,77.43,66.30,55.82
73.69,73.69,81.86,67.29,58.74
73.08,73.08,75.82,68.24,58.24
73.97,73.97,72.29,70.51,56.22
74.87,74.87,82.60,71.33,56.93
74.38,74.38,79.52,71.39,57.97
75.14,75.14,85.28,72.19,56.59
73.40,73.40,82.81,71.07,55.17
71.37,71.37,82.35,67.15,53.17
73.84,73.84,86.35,63.20,56.81
72.91,72.91,89.62,62.02,55.72
72.22,72.22,86.26,60.70,56.17
75.28,75.28,75.77,58.03,57.64
76.28,76.28,81.09,59.35,55.54
74.18,74.18,80.18,59.57,51.60
72.94,72.94,80.22,59.62,53.23
75.85,75.85,90.44,57.92,52.03
74.68,74.68,87.08,58.41,52.16
74.30,74.30,87.03,57.84,53.75
73.16,73.16,84.15,50.48,55.18
73.90,73.90,78.27,50.26,55.90
75.84,75.84,81.61,50.25,51.58
72.28,72.28,77.24,54.62,54.65
71.36,71.36,84.01,55.42,52.83
71.75,71.75,81.85,51.25,51.80
71.31,71.31,81.85,52.87,49.42
65.42,65.42,82.07,52.96,48.89
69.56,69.56,85.52,49.52,46.98
68.56,68.56,78.21,45.32,46.20
67.19,67.19,84.96,44.08,45.47
66.17,66.17,87.58,47.46,46.83
63.22,63.22,81.96,42.98,54.11
61.04,61.04,87.82,42.74,58.46
59.02,59.02,86.69,39.97,62.63
57.66,57.66,79.20,38.45,63.89
59.62,59.62,82.32,37.75,63.02
55.73,55.73,85.70,34.92,62.60
54.77,54.77,86.00,40.84,64.14
50.47,50.47,80.71,42.09,65.25
49.73,49.73,81.72,36.58,63.84
51.27,51.27,84.04,42.22,66.27
50.88,50.88,75.98,47.77,67.78
47.32,47.32,79.65,44.40,65.55
48.88,48.88,82.93,42.01,68.05
43.30,43.30,82.07,34.53,68.32
43.35,43.35,83.65,31.54,68.84
42.45,42.45,86.29,32.16,66.79
44.31,44.31,83.97,29.08,66.60
43.45,43.45,79.77,29.92,63.47
52.71,52.71,80.43,36.44,57.33
62.82,62.82,89.85,47.89,58.41
68.65,68.65,85.43,52.53,60.61
80.69,80.69,84.51,52.21,62.61
83.20,83.20,77.98,51.58,64.18
80.55,80.55,86.10,51.59,64.52
80.27,80.27,79.10,49.17,62.50
77.43,77.43,85.91,54.74,62.54
78.00,78.00,89.92,53.56,61.59
79.62,79.62,87.45,51.21,61.22
80.22,80.22,85.84,51.54,60.04
78.26,78.26,83.88,51.04,59.68
72.91,72.91,82.62,51.41,59.26
72.10,72.10,80.78,53.26,58.34
72.32,72.32,91.59,53.46,58.77
68.83,68.83,81.30,49.87,57.52
71.00,71.00,73.77,52.66,61.82
77.31,77.31,84.89,49.57,64.49
80.31,80.31,79.89,47.55,65.84
77.66,77.66,84.34,39.87,67.82
82.08,82.08,81.34,43.13,65.64
79.56,79.56,86.10,45.40,69.11
77.54,77.54,81.10,50.87,69.17
76.41,76.41,86.05,57.81,69.30
75.48,75.48,78.29,62.32,69.95
71.11,71.11,80.08,61.00,68.98
70.91,70.91,86.87,65.08,62.89
69.58,69.58,82.39,58.45,58.98
70.18,70.18,89.92,66.02,59.30
72.30,72.30,78.73,65.25,60.81
77.35,77.35,87.00,67.25,61.49
78.13,78.13,77.88,66.44,60.91
80.05,80.05,80.51,69.97,61.19
79.10,79.10,78.96,69.68,61.75
80.07,80.07,75.38,69.81,63.33
80.13,80.13,78.27,73.34,60.86
80.72,80.72,82.25,71.40,62.89
80.80,80.80,81.95,74.35,62.19
80.24,80.24,80.28,78.81,61.04
82.18,82.18,82.28,75.88,60.95
78.43,78.43,79.66,74.37,60.25
76.56,76.56,76.93,75.54,62.16
77.07,77.07,85.29,77.74,61.53
74.34,74.34,79.66,80.65,61.01
76.94,76.94,74.58,78.21,61.30
79.48,79.48,75.65,79.43,62.27
78.89,78.89,71.57,81.61,64.24
70.47,70.47,72.42,78.92,64.09
67.95,67.95,73.77,78.39,61.74
66.76,66.76,77.85,82.50,61.66
64.75,64.75,80.37,83.88,62.11
62.84,62.84,73.58,85.85,64.15
62.37,62.37,75.81,85.71,62.33
74.24,74.24,73.33,84.86,64.94
75.97,75.97,75.14,82.43,63.12
75.27,75.27,81.63,78.87,63.35
74.33,74.33,83.66,72.07,66.30
69.65,69.65,91.30,74.88,67.73
73.90,73.90,89.07,73.32,69.73
80.35,80.35,86.38,77.39,70.53
77.08,77.08,78.43,79.27,70.67
76.64,76.64,78.37,79.94,71.82
74.99,74.99,79.55,78.99,70.22
75.83,75.83,78.78,78.76,71.73
79.39,79.39,78.96,74.66,72.63
77.95,77.95,77.82,74.06,72.74
75.26,75.26,76.41,79.14,72.06
74.67,74.67,77.08,82.90,72.20
73.39,73.39,76.94,81.15,71.95
72.50,72.50,77.36,83.12,70.93
74.14,74.14,77.34,84.07,72.94
72.77,72.77,77.51,78.57,73.49
73.75,73.75,77.34,76.31,72.55
75.58,75.58,76.12,79.27,73.86
74.86,74.86,74.71,80.68,74.14
76.11,76.11,74.45,84.17,76.19
74.32,74.32,75.91,84.07,75.09
74.64,74.64,78.29,83.30,73.78
69.48,69.48,76.06,82.59,73.38
63.95,63.95,72.32,84.78,74.54
62.35,62.35,72.12,85.11,74.48
60.99,60.99,74.56,83.97,72.93
67.76,67.76,85.50,81.37,74.92
72.24,72.24,83.74,82.96,74.65
80.36,80.36,79.29,82.13,73.36
80.48,80.48,76.38,84.18,71.63
79.27,79.27,77.02,80.79,72.99
80.05,80.05,75.73,83.94,73.07
81.21,81.21,71.88,83.37,72.96
77.93,77.93,71.93,83.78,72.59
79.92,79.92,72.45,83.78,74.99
78.48,78.48,72.72,83.46,74.86
79.93,79.93,73.59,82.98,75.74
80.81,80.81,73.01,85.34,74.58
79.24,79.24,72.27,82.83,74.92
80.10,80.10,74.61,83.18,76.25
75.92,75.92,85.98,83.88,73.58
76.40,76.40,82.76,81.14,73.27
78.56,78.56,86.33,74.95,72.73
78.94,78.94,82.03,76.12,73.44
77.54,77.54,78.43,78.07,73.39
72.55,72.55,77.75,79.85,73.03
73.79,73.79,72.91,79.49,74.70
71.01,71.01,71.42,76.20,75.39
66.59,66.59,70.15,82.74,76.98
64.75,64.75,69.09,82.21,76.12
61.99,61.99,69.96,81.30,77.16
63.35,63.35,68.69,82.49,77.27
63.40,63.40,71.03,84.44,75.68
64.17,64.17,77.00,84.62,74.27
71.51,71.51,88.45,85.65,72.41
81.44,81.44,78.77,83.01,74.62
77.64,77.64,75.91,81.14,75.52
83.01,83.01,75.70,78.32,74.73
80.36,80.36,75.49,74.32,75.74
81.79,81.79,75.12,80.13,75.79
82.02,82.02,74.88,83.40,76.93
80.82,80.82,75.68,83.03,76.13
84.07,84.07,72.43,83.78,74.82
83.83,83.83,68.42,85.40,74.64
81.22,81.22,67.40,83.20,73.86
79.18,79.18,72.02,82.53,74.05
81.35,81.35,78.55,80.39,74.22
81.17,81.17,88.34,80.16,74.61
81.85,81.85,76.24,73.95,74.32
80.52,80.52,81.32,80.24,74.90
77.87,77.87,79.34,79.72,74.40
79.19,79.19,76.73,81.50,74.70
77.31,77.31,75.60,84.08,73.30
77.61,77.61,77.35,86.61,74.93
78.31,78.31,75.25,85.11,75.03
78.21,78.21,68.98,84.88,74.50
83.20,83.20,64.79,85.40,74.30
77.93,77.93,66.45,85.79,74.40
81.09,81.09,67.39,86.18,74.16
81.24,81.24,74.83,84.10,73.88
75.53,75.53,88.03,81.54,73.10
75.29,75.29,77.53,78.08,74.28
76.19,76.19,76.82,78.65,75.12
75.43,75.43,74.91,83.01,76.31
75.15,75.15,74.49,83.05,76.69
70.02,70.02,74.69,82.04,75.95
72.18,72.18,74.17,84.37,75.98
68.48,68.48,74.21,81.90,75.84
67.95,67.95,72.85,77.97,76.48
65.70,65.70,72.21,78.13,77.53
65.95,65.95,71.52,81.91,77.09
63.14,63.14,70.40,80.77,77.48
65.54,65.54,73.88,80.97,77.19
59.67,59.67,87.27,83.78,73.69
56.25,56.25,87.53,79.77,74.47
56.22,56.22,87.84,73.35,75.31
56.63,56.63,82.22,80.59,74.17
58.06,58.06,80.36,82.67,75.01
62.39,62.39,77.53,82.86,75.82
64.13,64.13,72.96,82.32,76.37
63.08,63.08,70.37,80.35,76.63
60.94,60.94,72.86,82.99,75.97
56.97,56.97,71.61,84.91,76.85
59.93,59.93,70.48,84.59,75.26
60.82,60.82,70.09,83.93,76.11
60.67,60.67,76.40,82.14,76.44
59.58,59.58,81.02,78.83,76.84
55.95,55.95,87.17,79.53,74.41
56.86,56.86,76.67,67.29,74.65
58.86,58.86,74.56,81.05,76.73
58.52,58.52,75.63,82.24,76.65
57.34,57.34,75.93,83.81,77.19
58.66,58.66,73.89,84.20,76.78
54.87,54.87,76.89,84.25,76.21
51.80,51.80,73.46,85.98,74.87
46.83,46.83,71.76,85.44,75.94
46.65,46.65,70.58,85.55,75.72
52.19,52.19,69.01,85.70,75.43
55.53,55.53,69.83,86.22,74.80
64.54,64.54,74.02,85.14,75.66
70.96,70.96,87.88,85.25,73.40
64.83,64.83,83.29,76.38,73.63
66.87,66.87,78.32,71.54,75.99
73.71,73.71,72.34,80.11,75.15
73.62,73.62,75.64,82.47,75.94
78.40,78.40,72.22,83.41,76.35
75.44,75.44,77.20,82.26,77.22
73.37,73.37,75.51,81.84,76.85
59.90,59.90,69.24,82.88,76.29
59.61,59.61,69.02,83.27,77.46
52.34,52.34,67.42,83.54,76.60
49.19,49.19,68.59,84.28,77.25
52.95,52.95,72.60,83.62,76.29
62.31,62.31,86.68,78.64,76.49
64.33,64.33,82.17,83.22,76.12
67.14,67.14,79.23,75.01,74.54
65.48,65.48,76.72,79.39,74.52
69.49,69.49,75.87,81.56,75.55
70.40,70.40,74.16,84.58,75.73
72.83,72.83,71.95,82.74,76.35
72.15,72.15,70.56,73.15,76.87
67.76,67.76,70.54,80.12,77.47
68.91,68.91,70.13,82.74,75.87
76.50,76.50,69.59,80.04,75.17
79.24,79.24,66.81,79.63,76.80
79.93,79.93,68.96,81.45,76.91
78.53,78.53,79.03,79.61,74.75
73.64,73.64,90.14,80.62,70.51
72.85,72.85,86.34,76.51,74.00
71.09,71.09,88.02,77.09,72.72
72.51,72.51,76.91,77.47,72.00
77.53,77.53,79.12,78.36,73.42
79.56,79.56,74.63,75.57,73.20
79.99,79.99,74.99,76.59,72.46
81.09,81.09,74.20,75.16,73.25
82.55,82.55,73.84,77.44,75.76
81.46,81.46,73.51,81.78,74.14
80.22,80.22,69.09,82.34,73.41
78.80,78.80,67.64,83.38,73.18
79.42,79.42,72.41,84.44,73.76
75.67,75.67,82.71,84.33,73.97
73.43,73.43,85.09,83.94,70.37
77.47,77.47,77.63,82.45,72.14
78.91,78.91,76.24,83.05,73.13
79.76,79.76,77.51,84.18,71.80
81.66,81.66,75.16,84.46,73.79
81.01,81.01,76.55,85.40,72.79
79.89,79.89,75.05,78.48,73.21
78.54,78.54,70.19,74.54,74.32
80.34,80.34,68.30,77.35,75.49
81.85,81.85,68.40,79.46,73.22
81.87,81.87,67.87,80.09,74.21
78.65,78.65,71.40,82.33,73.54
70.08,70.08,78.80,81.83,75.03
68.74,68.74,90.29,82.15,70.80
72.28,72.28,77.92,75.36,72.53
77.50,77.50,78.29,74.92,73.59
76.10,76.10,78.79,78.12,74.03
77.48,77.48,71.32,79.21,73.20
83.25,83.25,76.89,80.56,73.80
83.25,83.25,74.82,81.53,73.10
82.37,82.37,74.91,81.50,72.58
79.81,79.81,69.28,84.17,74.54
79.66,79.66,67.54,84.75,74.07
79.58,79.58,67.34,84.54,72.80
73.88,73.88,69.02,84.91,72.26
73.51,73.51,71.44,85.16,70.96
74.67,74.67,85.45,80.48,72.88
73.88,73.88,84.69,82.01,71.81
77.81,77.81,77.51,75.91,70.40
83.16,83.16,75.57,79.57,72.39
80.22,80.22,74.23,83.16,73.25
78.91,78.91,72.68,83.55,74.03
78.37,78.37,71.44,83.58,73.04
79.74,79.74,71.72,83.85,74.43
82.39,82.39,71.20,74.19,76.97
83.89,83.89,71.59,84.88,75.78
85.03,85.03,70.52,84.97,73.60
80.51,80.51,69.80,85.06,75.20
78.73,78.73,77.98,85.14,75.71
70.21,70.21,88.63,84.79,73.64
73.12,73.12,82.81,84.63,74.25
71.58,71.58,82.28,83.97,74.07
61.78,61.78,76.63,86.52,72.48
64.38,64.38,77.67,87.24,73.01
70.87,70.87,76.64,85.71,73.94
69.83,69.83,79.08,83.75,75.35
68.74,68.74,78.67,85.68,76.38
67.23,67.23,79.64,86.30,75.60
65.06,65.06,77.93,85.83,75.11
64.71,64.71,71.26,86.84,73.41
70.06,70.06,78.60,86.75,73.08
73.71,73.71,76.64,82.45,73.28
74.14,74.14,79.80,80.61,74.39
72.03,72.03,88.82,79.58,72.50
77.28,77.28,82.50,78.41,71.96
77.71,77.71,83.60,83.91,72.65
77.48,77.48,79.18,81.97,74.38
78.80,78.80,82.31,79.43,72.99
78.92,78.92,77.19,81.50,73.06
77.80,77.80,79.86,83.36,72.84
76.11,76.11,75.88,83.64,72.11
72.61,72.61,78.66,82.42,72.51
76.37,76.37,76.41,82.84,72.42
77.22,77.22,77.89,84.64,72.84
77.98,77.98,85.12,82.86,72.39
82.12,82.12,84.41,78.93,71.95
79.28,79.28,89.20,75.74,72.90
72.57,72.57,82.94,77.48,71.44
73.14,73.14,80.62,77.45,74.80
68.74,68.74,81.72,79.90,73.81
69.66,69.66,82.50,80.73,73.47
75.71,75.71,78.51,79.76,73.37
77.37,77.37,71.72,80.41,74.34
79.38,79.38,76.08,81.32,73.12
79.31,79.31,72.88,81.34,74.54
76.67,76.67,73.61,82.27,75.50
76.05,76.05,67.78,83.18,75.12
73.32,73.32,66.95,83.70,73.68
69.45,69.45,71.26,84.26,74.32
67.14,67.14,78.26,84.20,73.58
63.47,63.47,89.26,79.34,73.42
66.33,66.33,78.38,74.90,73.99
72.50,72.50,77.61,84.50,72.22
76.41,76.41,74.06,82.72,73.96
75.39,75.39,74.39,83.16,74.55
74.34,74.34,71.57,82.98,74.08
76.57,76.57,70.86,79.71,72.77
79.75,79.75,69.82,74.62,73.62
78.86,78.86,70.33,80.84,73.56
78.23,78.23,71.19,79.83,75.64
77.67,77.67,70.94,79.72,75.19
77.27,77.27,70.00,80.49,74.77
76.36,76.36,71.77,80.79,74.99
76.18,76.18,77.42,82.35,74.95
76.39,76.39,89.32,82.38,71.53
78.37,78.37,88.70,78.70,72.71
76.29,76.29,87.10,78.54,73.37
71.60,71.60,77.89,80.45,75.46
68.53,68.53,78.82,81.40,73.15
69.06,69.06,74.25,79.48,74.44
70.30,70.30,76.93,77.63,75.12
70.31,70.31,75.67,80.98,76.89
66.59,66.59,75.10,84.32,75.21
68.99,68.99,69.67,84.90,75.03
67.18,67.18,68.10,85.33,74.78
69.01,69.01,70.02,84.95,74.99
73.72,73.72,76.42,83.25,75.82
73.58,73.58,89.49,81.11,72.72
76.56,76.56,86.11,78.17,72.05
77.61,77.61,84.37,79.52,74.14
79.31,79.31,80.61,82.99,73.57
78.35,78.35,81.02,84.10,73.03
74.63,74.63,79.61,82.54,73.17
76.61,76.61,75.40,78.13,73.69
80.04,80.04,73.66,77.19,74.39
80.83,80.83,74.37,82.95,74.14
81.21,81.21,70.38,84.81,73.87
82.54,82.54,69.32,84.35,73.65
80.87,80.87,72.61,83.05,74.23
81.28,81.28,75.02,81.31,74.20
72.22,72.22,84.84,80.43,75.52
76.90,76.90,87.76,78.83,72.36
76.74,76.74,85.35,79.63,73.40
76.20,76.20,78.93,80.77,73.96
77.83,77.83,81.97,79.97,73.97
77.73,77.73,76.95,80.77,74.24
82.46,82.46,75.70,82.37,73.70
82.68,82.68,75.06,83.55,75.62
81.75,81.75,71.21,84.30,74.78
82.35,82.35,67.53,84.09,75.29
82.55,82.55,66.38,84.26,74.16
84.01,84.01,66.97,84.08,73.79
83.69,83.69,70.11,84.13,73.28
80.93,80.93,78.70,83.43,73.68
81.09,81.09,86.47,81.34,71.12
82.70,82.70,77.83,75.92,71.82
82.86,82.86,74.70,78.87,72.15
80.90,80.90,72.07,83.09,75.00
78.88,78.88,73.48,82.38,73.26
80.60,80.60,71.57,83.73,73.71
82.35,82.35,70.53,80.03,73.62
80.30,80.30,71.76,75.38,73.95
80.94,80.94,71.99,80.28,73.31
75.99,75.99,70.35,81.93,73.62
72.24,72.24,69.31,80.53,75.07
70.45,70.45,70.80,80.90,75.03
67.88,67.88,79.29,83.25,76.05
60.73,60.73,90.51,83.93,69.77
60.37,60.37,85.09,74.99,71.74
60.57,60.57,87.25,69.43,72.87
60.44,60.44,73.16,75.85,75.42
57.91,57.91,80.20,79.00,75.95
60.25,60.25,83.85,80.77,77.04
60.96,60.96,83.66,80.36,76.79
58.74,58.74,81.59,73.75,76.38
60.12,60.12,76.97,73.17,76.79
57.26,57.26,73.33,80.74,75.48
56.46,56.46,78.97,85.27,76.34
57.70,57.70,79.24,79.10,75.38
57.53,57.53,78.54,79.90,75.51
59.48,59.48,84.33,81.06,75.62
53.45,53.45,85.43,82.84,71.90
52.98,52.98,81.84,78.08,73.60
51.86,51.86,80.89,77.99,75.01
52.15,52.15,83.45,81.38,75.20
52.57,52.57,75.99,83.91,75.41
54.95,54.95,81.98,83.80,74.90
59.37,59.37,79.88,82.51,74.34
59.87,59.87,80.32,81.50,73.86
53.51,53.51,75.49,82.59,73.74
54.12,54.12,80.41,84.26,75.14
55.46,55.46,84.72,84.28,74.39
56.63,56.63,79.64,83.48,73.50
64.39,64.39,82.48,82.57,75.19
65.88,65.88,91.14,81.40,71.17
70.68,70.68,84.13,77.93,72.93
73.39,73.39,82.14,77.54,72.63
77.20,77.20,81.57,78.29,73.40
74.85,74.85,82.83,81.87,74.95
76.46,76.46,79.31,83.12,74.43
73.99,73.99,80.96,82.71,73.78
72.10,72.10,76.65,82.07,74.81
73.86,73.86,72.00,82.10,74.43
73.57,73.57,76.62,83.00,75.36
72.89,72.89,82.80,83.18,74.56
72.55,72.55,83.96,83.22,73.29
77.22,77.22,82.83,84.17,74.21
78.31,78.31,87.12,83.15,73.63
68.88,68.88,83.86,79.09,72.10
67.15,67.15,82.15,76.86,71.54
72.78,72.78,78.63,78.34,73.02
73.43,73.43,74.81,81.58,74.04
75.87,75.87,74.24,83.60,73.02
77.22,77.22,74.50,82.30,73.93
74.42,74.42,77.27,76.09,75.36
75.57,75.57,72.47,68.68,75.73
77.21,77.21,80.29,76.01,74.30
67.85,67.85,81.41,75.54,75.17
61.54,61.54,81.51,76.54,75.17
57.76,57.76,83.01,78.83,74.73
56.28,56.28,81.85,81.17,74.41
66.15,66.15,90.30,83.58,71.11
68.14,68.14,86.28,74.87,72.63
71.85,71.85,85.29,72.17,73.34
74.47,74.47,85.82,81.03,73.50
76.73,76.73,78.12,82.12,72.37
77.47,77.47,73.94,80.93,73.45
76.15,76.15,71.12,82.22,73.85
69.19,69.19,73.06,72.19,76.82
72.23,72.23,76.16,79.19,75.68
75.28,75.28,79.51,82.83,75.59
72.27,72.27,74.52,83.46,75.39
68.23,68.23,70.31,84.43,77.50
63.03,63.03,73.51,82.40,77.21
63.27,63.27,84.26,78.76,77.91
66.49,66.49,91.85,73.13,73.77
70.87,70.87,79.22,76.18,75.37
80.10,80.10,78.00,80.88,74.65
77.43,77.43,77.92,81.71,73.68
77.26,77.26,71.53,82.10,73.71
75.19,75.19,78.58,81.82,72.94
78.03,78.03,77.44,73.85,74.37
79.80,79.80,74.14,80.20,74.07
79.58,79.58,73.40,83.08,74.95
78.80,78.80,68.05,83.44,74.37
78.52,78.52,68.51,83.56,74.92
74.72,74.72,69.53,82.90,74.81
75.24,75.24,77.35,80.04,74.03
76.13,76.13,87.74,72.43,74.43
67.76,67.76,87.31,76.32,71.58
73.41,73.41,75.85,79.11,72.42
75.44,75.44,79.81,81.82,74.39
79.80,79.80,72.78,82.88,74.07
80.21,80.21,72.90,84.46,72.62
77.50,77.50,76.68,84.79,72.56
76.51,76.51,80.81,84.46,73.48
76.84,76.84,69.33,84.05,73.46
81.47,81.47,73.24,84.06,71.81
81.24,81.24,71.56,84.36,70.52
75.55,75.55,72.97,84.17,68.74
72.53,72.53,85.11,82.70,71.28
68.87,68.87,84.10,82.63,71.00
66.82,66.82,80.04,82.80,72.32
64.71,64.71,75.30,83.69,76.01
72.18,72.18,74.26,82.11,76.15
79.73,79.73,74.63,82.16,75.62
78.70,78.70,72.58,82.84,74.36
78.17,78.17,73.04,79.28,74.41
80.47,80.47,72.31,67.27,74.04
78.01,78.01,72.35,74.29,73.14
76.07,76.07,70.67,81.33,73.74
79.55,79.55,70.36,81.49,73.50
77.29,77.29,74.31,79.01,73.87
75.60,75.60,83.12,75.17,74.18
73.24,73.24,90.60,73.89,71.94
73.20,73.20,84.98,73.38,71.86
75.40,75.40,87.31,71.57,73.87
74.96,74.96,78.13,73.26,73.83
75.80,75.80,83.71,81.13,72.49
78.71,78.71,78.26,83.03,70.86
75.45,75.45,81.41,83.26,71.89
71.39,71.39,85.20,79.78,71.47
63.58,63.58,83.57,72.89,73.14
58.62,58.62,79.70,69.29,73.12
59.58,59.58,83.54,81.60,72.47
54.95,54.95,85.17,79.34,72.10
52.27,52.27,81.51,77.42,73.11
60.10,60.10,89.98,72.97,73.14
63.34,63.34,86.03,77.75,69.52
67.16,67.16,83.56,73.32,72.94
76.60,76.60,83.93,73.12,73.31
75.16,75.16,79.75,76.99,72.96
77.51,77.51,76.03,75.70,74.55
78.58,78.58,71.35,76.98,74.56
76.88,76.88,81.11,76.33,74.43
79.26,79.26,78.84,75.40,74.23
77.50,77.50,76.48,81.02,74.73
77.30,77.30,77.69,81.62,73.67
78.63,78.63,74.10,78.10,75.20
80.18,80.18,74.86,74.68,75.55
79.95,79.95,81.07,74.97,74.11
77.08,77.08,87.10,76.05,73.41
76.66,76.66,86.97,73.97,71.76
76.92,76.92,79.42,70.50,72.96
78.55,78.55,81.84,75.46,74.75
75.49,75.49,73.64,73.79,74.04
75.43,75.43,77.90,70.70,73.87
74.56,74.56,81.10,77.38,74.42
71.16,71.16,75.65,76.29,74.28
66.68,66.68,71.07,74.14,76.28
71.00,71.00,74.31,77.98,75.20
69.41,69.41,76.72,79.29,77.06
67.32,67.32,76.94,77.08,76.40
63.30,63.30,73.91,77.99,76.47
58.33,58.33,76.81,76.86,74.50
59.39,59.39,88.81,81.42,75.73
65.87,65.87,82.18,79.97,74.11
66.52,66.52,78.23,73.42,74.09
77.18,77.18,74.44,80.24,74.93
75.74,75.74,74.10,79.68,75.57
77.87,77.87,72.20,79.91,74.00
79.49,79.49,71.15,79.76,75.42
79.45,79.45,71.21,76.47,75.38
77.73,77.73,71.18,77.65,75.49
77.48,77.48,70.11,76.65,76.27
74.74,74.74,69.75,78.49,75.36
75.47,75.47,72.09,79.11,75.61
76.95,76.95,75.47,75.25,75.42
74.33,74.33,89.88,74.06,72.90
70.17,70.17,87.45,68.57,73.39
66.90,66.90,88.43,74.84,74.78
71.28,71.28,83.78,76.05,73.22
73.78,73.78,77.33,73.85,74.85
76.35,76.35,78.32,76.26,74.47
75.13,75.13,74.48,71.69,76.79
73.47,73.47,69.53,72.99,76.82
74.25,74.25,71.04,77.48,77.01
69.46,69.46,72.54,75.24,77.74
71.81,71.81,70.90,74.39,76.61
73.56,73.56,69.21,77.49,77.51
70.29,70.29,72.63,74.19,76.19
68.93,68.93,77.34,71.21,76.36
66.66,66.66,87.64,69.55,75.32
66.51,66.51,80.64,67.72,72.23
81.55,81.55,78.42,67.39,74.39
81.55,81.55,74.74,73.38,74.23
84.86,84.86,76.21,79.66,73.47
80.51,80.51,74.27,79.37,74.33
80.35,80.35,75.23,78.34,74.51
77.77,77.77,73.99,75.14,74.77
80.37,80.37,73.73,75.64,75.14
79.20,79.20,70.86,76.42,76.04
81.26,81.26,69.66,74.17,74.41
78.57,78.57,71.83,77.23,74.37
77.10,77.10,77.26,73.26,74.33
77.19,77.19,79.39,64.38,76.23
77.52,77.52,87.83,69.85,73.61
81.78,81.78,75.45,67.67,73.66
81.03,81.03,80.01,74.89,75.15
77.86,77.86,75.21,75.53,75.17
78.41,78.41,71.88,75.41,75.95
81.60,81.60,76.49,75.63,76.14
82.90,82.90,76.62,77.32,75.84
82.52,82.52,72.02,77.47,73.70
82.46,82.46,71.49,73.53,74.70
79.53,79.53,70.52,76.71,74.24
77.13,77.13,71.09,78.26,74.90
78.18,78.18,70.97,75.59,73.30
77.91,77.91,76.17,74.92,73.90
75.89,75.89,88.52,74.89,74.07
74.31,74.31,80.26,75.29,72.95
74.28,74.28,77.94,77.39,75.88
80.02,80.02,75.54,79.71,75.65
83.32,83.32,73.31,79.42,74.39
83.20,83.20,72.60,77.58,74.18
84.17,84.17,70.84,79.22,74.79
80.07,80.07,71.59,82.29,74.64
78.26,78.26,71.64,82.43,74.02
77.49,77.49,71.18,81.51,74.97
71.89,71.89,69.15,81.61,74.49
75.92,75.92,71.72,81.68,75.35
82.12,82.12,76.76,75.18,74.92
76.52,76.52,91.07,74.12,72.47
76.22,76.22,87.42,66.69,71.36
77.89,77.89,87.39,70.78,71.70
79.18,79.18,79.58,77.13,72.60
78.46,78.46,79.34,77.78,75.28
79.84,79.84,73.72,74.92,73.69
80.79,80.79,74.65,79.86,74.55
81.01,81.01,71.86,83.05,74.92
78.23,78.23,76.38,82.40,73.88
78.27,78.27,75.39,72.45,76.43
78.22,78.22,74.29,76.76,75.17
74.61,74.61,76.31,83.43,73.45
70.98,70.98,78.90,79.97,74.15
68.93,68.93,84.09,72.37,74.31
67.28,67.28,93.29,72.63,70.69
73.51,73.51,87.54,68.98,73.38
79.51,79.51,80.89,65.28,74.55
74.96,74.96,78.06,69.53,74.01
77.88,77.88,76.41,71.74,72.11
77.35,77.35,75.10,77.47,73.19
79.31,79.31,80.01,79.19,75.42
80.36,80.36,79.39,75.87,74.82
78.61,78.61,71.91,68.21,75.49
81.81,81.81,74.41,66.03,75.34
80.68,80.68,74.03,69.18,74.44
70.96,70.96,73.36,62.37,73.01
66.94,66.94,80.05,69.99,72.75
63.66,63.66,93.02,72.96,70.21
61.36,61.36,88.81,70.50,71.34
66.22,66.22,82.63,70.01,73.15
66.36,66.36,76.81,74.16,75.45
71.45,71.45,85.85,75.02,73.97
72.35,72.35,83.37,75.53,75.06
70.64,70.64,81.23,75.51,74.91
71.59,71.59,82.11,72.79,73.69
73.42,73.42,80.45,71.44,74.43
70.24,70.24,77.69,76.03,74.06
69.52,69.52,73.64,75.72,75.29
71.04,71.04,73.93,75.21,75.95
72.03,72.03,73.56,79.10,74.53
65.95,65.95,81.85,78.06,73.75
62.79,62.79,86.06,77.37,74.46
72.51,72.51,81.46,80.13,74.48
70.59,70.59,77.58,77.08,76.20
67.81,67.81,74.39,78.28,77.35
75.10,75.10,75.21,79.37,75.29
78.08,78.08,75.99,73.47,76.50
75.91,75.91,74.89,73.28,75.36
73.31,73.31,75.00,73.26,76.30
73.84,73.84,72.37,79.17,74.35
75.36,75.36,72.11,78.23,74.91
78.94,78.94,71.00,77.02,75.69
81.38,81.38,74.79,76.25,75.19
74.99,74.99,80.80,70.39,74.06
65.11,65.11,91.08,75.96,72.20
67.12,67.12,85.85,75.73,74.62
65.86,65.86,82.84,76.38,76.35
62.62,62.62,78.17,70.57,77.02
65.52,65.52,74.33,70.15,77.05
63.55,63.55,76.07,70.99,76.85
60.28,60.28,75.30,73.07,77.23
64.08,64.08,74.48,72.18,76.98
68.06,68.06,73.68,75.66,77.42
70.92,70.92,70.70,76.74,76.83
73.37,73.37,69.04,75.08,77.18
74.45,74.45,67.34,74.24,76.69
74.61,74.61,72.66,72.88,76.40
72.63,72.63,85.57,70.89,75.97
70.84,70.84,87.83,71.20,73.04
69.94,69.94,76.01,68.43,72.79
69.97,69.97,75.79,74.46,73.81
75.95,75.95,76.70,72.72,75.73
77.10,77.10,73.52,75.05,75.68
76.95,76.95,78.86,75.51,76.51
74.88,74.88,73.92,76.42,76.03
76.85,76.85,75.69,72.43,75.48
75.67,75.67,72.68,75.81,76.06
75.73,75.73,71.24,75.78,77.03
74.85,74.85,71.95,76.12,75.59
75.63,75.63,72.99,74.61,76.58
77.25,77.25,75.65,68.79,75.84
74.12,74.12,89.60,69.13,74.69
73.44,73.44,86.05,69.71,71.93
73.49,73.49,77.92,73.89,75.07
76.02,76.02,73.43,77.02,76.05
77.34,77.34,76.79,76.17,75.14
76.63,76.63,73.29,77.09,76.24
77.96,77.96,76.95,73.90,76.15
75.97,75.97,78.36,72.35,76.21
75.22,75.22,73.37,74.60,77.01
72.15,72.15,73.20,75.91,75.67
68.14,68.14,70.68,74.72,75.93
61.23,61.23,71.21,72.42,75.74
56.70,56.70,74.41,74.76,74.94
63.80,63.80,87.33,65.98,73.18
71.90,71.90,83.45,72.16,74.41
77.81,77.81,73.73,77.69,73.32
79.66,79.66,72.91,73.83,75.24
81.51,81.51,77.15,73.83,74.61
82.12,82.12,76.52,73.40,74.47
80.48,80.48,84.45,73.55,75.33
78.05,78.05,81.97,77.47,72.79
82.73,82.73,74.87,77.04,72.83
80.35,80.35,72.39,82.13,73.25
81.94,81.94,74.06,79.07,73.62
81.87,81.87,71.98,77.67,73.32
79.75,79.75,74.54,75.46,73.56
74.88,74.88,91.73,75.02,71.35
76.62,76.62,85.48,68.67,72.01
75.74,75.74,87.40,72.10,73.24
77.51,77.51,80.22,73.14,72.92
76.88,76.88,80.65,77.59,72.82
74.01,74.01,74.71,77.24,73.97
70.70,70.70,72.32,76.17,76.30
69.06,69.06,74.35,76.72,77.20
64.15,64.15,76.87,71.51,77.44
67.24,67.24,74.57,67.42,74.76
68.97,68.97,72.46,78.46,75.28
70.42,70.42,72.23,78.86,74.18
67.24,67.24,75.06,75.02,74.04
65.22,65.22,84.37,66.47,76.43
63.91,63.91,90.82,65.61,71.93
69.16,69.16,82.09,65.79,71.51
73.51,73.51,86.33,68.44,73.47
77.43,77.43,85.14,71.66,75.17
79.99,79.99,83.86,66.50,75.23
78.63,78.63,79.34,67.37,74.36
78.58,78.58,76.56,72.38,75.06
78.04,78.04,81.08,72.06,74.88
80.42,80.42,78.33,71.85,74.66
79.93,79.93,81.57,71.56,74.00
79.07,79.07,80.97,73.01,73.61
80.11,80.11,82.96,73.45,73.51
79.52,79.52,82.97,70.25,75.33
75.81,75.81,86.14,63.55,73.78
81.18,81.18,82.43,63.88,75.00
84.48,84.48,86.19,75.35,75.68
82.08,82.08,79.98,75.15,75.97
83.96,83.96,83.81,75.56,75.84
84.47,84.47,79.28,76.60,77.07
83.11,83.11,85.86,76.45,76.47
79.88,79.88,79.73,75.96,76.19
76.14,76.14,79.63,75.47,76.29
78.56,78.56,77.66,75.71,75.95
78.11,78.11,84.01,75.80,74.12
73.77,73.77,84.73,75.27,74.86
70.28,70.28,77.52,77.74,73.99
69.36,69.36,87.23,77.91,72.57
73.37,73.37,82.47,76.06,72.55
77.80,77.80,79.51,71.78,72.56
81.48,81.48,78.04,77.77,71.57
80.61,80.61,77.05,78.40,71.90
77.00,77.00,79.40,76.69,72.67
77.36,77.36,82.86,74.08,73.74
82.88,82.88,76.73,74.36,71.21
80.48,80.48,76.73,74.17,70.31
81.86,81.86,74.00,74.32,69.57
83.78,83.78,75.36,70.59,71.23
82.93,82.93,76.02,62.53,70.80
82.99,82.99,79.25,65.91,70.49
78.70,78.70,84.81,71.56,72.06
79.66,79.66,83.35,72.73,72.10
81.59,81.59,80.23,69.27,74.39
77.65,77.65,78.65,71.10,75.40
78.03,78.03,78.72,76.07,75.56
75.99,75.99,74.65,78.69,76.39
78.36,78.36,69.47,77.03,74.30
77.54,77.54,71.32,75.82,74.83
76.25,76.25,69.44,76.35,74.91
75.77,75.77,67.84,73.43,74.09
75.22,75.22,75.22,69.72,70.88
73.53,73.53,71.77,63.19,68.92
65.31,65.31,69.11,59.56,66.41
60.56,60.56,76.44,63.90,66.64
61.77,61.77,92.10,71.70,69.69
59.57,59.57,87.34,75.17,68.08
69.24,69.24,82.62,69.55,70.70
75.86,75.86,86.06,75.89,74.03
78.37,78.37,84.12,74.82,73.48
77.67,77.67,79.82,74.13,75.06
80.54,80.54,81.89,76.16,75.25
79.05,79.05,80.82,78.75,75.01
80.78,80.78,79.03,79.18,76.99
78.94,78.94,76.32,77.98,76.42
78.47,78.47,80.77,78.21,77.10
80.51,80.51,80.18,77.44,75.86
81.43,81.43,83.42,72.01,75.05
80.58,80.58,88.08,66.38,75.39
77.08,77.08,88.42,69.11,73.70
79.05,79.05,83.59,69.23,74.28
78.73,78.73,86.66,70.95,76.15
78.13,78.13,78.37,73.63,76.22
78.18,78.18,77.23,74.68,76.43
76.25,76.25,82.51,73.87,75.85
74.88,74.88,84.49,71.51,74.91
73.83,73.83,85.00,71.30,76.30
74.50,74.50,86.19,72.66,76.28
77.90,77.90,79.32,73.89,75.84
78.33,78.33,80.55,74.38,77.16
79.15,79.15,85.94,74.91,75.06
74.24,74.24,84.30,76.15,70.51
69.51,69.51,90.35,75.78,72.97
70.12,70.12,85.39,76.98,72.71
72.06,72.06,79.85,69.70,72.95
76.24,76.24,82.31,78.15,74.30
79.06,79.06,82.43,80.79,74.14
80.96,80.96,81.07,77.39,73.60
80.91,80.91,80.21,74.77,73.84
78.41,78.41,78.88,76.19,74.99
82.39,82.39,75.17,74.84,71.84
83.68,83.68,81.39,73.66,69.46
80.90,80.90,81.33,70.87,70.04
80.18,80.18,77.45,66.03,69.85
82.16,82.16,76.95,66.61,69.81
79.27,79.27,85.77,61.16,74.06
79.13,79.13,84.13,55.74,74.17
77.10,77.10,80.17,65.69,75.29
77.90,77.90,81.37,77.05,76.03
79.57,79.57,76.04,77.55,75.69
75.70,75.70,73.08,76.45,74.16
77.06,77.06,69.61,75.73,72.03
78.48,78.48,71.06,74.41,70.41
76.48,76.48,72.22,71.12,69.51
74.91,74.91,70.84,65.47,67.09
75.28,75.28,69.49,63.98,66.26
77.03,77.03,70.39,58.55,65.09
69.93,69.93,72.71,57.11,66.11
65.00,65.00,73.36,57.86,65.67
69.81,69.81,84.02,59.03,71.29
66.78,66.78,91.23,74.09,69.43
73.87,73.87,80.98,70.67,72.05
77.49,77.49,80.58,65.98,74.29
77.68,77.68,84.74,69.40,75.18
78.19,78.19,84.64,74.84,75.57
80.65,80.65,75.31,75.49,75.46
77.67,77.67,75.31,74.58,75.69
77.97,77.97,80.88,72.90,75.18
80.08,80.08,72.68,74.26,75.67
80.18,80.18,78.75,74.40,75.57
82.32,82.32,77.85,73.92,75.87
78.37,78.37,81.51,72.88,75.06
75.18,75.18,83.98,72.91,75.20
75.16,75.16,90.37,73.59,71.84
77.05,77.05,86.85,70.30,75.47
77.08,77.08,80.52,72.29,76.22
77.37,77.37,83.66,76.58,75.69
79.31,79.31,81.12,78.33,75.85
81.81,81.81,80.37,78.43,76.44
81.71,81.71,82.73,79.82,75.82
78.30,78.30,81.69,80.09,76.14
77.58,77.58,75.22,79.57,75.37
79.73,79.73,76.51,81.10,73.22
75.43,75.43,81.12,81.87,74.14
71.39,71.39,85.31,81.56,73.77
76.43,76.43,77.25,80.92,69.06
71.73,71.73,82.42,77.28,72.19
66.51,66.51,87.58,77.06,71.85
59.76,59.76,81.65,77.22,71.12
60.38,60.38,80.59,80.96,74.02
59.98,59.98,80.69,82.23,73.19
55.81,55.81,78.36,82.03,72.65
55.65,55.65,76.84,78.83,71.79
54.20,54.20,75.06,75.66,71.67
54.53,54.53,82.47,75.27,70.67
50.31,50.31,78.37,72.31,68.91
44.72,44.72,77.65,65.30,67.56
45.69,45.69,78.47,57.89,66.59
46.31,46.31,77.99,61.62,67.22
55.52,55.52,80.10,68.27,68.31
54.24,54.24,91.82,74.15,67.12
66.21,66.21,88.32,70.65,72.43
75.69,75.69,87.92,75.92,73.93
78.96,78.96,76.64,76.30,76.30
80.80,80.80,79.67,73.60,77.69
79.89,79.89,72.94,69.92,78.40
79.78,79.78,79.95,69.36,77.93
80.30,80.30,78.38,71.53,76.38
81.65,81.65,81.11,71.21,75.34
82.68,82.68,77.12,71.44,74.29
78.07,78.07,77.96,72.00,76.32
78.58,78.58,74.01,73.88,74.89
78.13,78.13,74.40,75.14,72.99
76.07,76.07,82.74,78.93,72.29
71.85,71.85,89.85,79.08,70.60
74.18,74.18,85.84,76.64,74.01
75.53,75.53,80.73,78.75,72.85
77.93,77.93,81.61,80.53,74.22
80.33,80.33,79.07,80.35,74.87
78.94,78.94,79.55,81.00,75.57
77.97,77.97,75.14,81.96,75.84
75.45,75.45,74.26,82.71,75.88
72.25,72.25,73.67,82.60,75.69
69.61,69.61,76.17,80.99,75.95
68.73,68.73,75.81,79.91,76.93
65.91,65.91,74.32,79.28,76.48
65.03,65.03,78.55,76.85,76.28
65.79,65.79,84.09,68.69,75.79
66.83,66.83,82.91,78.94,75.03
72.16,72.16,80.24,81.19,74.77
76.41,76.41,78.42,81.41,74.25
76.49,76.49,77.96,80.19,74.42
79.11,79.11,81.82,66.85,74.02
78.37,78.37,83.21,72.23,74.66
77.96,77.96,85.02,79.27,72.18
76.10,76.10,77.32,81.11,73.65
74.23,74.23,76.46,81.08,74.01
65.16,65.16,75.79,80.69,74.64
64.71,64.71,76.55,81.41,74.96
58.58,58.58,79.21,79.21,74.14
63.27,63.27,85.65,75.84,75.43
64.37,64.37,84.22,81.29,74.86
68.34,68.34,82.77,82.08,73.56
76.00,76.00,73.77,82.25,74.15
81.29,81.29,73.88,82.78,75.09
78.45,78.45,70.52,80.02,75.00
79.88,79.88,73.33,74.59,74.41
78.03,78.03,84.47,78.71,74.81
76.12,76.12,81.88,76.14,74.76
80.98,80.98,76.79,78.57,75.51
79.40,79.40,72.12,79.33,74.65
78.81,78.81,74.27,79.99,75.62
78.93,78.93,71.74,81.43,74.08
80.55,80.55,83.15,82.57,74.61
83.21,83.21,82.08,81.30,73.74
84.20,84.20,77.80,78.80,75.43
80.52,80.52,73.28,76.44,75.55
77.41,77.41,67.37,68.35,75.59
76.07,76.07,73.86,67.06,74.39
76.57,76.57,70.29,62.12,76.21
71.85,71.85,86.58,66.35,75.71
58.90,58.90,83.75,71.26,74.23
59.61,59.61,83.48,72.68,74.56
58.59,58.59,73.16,77.62,74.35
55.18,55.18,72.35,74.23,75.26
61.13,61.13,78.63,73.24,75.19
62.28,62.28,84.31,67.83,73.89
64.99,64.99,79.93,69.72,76.31
64.04,64.04,91.13,78.22,71.79
75.87,75.87,82.84,73.79,74.70
77.27,77.27,83.50,74.60,74.14
79.05,79.05,80.67,74.64,74.37
75.77,75.77,78.27,78.08,74.62
78.19,78.19,74.69,81.29,74.90
78.05,78.05,76.90,84.82,73.92
79.43,79.43,74.67,84.51,73.64
81.67,81.67,73.56,84.02,74.27
81.19,81.19,72.49,84.74,75.35
78.10,78.10,70.90,85.45,74.23
80.95,80.95,69.75,85.81,75.85
79.76,79.76,70.41,85.85,75.39
77.60,77.60,70.46,84.91,75.28
75.59,75.59,72.29,82.92,74.91
76.30,76.30,71.98,78.61,74.64
76.38,76.38,72.22,76.86,76.04
73.52,73.52,71.21,83.59,75.76
74.73,74.73,70.68,81.00,74.50
76.32,76.32,71.11,81.42,75.13
75.28,75.28,69.43,83.57,76.16
73.63,73.63,69.71,86.35,74.85
75.50,75.50,68.04,85.05,76.39
73.87,73.87,67.31,84.19,74.61
72.52,72.52,69.85,84.06,75.03
71.05,71.05,77.67,81.62,74.91
70.51,70.51,86.80,81.15,74.14
78.25,78.25,79.71,82.77,74.31
82.68,82.68,75.92,78.58,75.44
79.75,79.75,75.37,73.86,74.08
77.31,77.31,73.82,77.58,75.07
79.91,79.91,73.23,78.32,74.49
83.14,83.14,72.86,79.31,74.56
77.82,77.82,72.17,79.04,74.75
77.89,77.89,72.01,77.33,74.89
77.51,77.51,71.63,77.73,75.94
79.65,79.65,70.35,81.70,75.91
79.77,79.77,71.92,82.46,76.41
80.87,80.87,81.98,75.14,75.81
77.68,77.68,86.38,73.34,75.27
77.77,77.77,85.85,73.13,75.23
79.94,79.94,81.87,76.71,75.68
77.23,77.23,76.30,77.78,74.96
77.50,77.50,79.59,73.78,74.74
79.72,79.72,77.99,80.80,77.03
84.01,84.01,73.23,70.95,75.76
81.97,81.97,76.17,77.14,76.90
80.41,80.41,79.06,82.26,74.94
81.63,81.63,76.31,76.74,75.11
77.14,77.14,76.41,81.59,73.84
77.76,77.76,76.18,82.67,73.23
79.06,79.06,72.71,80.54,73.74
76.94,76.94,76.62,79.87,74.58
77.24,77.24,87.24,77.75,73.82
78.46,78.46,83.36,73.32,71.98
78.41,78.41,79.48,77.65,72.80
80.37,80.37,82.96,80.09,73.50
78.01,78.01,80.37,81.78,73.35
79.41,79.41,78.33,81.30,73.23
78.17,78.17,78.06,80.81,75.26
79.38,79.38,83.36,78.55,72.48
80.88,80.88,77.50,79.02,73.87
78.85,78.85,75.77,76.17,75.23
78.21,78.21,83.60,80.38,75.40
82.12,82.12,79.26,81.39,75.41
80.51,80.51,82.34,80.01,76.33
79.93,79.93,86.86,79.34,75.11
82.04,82.04,85.88,78.06,72.94
83.68,83.68,83.89,81.07,74.95
82.35,82.35,84.37,82.69,74.46
79.20,79.20,74.33,82.39,74.83
81.32,81.32,80.76,82.59,75.59
78.37,78.37,73.58,82.70,75.78
81.72,81.72,79.03,81.76,76.77
81.54,81.54,74.00,82.08,73.52
79.75,79.75,78.59,84.29,76.01
77.68,77.68,80.24,85.89,75.00
80.91,80.91,81.35,85.45,73.69
83.36,83.36,79.32,84.43,73.23
78.19,78.19,84.14,83.95,74.13
74.05,74.05,85.94,81.16,73.23
73.47,73.47,80.51,78.83,73.55
73.10,73.10,80.28,80.48,73.96
79.19,79.19,80.33,78.13,73.22
75.19,75.19,79.67,81.41,75.66
76.92,76.92,77.95,80.95,74.30
70.96,70.96,74.98,81.91,73.55
76.23,76.23,74.59,83.58,74.95
72.63,72.63,72.89,83.73,75.59
74.99,74.99,72.47,84.32,77.49
70.92,70.92,72.63,84.01,77.15
69.07,69.07,73.75,83.30,76.41
71.66,71.66,77.57,83.15,75.98
65.08,65.08,89.44,83.65,72.59
65.15,65.15,88.08,77.53,73.48
57.86,57.86,86.48,71.87,74.10
56.65,56.65,80.49,73.52,73.68
58.13,58.13,76.80,76.59,75.42
58.34,58.34,77.86,77.54,75.42
58.43,58.43,73.94,81.26,75.55
59.21,59.21,71.47,82.20,78.15
54.47,54.47,69.50,79.38,76.76
55.12,55.12,72.94,79.11,77.44
53.17,53.17,71.00,81.92,76.76
56.32,56.32,71.11,82.38,77.15
57.13,57.13,75.42,77.74,76.12
54.52,54.52,85.42,76.27,75.76
52.45,52.45,87.74,77.90,74.12
56.60,56.60,78.50,71.31,75.74
54.08,54.08,83.81,76.50,75.62
55.11,55.11,82.87,78.53,76.87
55.74,55.74,79.08,80.01,77.27
53.90,53.90,74.28,81.93,77.19
48.94,48.94,75.43,83.75,76.44
47.36,47.36,73.66,84.21,76.25
44.01,44.01,71.64,83.96,75.80
41.03,41.03,71.28,84.83,75.74
41.68,41.68,69.51,85.39,75.20
51.66,51.66,72.12,84.40,74.50
63.23,63.23,76.58,84.67,74.81
67.98,67.98,88.38,84.64,73.00
68.40,68.40,81.46,80.45,73.85
74.44,74.44,78.23,79.11,75.27
75.86,75.86,75.57,77.61,75.44
75.85,75.85,75.44,79.28,74.32
77.07,77.07,77.28,77.03,76.93
76.12,76.12,76.05,80.61,76.38
72.01,72.01,75.37,80.97,75.99
71.19,71.19,69.95,82.98,75.66
67.87,67.87,67.95,83.75,75.95
67.61,67.61,67.16,84.17,74.95
68.50,68.50,68.25,83.30,75.52
68.36,68.36,71.31,82.83,73.21
66.80,66.80,82.09,81.43,76.05
63.86,63.86,85.96,81.34,73.23
65.67,65.67,78.59,80.17,72.72
64.62,64.62,75.59,77.82,74.44
68.20,68.20,74.50,79.25,78.49
67.44,67.44,73.77,81.22,77.26
68.63,68.63,72.10,79.76,76.97
73.49,73.49,71.55,83.08,77.52
73.87,73.87,70.98,83.11,75.85
71.91,71.91,73.25,81.52,74.69
69.25,69.25,70.83,84.52,76.39
69.51,69.51,72.95,84.75,76.21
67.56,67.56,77.71,82.46,77.03
69.02,69.02,82.38,82.44,76.61
71.75,71.75,89.98,83.44,70.33
70.50,70.50,85.64,78.57,73.55
70.21,70.21,84.55,81.89,73.99
73.25,73.25,79.52,80.66,74.76
75.29,75.29,78.09,79.69,75.37
74.94,74.94,76.49,81.99,75.19
74.30,74.30,74.11,81.86,76.30
77.79,77.79,72.12,73.74,75.68
78.80,78.80,73.30,75.30,76.50
77.31,77.31,72.00,77.78,75.43
78.43,78.43,72.43,81.88,73.96
80.11,80.11,72.53,81.55,72.81
81.29,81.29,80.65,77.65,74.61
83.19,83.19,84.75,72.95,73.07
80.71,80.71,89.23,70.98,71.34
82.06,82.06,81.69,74.14,71.14
77.64,77.64,79.68,78.83,71.33
81.09,81.09,79.41,82.21,72.73
80.84,80.84,80.42,82.28,71.45
81.93,81.93,80.68,81.38,73.25
81.11,81.11,74.35,77.06,74.80
79.17,79.17,76.22,70.52,73.86
80.19,80.19,74.02,75.37,74.93
81.56,81.56,80.16,78.58,73.82
78.78,78.78,73.40,78.13,72.64
78.65,78.65,72.87,77.86,73.00
81.44,81.44,82.02,80.10,75.11
78.94,78.94,87.00,81.53,70.93
81.16,81.16,80.18,79.80,72.52
81.68,81.68,83.97,80.39,74.55
80.47,80.47,74.28,77.35,73.47
79.25,79.25,81.46,76.72,72.12
79.11,79.11,78.91,79.62,73.61
77.70,77.70,82.19,80.30,73.22
75.60,75.60,71.93,77.17,73.73
74.91,74.91,80.21,81.29,72.66
71.40,71.40,83.28,82.79,73.12
68.29,68.29,81.74,84.24,73.57
67.99,67.99,81.17,83.32,72.15
65.96,65.96,81.45,81.48,73.06
63.24,63.24,87.10,75.55,71.95
64.84,64.84,79.67,65.71,71.84
74.93,74.93,79.65,74.01,73.07
77.50,77.50,81.36,74.13,71.61
77.81,77.81,80.69,77.52,73.53
78.68,78.68,79.39,76.32,73.72
78.61,78.61,80.06,78.18,74.55
77.06,77.06,80.14,77.48,75.30
78.07,78.07,84.09,76.96,75.82
79.38,79.38,77.74,76.47,75.76
77.74,77.74,75.21,76.97,73.24
78.25,78.25,81.02,75.27,72.96
76.21,76.21,80.65,74.58,72.98
71.32,71.32,80.72,75.38,72.86
71.25,71.25,83.69,67.82,72.57
73.43,73.43,81.47,72.98,74.27
75.36,75.36,79.32,73.66,74.43
76.13,76.13,84.17,75.69,74.21
74.16,74.16,80.17,81.54,73.71
75.05,75.05,79.92,79.71,73.07
75.47,75.47,74.93,76.92,74.35
74.11,74.11,77.74,74.66,75.88
78.08,78.08,79.31,82.36,75.29
76.72,76.72,77.08,82.47,74.98
75.98,75.98,75.19,82.89,74.07
75.94,75.94,78.31,79.98,74.16
70.76,70.76,86.33,71.19,75.61
69.86,69.86,87.00,70.54,71.38
73.87,73.87,86.67,71.65,74.04
79.30,79.30,81.18,75.93,72.11
76.41,76.41,86.13,81.42,72.91
78.81,78.81,82.56,84.27,72.97
79.80,79.80,76.73,84.72,74.08
76.16,76.16,82.59,84.74,72.62
78.18,78.18,74.79,85.05,73.30
80.03,80.03,74.60,84.49,73.78
79.87,79.87,78.55,83.95,72.04
78.14,78.14,83.03,85.05,73.46
76.13,76.13,82.37,85.35,74.48
77.64,77.64,81.04,80.91,74.27
76.06,76.06,87.59,74.77,75.89
74.81,74.81,87.40,75.47,74.79
76.99,76.99,83.06,71.69,76.33
76.33,76.33,81.22,69.85,77.17
76.00,76.00,80.70,76.44,76.16
78.29,78.29,76.60,79.38,76.75
80.91,80.91,75.19,80.92,76.35
81.72,81.72,81.56,81.99,76.54
80.55,80.55,68.02,82.15,76.11
80.97,80.97,71.57,82.12,75.28
80.56,80.56,73.08,82.28,74.34
78.27,78.27,76.62,82.33,74.35
78.96,78.96,75.86,81.95,72.95
74.97,74.97,81.22,80.83,73.52
73.45,73.45,88.07,80.80,71.88
72.13,72.13,81.47,81.70,72.96
69.28,69.28,78.67,80.88,74.82
76.49,76.49,78.82,80.00,74.91
73.84,73.84,81.20,79.41,75.91
75.26,75.26,79.06,77.16,74.55
75.82,75.82,76.98,76.36,74.92
76.37,76.37,76.17,76.39,75.64
74.71,74.71,74.60,76.10,74.65
75.19,75.19,76.18,75.38,75.62
78.29,78.29,78.56,76.38,75.18
79.78,79.78,75.48,78.75,75.79
76.44,76.44,70.91,79.69,76.76
71.12,71.12,85.75,82.76,73.36
73.69,73.69,85.09,82.00,72.53
72.68,72.68,88.65,80.04,72.77
73.74,73.74,82.34,75.07,73.54
73.46,73.46,74.53,74.31,75.17
73.51,73.51,80.13,80.42,74.21
72.55,72.55,75.17,81.89,75.03
73.11,73.11,71.13,82.12,75.20
74.39,74.39,77.16,80.96,75.29
76.72,76.72,74.71,83.32,74.52
73.31,73.31,71.06,85.60,74.11
75.53,75.53,68.08,86.47,74.96
75.36,75.36,69.74,85.09,75.06
71.88,71.88,75.34,84.24,74.80
71.84,71.84,85.93,84.97,74.95
74.33,74.33,82.29,84.43,74.62
73.79,73.79,75.39,83.76,74.03
78.51,78.51,73.68,84.02,74.64
77.45,77.45,73.62,84.61,75.54
75.61,75.61,72.56,85.36,74.42
76.45,76.45,74.09,84.64,73.78
79.71,79.71,75.71,80.93,75.17
78.12,78.12,69.80,79.07,74.49
83.36,83.36,73.41,81.09,75.02
84.46,84.46,68.85,83.68,76.03
81.14,81.14,70.08,83.66,76.23
83.01,83.01,71.40,83.05,75.67
78.75,78.75,85.12,83.26,75.76
76.03,76.03,87.39,83.61,72.30
80.20,80.20,73.85,81.73,73.79
78.47,78.47,80.45,81.10,73.39
77.52,77.52,76.20,82.65,74.51
79.01,79.01,73.24,84.23,74.65
81.58,81.58,74.65,84.26,76.62
81.60,81.60,78.14,84.05,75.88
79.67,79.67,69.44,84.29,75.33
78.17,78.17,70.76,84.87,73.46
74.99,74.99,68.19,85.78,73.69
70.29,70.29,67.62,85.57,74.70
71.02,71.02,69.60,85.39,75.10
70.02,70.02,75.78,84.50,74.16
73.00,73.00,87.86,82.52,72.62
77.44,77.44,78.38,82.54,73.55
79.83,79.83,76.38,79.25,74.59
82.34,82.34,73.45,72.87,74.18
80.89,80.89,72.87,74.18,73.69
77.86,77.86,71.88,74.60,72.50
76.29,76.29,72.70,73.79,75.44
79.76,79.76,73.34,71.62,73.69
77.68,77.68,71.52,73.60,74.49
78.62,78.62,71.57,79.13,73.10
80.47,80.47,71.90,80.74,73.33
78.58,78.58,73.45,79.75,73.15
77.72,77.72,77.82,76.12,74.94
77.96,77.96,87.42,76.98,74.59
67.76,67.76,89.59,79.55,70.67
73.35,73.35,87.61,77.79,72.43
72.92,72.92,85.22,80.81,74.55
73.45,73.45,82.23,81.42,74.53
73.21,73.21,77.96,82.25,75.49
68.18,68.18,77.97,85.09,77.26
64.48,64.48,76.36,85.07,75.24
63.68,63.68,75.39,79.38,75.70
61.07,61.07,74.67,77.86,75.03
59.90,59.90,79.24,85.05,74.92
61.66,61.66,78.18,85.45,75.21
60.80,60.80,81.59,84.82,75.29
58.58,58.58,79.63,85.70,73.40
56.46,56.46,87.53,85.30,73.82
57.18,57.18,76.98,82.21,74.99
56.74,56.74,78.85,77.89,74.58
61.90,61.90,78.94,77.86,76.44
57.83,57.83,83.06,82.42,76.92
55.53,55.53,77.36,83.34,76.38
54.92,54.92,79.46,81.88,76.29
55.24,55.24,72.84,81.83,75.99
54.87,54.87,75.25,83.87,74.64
61.79,61.79,81.29,83.13,75.38
63.65,63.65,71.25,81.38,73.83
64.99,64.99,76.36,81.08,73.92
71.47,71.47,82.09,78.54,74.57
72.65,72.65,91.35,75.63,71.97
74.91,74.91,87.75,78.35,71.33
76.61,76.61,85.63,80.05,71.59
76.84,76.84,82.25,79.96,74.23
75.23,75.23,78.18,81.16,75.27
75.80,75.80,75.45,80.35,73.44
73.68,73.68,82.35,80.06,72.62
74.88,74.88,77.86,81.19,75.19
67.66,67.66,74.83,82.56,75.85
68.50,68.50,80.97,83.26,75.36
62.34,62.34,85.61,83.23,74.96
55.88,55.88,81.00,82.84,74.06
58.32,58.32,79.25,79.71,72.78
63.06,63.06,85.86,73.71,74.11
64.25,64.25,83.37,78.91,74.51
74.50,74.50,83.42,81.40,74.94
74.02,74.02,82.00,76.85,76.07
75.26,75.26,79.34,76.76,74.06
76.45,76.45,76.74,79.67,75.64
74.89,74.89,84.65,77.70,75.83
71.98,71.98,84.28,74.98,75.35
64.89,64.89,79.78,68.64,76.64
60.19,60.19,71.50,74.87,77.82
52.66,52.66,75.95,77.34,77.71
50.06,50.06,82.90,79.36,77.39
52.49,52.49,80.94,80.66,76.66
55.65,55.65,86.85,81.57,74.59
60.05,60.05,82.74,78.52,74.95
64.53,64.53,81.33,73.51,75.18
74.92,74.92,83.96,71.76,78.46
80.95,80.95,84.20,71.97,76.27
82.98,82.98,81.69,73.86,74.32
79.26,79.26,77.75,69.82,73.72
80.97,80.97,83.42,71.17,73.02
78.86,78.86,85.20,72.93,72.87
80.96,80.96,81.30,76.14,74.67
77.84,77.84,75.09,77.39,75.23
77.47,77.47,76.97,77.04,74.90
79.74,79.74,74.14,75.77,74.56
80.21,80.21,76.51,71.66,74.07
77.77,77.77,86.28,75.01,75.41
74.11,74.11,87.93,75.69,71.48
71.44,71.44,81.47,76.53,72.83
76.11,76.11,78.81,77.89,72.37
77.23,77.23,83.91,78.33,72.06
77.68,77.68,82.18,79.20,73.09
81.02,81.02,74.15,80.14,72.20
80.13,80.13,77.32,78.95,75.46
80.50,80.50,76.09,78.18,74.98
78.63,78.63,71.46,79.35,75.40
81.44,81.44,73.41,79.40,74.24
83.62,83.62,71.45,79.80,73.83
83.94,83.94,70.41,79.66,73.90
80.08,80.08,75.88,79.03,74.72
70.80,70.80,90.73,76.47,71.73
78.96,78.96,81.75,71.70,73.63
82.34,82.34,79.21,76.94,74.70
79.77,79.77,75.61,78.53,74.33
78.87,78.87,70.68,78.93,74.75
78.97,78.97,76.42,77.99,75.41
80.11,80.11,80.64,77.80,72.73
79.67,79.67,73.50,78.26,73.52
80.14,80.14,69.73,78.23,72.28
79.57,79.57,69.93,79.12,71.93
77.18,77.18,68.73,80.10,72.41
76.76,76.76,68.70,80.02,70.86
76.91,76.91,72.38,78.43,71.04
76.39,76.39,87.29,74.95,72.38
73.48,73.48,82.86,79.74,73.92
80.69,80.69,80.73,82.96,75.28
76.53,76.53,75.82,82.90,75.79
74.25,74.25,73.99,83.68,73.55
77.11,77.11,73.02,84.47,73.75
76.41,76.41,72.12,84.27,72.87
73.61,73.61,70.72,82.75,75.18
77.40,77.40,71.74,80.45,73.75
79.30,79.30,70.46,82.20,75.34
79.87,79.87,70.87,83.72,77.38
78.84,78.84,73.57,82.92,76.71
76.77,76.77,82.80,83.29,76.46
69.65,69.65,88.41,84.29,72.99
72.48,72.48,87.42,81.79,71.11
71.48,71.48,85.51,71.94,73.41
72.57,72.57,82.46,71.85,72.97
72.34,72.34,75.85,81.82,72.71
71.77,71.77,77.11,83.56,73.02
72.64,72.64,73.50,79.46,74.27
72.99,72.99,72.39,72.95,75.79
72.40,72.40,73.70,74.20,76.01
73.63,73.63,76.09,80.79,76.45
74.54,74.54,71.45,80.20,75.12
72.97,72.97,68.74,80.85,73.44
72.48,72.48,76.80,81.61,74.21
68.49,68.49,83.42,81.71,75.91
61.24,61.24,90.11,79.09,69.43
63.06,63.06,83.93,68.85,71.11
62.74,62.74,86.73,72.68,72.22
74.75,74.75,80.91,67.78,75.54
76.89,76.89,81.80,77.25,73.99
71.48,71.48,77.73,77.61,74.24
71.65,71.65,79.95,73.57,74.38
76.31,76.31,78.72,73.16,74.11
75.76,75.76,78.02,76.39,74.71
76.43,76.43,79.63,79.81,74.49
75.46,75.46,81.98,78.15,74.51
74.09,74.09,76.57,77.10,75.39
75.86,75.86,81.44,69.63,74.36
72.80,72.80,86.31,73.68,72.27
72.98,72.98,84.06,69.58,72.64
70.12,70.12,75.21,56.23,73.66
75.96,75.96,75.36,66.05,73.81
77.60,77.60,74.60,69.22,74.48
76.93,76.93,77.61,71.01,74.75
74.37,74.37,79.72,71.11,76.20
72.08,72.08,78.37,70.35,76.00
75.87,75.87,73.70,70.16,75.01
76.90,76.90,80.38,71.31,75.01
77.43,77.43,76.73,73.77,72.72
76.28,76.28,77.30,72.89,73.12
72.69,72.69,73.55,72.23,73.68
71.43,71.43,83.56,74.35,72.49
60.88,60.88,86.53,75.20,73.63
64.57,64.57,80.30,72.10,75.35
62.25,62.25,76.78,71.96,75.73
59.96,59.96,75.32,73.64,76.25
64.30,64.30,74.92,73.40,76.26
66.32,66.32,73.06,77.67,75.65
65.64,65.64,68.74,77.17,75.46
67.92,67.92,71.48,77.26,75.75
70.50,70.50,71.53,82.18,75.88
74.00,74.00,71.10,81.57,76.14
77.26,77.26,69.05,80.51,76.07
77.12,77.12,74.70,78.52,75.10
76.72,76.72,79.84,68.15,77.20
68.38,68.38,88.87,73.00,74.16
63.38,63.38,80.19,72.05,72.44
62.32,62.32,80.43,72.28,75.43
68.70,68.70,77.34,74.45,75.12
74.32,74.32,78.88,78.60,75.59
76.79,76.79,74.04,80.64,76.05
82.24,82.24,75.06,77.99,76.48
82.31,82.31,70.89,79.41,75.65
82.88,82.88,72.03,78.74,74.07
79.87,79.87,71.40,75.80,76.32
82.14,82.14,70.85,78.78,75.73
81.02,81.02,69.29,80.60,74.54
81.00,81.00,67.13,78.61,74.75
82.30,82.30,74.15,79.87,75.25
79.22,79.22,89.06,81.47,74.46
78.69,78.69,79.64,74.10,71.96
79.77,79.77,78.34,77.37,72.97
81.93,81.93,73.47,75.99,71.88
82.57,82.57,74.46,77.50,72.95
81.88,81.88,74.21,75.67,73.22
80.35,80.35,78.59,76.57,74.68
73.68,73.68,73.98,77.16,75.19
64.83,64.83,72.86,81.04,76.74
62.23,62.23,70.16,80.23,76.19
61.17,61.17,69.68,83.12,77.07
62.33,62.33,70.28,80.83,76.31
66.39,66.39,75.64,77.34,75.11
73.49,73.49,84.38,72.41,75.80
69.01,69.01,86.11,71.47,72.64
68.71,68.71,79.48,70.59,74.17
77.78,77.78,78.39,80.28,76.72
75.08,75.08,73.67,80.43,75.99
77.47,77.47,72.86,82.73,76.65
81.16,81.16,74.43,82.61,76.74
81.15,81.15,76.76,80.46,74.96
81.91,81.91,70.56,83.20,73.41
76.40,76.40,69.14,83.19,75.60
80.72,80.72,68.03,83.12,75.17
81.21,81.21,67.98,82.18,73.63
79.82,79.82,71.20,81.59,74.19
81.71,81.71,77.40,80.65,74.59
74.55,74.55,87.23,76.66,73.06
74.94,74.94,80.24,81.03,74.28
77.78,77.78,78.50,79.81,73.82
81.25,81.25,74.86,75.69,74.93
81.19,81.19,73.71,79.86,73.36
74.47,74.47,73.46,79.79,71.98
67.60,67.60,73.51,80.39,73.23
67.92,67.92,73.99,75.46,73.31
65.12,65.12,72.57,71.47,76.23
62.78,62.78,72.37,82.48,76.34
59.22,59.22,71.28,83.43,77.14
57.24,57.24,73.92,79.27,75.49
61.21,61.21,83.40,74.91,75.83
61.65,61.65,89.96,75.57,74.18
66.58,66.58,82.59,69.84,73.10
75.19,75.19,85.33,71.75,72.09
76.54,76.54,81.44,79.49,72.07
75.93,75.93,79.35,82.69,72.26
78.18,78.18,72.43,82.03,72.38
77.23,77.23,81.19,83.43,72.87
71.04,71.04,71.69,81.49,74.48
64.46,64.46,75.54,79.14,74.61
61.33,61.33,76.55,79.07,76.34
54.03,54.03,78.55,76.82,75.36
58.19,58.19,75.73,72.13,75.32
65.83,65.83,74.82,72.58,74.08
68.82,68.82,85.66,75.57,74.95
67.44,67.44,90.07,71.86,73.71
72.77,72.77,84.73,68.29,74.11
74.52,74.52,85.42,70.16,73.68
78.35,78.35,83.09,69.14,75.59
75.43,75.43,77.30,70.71,74.27
73.94,73.94,80.81,69.67,76.69
73.72,73.72,79.13,66.18,75.48
70.83,70.83,80.17,68.60,75.07
74.15,74.15,79.47,69.46,74.85
75.72,75.72,71.39,68.01,74.93
78.37,78.37,81.04,70.23,75.62
77.10,77.10,78.97,70.49,76.54
81.49,81.49,79.07,66.91,77.20
78.01,78.01,88.55,71.29,73.91
77.38,77.38,84.52,69.55,72.25
80.22,80.22,79.54,74.66,74.86
78.36,78.36,82.14,77.09,74.52
77.26,77.26,82.53,76.31,74.63
74.23,74.23,77.06,73.16,75.36
72.19,72.19,81.14,73.60,75.22
69.26,69.26,73.99,71.56,74.36
63.67,63.67,77.17,73.83,74.67
62.13,62.13,80.66,76.61,75.87
59.12,59.12,80.33,74.71,73.82
55.24,55.24,77.79,72.68,72.83
55.29,55.29,79.43,72.24,74.23
60.30,60.30,89.79,71.83,73.41
60.31,60.31,85.13,74.07,71.53
69.80,69.80,83.16,75.16,74.19
70.11,70.11,82.44,75.38,73.40
71.00,71.00,77.28,77.15,74.60
74.99,74.99,75.13,77.15,75.77
76.21,76.21,75.23,78.38,75.94
76.45,76.45,80.11,75.50,75.50
73.05,73.05,74.84,76.64,76.38
70.05,70.05,80.20,80.65,75.40
68.39,68.39,82.73,80.79,75.83
68.86,68.86,79.78,76.39,74.64
69.50,69.50,77.28,75.80,73.67
63.26,63.26,87.29,78.23,71.48
58.01,58.01,90.01,72.13,71.14
69.60,69.60,86.07,70.99,74.02
70.45,70.45,83.35,73.56,73.85
68.64,68.64,73.35,74.92,75.62
67.11,67.11,80.89,73.45,74.78
67.24,67.24,78.81,73.58,73.82
66.35,66.35,76.36,74.21,76.21
69.47,69.47,73.76,77.03,76.40
73.31,73.31,75.72,76.98,77.79
75.73,75.73,77.76,78.84,76.13
77.29,77.29,71.60,75.42,77.24
74.80,74.80,71.15,75.08,76.93
74.81,74.81,75.65,74.76,76.51
69.91,69.91,90.95,78.06,74.86
67.83,67.83,80.11,73.64,72.45
65.52,65.52,77.78,69.88,71.81
75.14,75.14,76.29,65.58,73.07
77.72,77.72,77.23,72.17,74.52
77.12,77.12,74.90,70.43,75.13
76.39,76.39,75.94,72.10,74.36
75.83,75.83,78.45,77.14,76.59
76.44,76.44,78.98,76.64,76.46
75.52,75.52,75.37,74.96,74.78
76.34,76.34,70.20,75.22,76.53
76.25,76.25,69.95,73.86,75.85
74.58,74.58,70.91,70.77,75.06
75.40,75.40,79.37,72.79,75.72
71.55,71.55,89.72,72.55,73.00
73.81,73.81,77.04,62.65,73.93
74.19,74.19,77.83,72.48,75.50
74.93,74.93,75.87,75.56,74.34
76.69,76.69,75.57,74.37,74.12
77.10,77.10,78.40,75.69,73.45
77.42,77.42,78.21,73.59,73.99
77.22,77.22,77.66,74.17,74.78
76.02,76.02,73.77,76.40,75.62
76.31,76.31,72.73,78.35,75.45
75.51,75.51,73.18,80.03,74.19
72.83,72.83,73.93,78.99,75.03
70.32,70.32,80.68,78.78,73.01
67.59,67.59,87.11,74.51,74.31
71.58,71.58,82.80,73.15,74.66
78.47,78.47,78.10,75.70,76.24
81.38,81.38,71.52,79.08,76.49
78.56,78.56,71.92,78.99,74.93
78.58,78.58,78.56,73.44,74.67
79.94,79.94,87.03,73.78,71.85
79.13,79.13,78.76,71.10,73.74
81.24,81.24,73.78,77.78,74.76
80.97,80.97,73.75,77.18,74.60
78.01,78.01,73.58,77.14,75.31
77.73,77.73,74.08,76.35,74.41
77.42,77.42,87.58,76.89,73.32
79.57,79.57,83.97,75.29,72.12
77.26,77.26,84.88,74.43,71.72
78.41,78.41,76.85,77.10,72.95
74.22,74.22,77.29,75.52,73.62
75.54,75.54,74.19,75.02,72.94
75.02,75.02,75.79,76.38,72.87
71.93,71.93,87.69,77.63,71.74
71.93,71.93,82.39,78.20,73.48
66.35,66.35,76.66,79.97,74.88
59.12,59.12,71.83,79.10,73.63
55.86,55.86,76.18,73.93,72.50
56.29,56.29,73.22,72.57,72.72
59.43,59.43,81.64,74.01,74.80
68.67,68.67,90.87,74.35,71.45
73.65,73.65,85.44,66.58,70.23
75.16,75.16,83.59,62.22,71.19
77.28,77.28,84.78,66.44,73.45
75.32,75.32,88.46,69.06,74.47
78.66,78.66,81.59,69.94,74.59
76.51,76.51,78.76,68.79,75.68
76.49,76.49,79.90,73.40,75.71
77.75,77.75,78.91,75.18,74.66
81.28,81.28,78.67,74.33,75.58
82.56,82.56,77.12,75.65,76.45
82.16,82.16,82.04,75.62,74.72
79.57,79.57,85.70,74.97,73.70
78.16,78.16,88.05,73.98,72.77
79.53,79.53,82.36,68.68,72.57
78.38,78.38,79.12,66.27,73.56
74.17,74.17,82.93,72.78,75.78
76.71,76.71,77.85,74.13,74.95
80.17,80.17,75.35,75.86,75.95
76.93,76.93,79.25,76.43,74.62
77.19,77.19,83.89,75.57,75.34
80.32,80.32,82.09,76.92,73.34
79.63,79.63,79.58,75.70,75.67
79.16,79.16,78.26,74.81,75.39
79.63,79.63,84.99,75.00,74.37
72.39,72.39,80.40,75.80,75.32
78.81,78.81,78.40,75.20,72.34
80.54,80.54,82.47,72.58,73.35
76.46,76.46,86.46,69.40,73.53
77.56,77.56,80.68,69.07,71.35
76.01,76.01,78.55,74.51,71.44
76.17,76.17,78.02,74.17,73.85
84.11,84.11,76.22,70.84,74.09
81.79,81.79,69.72,66.72,71.21
81.34,81.34,76.18,62.45,70.86
77.48,77.48,74.82,61.33,74.73
81.00,81.00,75.45,69.09,74.39
82.21,82.21,73.70,73.69,73.81
77.08,77.08,75.46,77.07,69.73
78.08,78.08,76.43,76.01,69.67
78.38,78.38,86.55,74.47,69.47
79.35,79.35,82.33,69.71,71.62
82.73,82.73,76.97,73.75,72.66
83.86,83.86,71.99,75.40,74.01
80.90,80.90,71.35,80.38,72.28
79.82,79.82,70.35,78.98,70.35
76.78,76.78,72.02,78.68,71.29
71.72,71.72,71.39,79.85,70.92
64.23,64.23,75.82,78.62,72.85
63.79,63.79,74.13,75.48,77.70
58.57,58.57,76.66,76.34,76.31
58.27,58.27,68.71,80.61,77.43
57.63,57.63,70.73,81.97,77.19
57.06,57.06,88.30,81.54,74.75
59.55,59.55,87.08,81.83,73.55
61.14,61.14,86.01,81.10,71.04
70.25,70.25,85.22,78.55,73.35
78.01,78.01,84.36,78.81,73.91
80.41,80.41,83.35,78.72,73.54
76.30,76.30,78.07,78.28,74.45
78.97,78.97,79.81,77.84,75.36
77.01,77.01,82.23,77.09,76.70
78.28,78.28,77.53,75.92,73.89
80.00,80.00,78.12,80.61,75.10
81.59,81.59,78.17,80.32,74.77
79.68,79.68,82.86,77.33,74.71
78.74,78.74,90.21,76.22,73.94
74.60,74.60,87.84,79.05,71.12
74.86,74.86,84.60,78.42,71.48
75.59,75.59,79.79,75.75,73.06
79.80,79.80,76.54,71.73,75.23
81.05,81.05,79.40,64.59,74.91
81.35,81.35,73.98,68.24,74.24
76.49,76.49,82.46,70.85,75.18
80.42,80.42,79.83,68.13,72.75
75.85,75.85,80.04,64.93,73.55
78.56,78.56,77.94,65.88,73.64
77.76,77.76,75.52,68.36,74.95
74.61,74.61,82.15,69.57,73.24
76.84,76.84,82.07,68.50,72.26
72.90,72.90,88.52,69.13,74.21
75.01,75.01,84.79,64.98,74.27
76.97,76.97,81.11,61.76,72.51
77.10,77.10,78.16,71.55,74.86
77.90,77.90,82.76,76.99,75.15
76.23,76.23,78.84,78.39,75.12
80.87,80.87,71.71,79.41,75.91
80.09,80.09,73.83,76.38,75.03
78.09,78.09,76.72,70.98,75.24
80.80,80.80,75.16,58.67,74.89
81.80,81.80,77.52,70.25,72.36
81.86,81.86,77.01,80.13,70.87
84.94,84.94,70.57,80.08,69.91
82.67,82.67,79.20,78.76,71.05
81.18,81.18,82.38,76.47,71.39
82.07,82.07,81.97,71.78,72.22
82.56,82.56,75.25,70.58,74.15
83.00,83.00,79.21,75.89,75.59
83.46,83.46,75.57,79.27,72.19
80.46,80.46,71.70,78.08,72.01
79.47,79.47,72.95,74.70,69.45
74.09,74.09,73.91,71.60,72.66
67.61,67.61,73.76,68.63,75.38
66.60,66.60,70.00,69.93,73.68
67.01,67.01,74.36,76.77,73.00
65.95,65.95,74.36,77.71,70.56
60.71,60.71,73.84,75.30,69.20
60.16,60.16,89.25,75.86,74.47
54.53,54.53,90.94,74.48,67.80
60.14,60.14,81.71,69.04,71.76
71.11,71.11,78.02,72.63,76.76
76.11,76.11,82.67,74.27,75.77
77.45,77.45,82.88,74.38,74.95
77.32,77.32,80.83,74.61,74.70
76.21,76.21,82.80,76.39,75.00
79.56,79.56,76.26,76.62,75.58
77.14,77.14,75.43,75.57,74.98
78.86,78.86,78.10,75.82,74.95
81.93,81.93,78.04,74.82,75.70
82.09,82.09,74.95,73.88,76.77
76.53,76.53,81.35,73.86,76.34
75.02,75.02,86.76,74.08,74.54
75.74,75.74,90.05,68.67,71.84
78.46,78.46,76.76,72.71,73.66
76.91,76.91,85.20,77.48,76.00
78.61,78.61,84.50,77.83,74.88
75.00,75.00,82.41,79.27,75.03
76.79,76.79,83.23,80.94,73.60
75.03,75.03,82.56,81.01,75.52
71.30,71.30,73.81,80.80,75.31
66.27,66.27,75.35,80.67,74.91
62.71,62.71,76.83,80.02,75.78
59.31,59.31,83.95,79.26,75.54
58.90,58.90,77.89,80.17,74.19
59.60,59.60,84.23,81.90,72.44
59.46,59.46,87.39,82.89,72.01
56.44,56.44,84.06,78.15,72.84
56.04,56.04,81.42,71.72,74.07
54.88,54.88,81.82,77.30,74.07
52.95,52.95,77.86,75.67,73.26
51.41,51.41,78.66,70.06,72.55
48.63,48.63,75.19,58.93,71.48
46.18,46.18,74.13,58.56,70.46
51.99,51.99,75.24,60.36,75.95
51.55,51.55,75.88,71.46,76.21
46.39,46.39,81.03,78.93,73.83
47.32,47.32,78.77,79.20,71.34
49.86,49.86,78.02,78.32,70.09
55.58,55.58,85.60,78.59,69.93
61.02,61.02,88.60,71.91,71.83
67.83,67.83,84.55,66.96,71.99
75.01,75.01,80.45,76.43,72.75
72.79,72.79,78.46,79.81,71.54
76.43,76.43,74.49,80.68,71.06
75.38,75.38,70.27,76.20,72.77
74.89,74.89,73.98,64.45,73.59
77.78,77.78,74.03,64.69,76.76
79.74,79.74,76.31,76.17,76.19
79.00,79.00,77.17,80.81,75.25
80.10,80.10,70.62,80.25,76.27
79.98,79.98,69.93,80.55,74.96
79.74,79.74,76.70,79.83,74.90
75.47,75.47,90.54,79.35,71.27
74.83,74.83,79.96,76.46,73.36
71.57,71.57,76.31,75.74,73.13
74.88,74.88,80.58,76.48,75.28
75.43,75.43,77.16,77.04,74.17
74.66,74.66,74.75,75.59,74.72
73.68,73.68,79.35,74.26,73.28
73.04,73.04,78.33,75.51,74.17
77.55,77.55,73.45,78.27,74.45
73.91,73.91,74.38,80.63,75.93
76.69,76.69,72.57,81.69,76.74
78.79,78.79,73.97,81.36,76.81
77.93,77.93,72.47,80.18,76.20
72.37,72.37,83.90,77.27,77.20
73.35,73.35,89.42,69.41,73.45
74.36,74.36,83.66,59.56,74.62
73.83,73.83,80.89,67.59,75.87
74.41,74.41,77.71,69.74,75.62
74.78,74.78,77.53,70.66,77.13
74.99,74.99,78.27,67.48,74.98
72.13,72.13,88.98,64.42,74.16
73.89,73.89,81.04,68.16,74.84
75.08,75.08,79.20,69.31,73.36
74.00,74.00,75.37,69.66,73.35
74.71,74.71,77.76,69.58,73.55
74.79,74.79,74.96,68.56,73.75
74.01,74.01,81.99,58.83,74.05
67.62,67.62,90.33,68.91,72.39
65.51,65.51,84.85,59.38,73.58
73.14,73.14,80.85,59.80,76.27
80.09,80.09,76.45,68.76,74.71
81.02,81.02,81.85,75.82,75.79
78.75,78.75,76.27,77.75,74.44
75.05,75.05,88.16,78.93,74.33
74.35,74.35,88.51,78.82,72.68
75.35,75.35,85.74,76.94,71.44
73.88,73.88,79.37,75.03,73.85
79.23,79.23,79.16,78.02,73.72
80.51,80.51,79.59,80.88,75.96
80.92,80.92,78.06,78.55,75.99
79.23,79.23,88.20,74.34,75.71
73.97,73.97,85.27,74.53,73.52
72.13,72.13,80.57,77.06,73.82
71.24,71.24,78.89,77.59,72.86
75.04,75.04,77.75,75.36,75.74
73.24,73.24,83.78,74.88,72.95
72.86,72.86,81.98,73.57,73.46
68.12,68.12,82.78,73.71,74.67
67.73,67.73,79.32,69.70,74.61
63.70,63.70,81.36,79.54,75.45
59.54,59.54,78.88,81.98,76.14
57.55,57.55,75.86,84.31,75.14
62.70,62.70,81.13,85.70,76.37
64.16,64.16,77.23,85.16,75.25
61.68,61.68,88.57,86.18,72.97
63.33,63.33,79.28,83.47,72.32
70.98,70.98,80.70,82.25,72.14
75.15,75.15,85.44,83.87,73.70
74.57,74.57,80.39,83.68,74.28
78.60,78.60,71.07,83.51,73.98
76.69,76.69,79.62,82.94,74.42
75.63,75.63,78.37,83.70,74.91
78.69,78.69,74.75,84.97,73.96
77.52,77.52,77.58,83.70,75.31
77.82,77.82,76.11,83.02,73.60
78.35,78.35,76.31,83.25,73.42
77.51,77.51,77.23,84.43,74.05
77.05,77.05,78.67,85.42,73.41
75.39,75.39,84.18,86.16,72.80
78.85,78.85,76.61,81.40,74.62
79.60,79.60,77.58,81.08,74.19
75.80,75.80,77.44,82.72,74.78
78.17,78.17,79.36,81.15,73.85
80.63,80.63,71.85,81.94,73.73
78.46,78.46,77.65,84.21,74.54
76.48,76.48,77.47,83.84,74.75
76.28,76.28,72.43,82.65,76.81
77.97,77.97,74.65,82.11,78.26
79.88,79.88,74.09,82.81,77.89
77.30,77.30,74.52,82.23,75.98
75.55,75.55,83.40,77.26,76.68
75.49,75.49,83.34,77.55,78.68
78.74,78.74,78.66,80.03,80.28
74.52,74.52,73.94,81.61,77.93
79.42,79.42,74.83,82.11,78.04
77.34,77.34,72.64,82.36,79.12
80.05,80.05,71.23,82.73,79.52
75.05,75.05,70.33,83.16,80.46
76.71,76.71,72.33,83.65,79.56
79.91,79.91,71.64,81.11,77.64
83.81,83.81,71.79,80.34,77.47
79.19,79.19,72.95,81.53,77.55
78.57,78.57,71.59,81.84,75.54
81.85,81.85,73.77,82.12,77.37
84.79,84.79,79.02,83.74,74.64
83.31,83.31,86.00,82.29,74.58
77.78,77.78,85.58,77.54,76.55
78.67,78.67,82.10,79.45,76.30
71.55,71.55,80.02,82.35,76.71
74.92,74.92,75.58,82.71,76.78
78.25,78.25,73.74,83.49,76.17
78.85,78.85,71.12,84.73,78.28
77.05,77.05,69.46,84.41,78.45
77.59,77.59,70.39,84.33,77.90
80.96,80.96,69.76,83.90,78.60
79.41,79.41,67.55,84.19,76.85
80.19,80.19,70.20,84.33,78.26
79.05,79.05,76.86,81.90,78.18
77.62,77.62,80.69,79.35,76.39
78.65,78.65,83.80,78.58,75.73
75.66,75.66,77.57,81.64,75.41
74.08,74.08,73.67,85.33,76.36
79.00,79.00,76.23,85.46,77.68
84.00,84.00,72.14,85.68,77.15
82.68,82.68,72.00,84.98,76.87
78.18,78.18,75.19,83.11,77.80
79.89,79.89,69.54,78.08,77.52
79.82,79.82,67.45,76.81,76.86
77.57,77.57,66.91,75.90,77.65
79.82,79.82,68.81,77.36,79.04
83.40,83.40,70.61,79.00,79.53
81.54,81.54,87.27,81.39,74.81
79.84,79.84,79.84,77.73,75.67
76.16,76.16,79.30,74.95,76.91
81.50,81.50,78.94,79.04,77.08
82.62,82.62,70.97,82.15,75.83
85.28,85.28,73.22,81.51,77.08
84.44,84.44,79.31,80.73,76.30
83.87,83.87,73.46,82.19,75.87
81.94,81.94,68.33,83.30,77.91
83.88,83.88,65.96,83.20,78.30
85.17,85.17,65.09,82.58,78.28
84.51,84.51,66.38,82.57,75.78
82.72,82.72,71.49,83.51,76.75
77.51,77.51,86.71,79.04,75.01
75.86,75.86,78.44,79.51,74.79
77.81,77.81,77.07,75.25,75.64
80.56,80.56,72.17,74.55,77.37
75.57,75.57,74.61,75.95,75.56
75.90,75.90,72.07,79.51,76.16
78.11,78.11,69.38,78.62,76.18
75.05,75.05,70.13,76.29,76.35
79.33,79.33,69.44,82.52,77.34
81.36,81.36,69.20,80.36,77.57
75.01,75.01,68.11,82.84,78.05
73.35,73.35,69.00,80.56,76.53
76.10,76.10,72.47,79.40,75.99
75.58,75.58,82.49,79.22,76.04
74.90,74.90,88.92,79.14,71.88
74.49,74.49,82.40,76.21,72.33
73.65,73.65,82.59,67.72,73.05
74.24,74.24,76.54,78.66,73.20
74.44,74.44,77.68,80.18,73.88
76.20,76.20,73.42,80.02,75.76
80.02,80.02,73.69,79.12,75.92
82.50,82.50,69.55,78.51,76.75
83.45,83.45,70.32,76.72,76.83
78.80,78.80,67.37,79.00,77.03
77.89,77.89,66.64,74.54,79.21
78.25,78.25,67.61,70.48,76.99
78.46,78.46,72.41,73.35,76.26
75.09,75.09,89.87,77.85,73.78
75.41,75.41,79.22,70.97,75.00
74.60,74.60,77.74,75.11,74.87
72.88,72.88,77.51,72.26,75.32
68.45,68.45,73.41,81.08,77.66
72.43,72.43,74.19,83.25,78.38
74.17,74.17,77.58,83.18,77.69
73.98,73.98,72.13,83.73,76.83
77.52,77.52,68.74,85.52,76.77
73.51,73.51,68.36,86.24,76.57
66.84,66.84,66.80,85.72,76.53
68.97,68.97,67.58,84.62,76.68
69.89,69.89,68.30,85.15,77.12
69.71,69.71,78.92,85.19,75.96
67.90,67.90,88.43,85.24,72.70
70.49,70.49,78.79,82.47,74.16
73.98,73.98,78.93,77.98,75.72
72.34,72.34,72.37,81.02,75.63
76.50,76.50,72.18,82.65,75.53
79.77,79.77,75.98,82.93,75.22
79.30,79.30,74.57,84.23,75.59
80.43,80.43,71.77,84.59,77.82
88.24,88.24,65.55,83.47,74.91
81.98,81.98,64.77,83.19,75.21
74.80,74.80,64.04,84.25,75.19
80.04,80.04,66.51,84.81,74.60
81.45,81.45,70.31,83.13,73.74
76.77,76.77,83.43,81.07,75.62
76.64,76.64,84.66,81.36,71.82
84.38,84.38,80.80,82.15,73.49
85.46,85.46,72.35,81.66,75.42
82.60,82.60,71.34,83.21,74.62
74.82,74.82,68.88,83.43,75.17
78.66,78.66,68.91,85.39,75.78
82.96,82.96,69.06,84.92,76.24
79.36,79.36,69.25,84.38,75.05
73.38,73.38,70.88,85.54,74.85
78.26,78.26,69.48,83.64,76.29
82.57,82.57,72.50,82.73,76.60
82.20,82.20,79.81,80.18,74.09
75.60,75.60,90.48,81.13,71.90
75.34,75.34,87.45,74.87,71.25
75.29,75.29,85.48,74.87,74.94
70.94,70.94,81.16,76.42,74.78
74.33,74.33,75.52,77.15,74.54
75.55,75.55,78.57,78.43,74.45
74.41,74.41,87.71,78.18,74.62
69.90,69.90,89.85,74.89,72.63
70.26,70.26,90.00,70.17,74.18
72.92,72.92,86.44,77.48,76.17
70.64,70.64,84.03,83.62,73.71
70.46,70.46,73.10,82.13,74.13
70.24,70.24,76.25,79.95,74.28
71.17,71.17,83.79,82.41,74.32
68.84,68.84,84.75,82.08,70.27
70.68,70.68,77.13,82.24,72.31
73.74,73.74,79.64,83.87,72.87
80.71,80.71,79.03,84.83,72.91
80.11,80.11,78.84,84.67,73.54
79.53,79.53,80.83,85.51,74.88
80.28,80.28,76.74,85.20,74.34
80.55,80.55,72.50,84.44,74.75
81.56,81.56,72.52,83.29,74.84
83.44,83.44,74.56,82.69,73.97
87.00,87.00,76.03,83.91,74.85
84.25,84.25,74.76,84.14,75.19
80.95,80.95,74.97,83.90,75.59
79.25,79.25,85.23,83.62,74.17
76.41,76.41,86.64,81.95,73.34
75.15,75.15,73.72,74.89,73.62
76.98,76.98,79.89,64.96,73.61
78.46,78.46,73.53,70.45,74.09
80.47,80.47,72.69,76.25,75.75
82.53,82.53,76.60,76.87,75.55
87.22,87.22,76.96,77.74,75.78
89.22,89.22,68.03,78.17,74.59
87.96,87.96,67.09,77.77,75.32
87.72,87.72,67.80,76.03,75.81
84.93,84.93,66.69,76.34,75.14
83.01,83.01,70.32,76.85,74.65
85.17,85.17,74.97,77.62,74.85
82.75,82.75,88.95,74.04,71.97
80.09,80.09,81.54,77.96,73.51
79.88,79.88,76.59,73.13,74.02
84.82,84.82,71.90,73.14,75.96
81.47,81.47,72.21,81.35,75.11
83.09,83.09,67.64,80.63,75.88
83.18,83.18,68.22,83.75,75.08
80.90,80.90,69.10,85.13,75.37
79.66,79.66,70.21,83.87,74.46
82.22,82.22,69.68,84.67,75.97
82.33,82.33,69.71,85.66,74.73
84.18,84.18,74.47,83.68,73.78
84.47,84.47,82.43,83.05,74.84
76.88,76.88,88.82,83.47,72.03
76.07,76.07,82.77,76.29,72.75
79.39,79.39,83.38,73.78,73.31
79.88,79.88,78.88,79.79,73.39
77.81,77.81,78.09,79.98,75.51
75.76,75.76,72.32,84.33,74.36
81.02,81.02,70.17,84.21,74.14
80.16,80.16,72.94,87.05,74.42
79.22,79.22,74.79,84.89,74.88
78.40,78.40,69.57,87.16,74.48
76.48,76.48,69.60,86.63,74.89
76.52,76.52,71.21,86.85,74.47
73.89,73.89,77.26,85.10,76.03
71.32,71.32,86.84,83.54,72.80
69.49,69.49,87.59,81.93,71.20
70.63,70.63,79.86,75.75,72.99
76.13,76.13,81.57,71.57,74.01
77.18,77.18,78.53,69.44,75.08
75.19,75.19,82.84,74.14,74.59
70.37,70.37,80.97,76.89,74.38
71.63,71.63,79.68,80.85,73.73
69.44,69.44,77.99,78.42,74.51
72.88,72.88,77.09,72.20,74.47
77.29,77.29,74.32,76.00,73.95
80.79,80.79,74.33,74.77,72.97
82.09,82.09,76.27,79.61,71.69
81.68,81.68,82.79,78.56,74.98
81.29,81.29,83.53,77.45,73.58
81.26,81.26,81.71,78.38,75.64
77.69,77.69,83.79,77.20,76.14
79.81,79.81,83.73,75.30,75.20
80.70,80.70,82.61,80.60,74.12
80.19,80.19,77.48,76.98,74.13
82.34,82.34,74.87,75.28,74.85
78.69,78.69,72.21,71.17,72.62
78.60,78.60,74.24,70.96,73.99
80.94,80.94,72.89,76.46,74.35
86.58,86.58,77.84,78.85,74.43
81.12,81.12,80.31,81.27,73.51
79.26,79.26,79.64,79.59,73.53
79.72,79.72,81.47,80.30,74.79
82.08,82.08,87.33,75.91,72.52
80.51,80.51,80.00,73.03,74.38
78.81,78.81,83.81,72.74,75.12
76.99,76.99,83.86,69.46,74.26
81.19,81.19,76.25,70.33,74.72
79.47,79.47,69.98,71.90,74.20
73.76,73.76,75.66,74.20,74.89
82.77,82.77,73.90,73.68,74.69
82.43,82.43,76.42,75.59,74.36
80.91,80.91,76.39,74.50,75.04
85.35,85.35,74.83,75.63,75.06
83.35,83.35,78.30,76.54,73.80
79.46,79.46,79.38,75.12,72.52
76.20,76.20,82.21,72.97,72.41
77.00,77.00,82.82,72.05,75.02
79.34,79.34,81.51,66.39,74.40
82.60,82.60,76.17,72.66,74.06
79.06,79.06,76.29,76.01,74.74
81.46,81.46,74.18,75.17,74.37
82.52,82.52,74.57,74.89,75.26
83.24,83.24,75.47,73.16,75.77
80.82,80.82,72.77,66.65,77.53
81.78,81.78,71.80,65.84,76.60
81.43,81.43,68.72,67.16,78.82
78.34,78.34,71.23,64.53,76.87
75.73,75.73,68.92,65.05,77.40
77.47,77.47,71.61,68.00,76.10
78.07,78.07,90.45,67.79,74.68
79.78,79.78,81.92,70.52,73.85
80.97,80.97,72.43,70.76,74.70
79.56,79.56,75.65,72.04,75.74
76.61,76.61,77.36,72.29,75.15
80.57,80.57,75.44,70.44,75.78
82.94,82.94,76.04,67.19,75.36
82.41,82.41,75.71,68.76,75.84
80.30,80.30,71.67,75.70,75.66
79.46,79.46,69.36,76.39,76.66
79.54,79.54,69.48,76.56,74.99
79.63,79.63,69.45,74.83,74.93
76.86,76.86,69.37,73.14,74.01
72.47,72.47,85.56,72.79,72.26
80.36,80.36,86.90,67.61,73.78
83.26,83.26,78.12,71.33,74.37
77.26,77.26,81.60,77.53,75.51
72.84,72.84,75.90,78.78,75.13
75.94,75.94,72.75,80.93,75.08
75.72,75.72,75.23,80.34,75.93
79.45,79.45,78.39,80.10,75.43
79.68,79.68,72.63,81.51,75.22
76.77,76.77,68.29,80.59,76.53
75.31,75.31,66.96,81.12,76.03
82.31,82.31,67.04,80.01,74.86
82.15,82.15,70.69,78.14,74.02
77.41,77.41,89.34,72.86,75.58
79.02,79.02,81.43,76.17,71.80
78.49,78.49,77.11,74.90,74.77
77.16,77.16,72.61,81.02,74.62
77.39,77.39,71.02,79.82,75.84
78.58,78.58,70.26,80.29,77.54
73.91,73.91,68.24,75.00,73.92
79.40,79.40,70.94,70.77,75.25
77.11,77.11,70.55,75.48,75.65
75.74,75.74,70.84,77.32,75.00
73.43,73.43,69.50,78.82,77.87
71.87,71.87,69.20,74.28,76.75
73.35,73.35,72.09,76.66,76.59
73.07,73.07,79.84,75.35,76.28
71.81,71.81,89.05,76.17,73.71
73.82,73.82,86.27,72.45,74.54
72.51,72.51,85.48,75.43,75.04
77.43,77.43,78.70,77.19,74.98
79.32,79.32,79.25,77.32,75.47
75.46,75.46,75.53,74.12,77.70
79.40,79.40,77.97,78.83,77.69
80.22,80.22,75.29,79.81,74.17
84.03,84.03,73.72,79.02,77.52
81.32,81.32,72.22,76.21,78.25
82.65,82.65,74.44,77.04,78.66
85.74,85.74,74.20,77.24,77.40
84.41,84.41,73.14,74.77,76.01
76.45,76.45,88.97,73.07,75.35
75.85,75.85,89.51,69.61,73.05
75.96,75.96,85.96,72.79,75.26
73.07,73.07,76.52,77.65,75.66
66.87,66.87,81.50,77.80,75.45
71.91,71.91,76.74,75.90,74.15
71.30,71.30,77.23,72.22,73.83
66.96,66.96,71.03,73.68,75.87
77.47,77.47,71.92,76.63,75.57
76.09,76.09,73.35,79.38,76.91
71.22,71.22,70.64,77.88,76.24
64.00,64.00,72.91,79.91,76.63
65.67,65.67,73.80,77.63,75.26
70.92,70.92,80.74,74.11,78.04
71.21,71.21,91.50,77.98,73.99
76.18,76.18,81.01,73.71,75.14
73.23,73.23,77.87,73.99,77.02
79.68,79.68,79.28,74.90,77.03
75.34,75.34,71.44,74.62,76.40
80.86,80.86,78.39,78.66,76.29
83.52,83.52,75.34,78.23,75.99
87.67,87.67,71.23,75.11,76.54
78.65,78.65,69.03,75.95,76.45
85.83,85.83,68.21,75.08,76.23
87.30,87.30,66.46,73.78,74.98
84.86,84.86,70.63,75.75,75.35
78.35,78.35,76.21,75.88,74.29
72.88,72.88,88.45,70.21,73.03
76.04,76.04,78.05,73.48,74.43
81.53,81.53,76.80,74.99,76.23
74.68,74.68,72.70,79.84,75.93
79.34,79.34,71.28,79.49,75.47
80.81,80.81,70.05,77.73,75.60
83.37,83.37,70.25,77.64,75.49
79.64,79.64,69.47,78.14,76.17
73.30,73.30,68.20,79.92,77.11
77.58,77.58,68.35,79.52,76.26
84.54,84.54,68.10,79.25,77.10
78.88,78.88,71.70,77.60,77.09
74.61,74.61,82.85,76.68,76.74
79.09,79.09,79.97,76.56,74.39
77.12,77.12,76.88,76.10,76.25
80.37,80.37,76.95,76.50,78.52
76.02,76.02,73.98,78.19,76.46
74.87,74.87,69.91,77.38,77.09
75.03,75.03,75.44,77.40,75.66
73.80,73.80,85.13,74.47,75.11
70.41,70.41,90.40,73.40,72.98
72.09,72.09,88.84,69.27,74.66
72.96,72.96,85.85,67.62,75.77
72.67,72.67,80.37,75.57,75.16
76.93,76.93,75.41,74.47,76.12
78.01,78.01,81.06,65.73,77.27
71.53,71.53,92.52,72.76,71.15
76.00,76.00,85.31,69.66,72.86
77.60,77.60,80.41,68.16,72.00
78.77,78.77,78.80,72.52,72.50
76.34,76.34,81.15,76.64,74.26
75.65,75.65,80.35,78.61,73.83
76.84,76.84,82.80,75.50,73.86
77.44,77.44,81.00,73.24,72.86
74.32,74.32,77.13,67.83,71.63
83.28,83.28,76.91,71.81,71.50
84.27,84.27,79.25,74.19,74.14
79.95,79.95,85.08,76.49,75.48
79.20,79.20,80.26,74.13,74.92
84.10,84.10,80.14,72.78,74.55
82.11,82.11,88.07,75.29,72.88
82.60,82.60,85.02,72.51,72.12
82.89,82.89,81.05,70.17,73.61
82.07,82.07,77.01,71.91,74.31
81.38,81.38,75.77,73.70,75.02
79.62,79.62,81.34,71.56,74.38
81.85,81.85,75.14,68.55,75.55
83.27,83.27,82.79,73.40,75.54
80.79,80.79,77.80,73.25,76.67
80.75,80.75,75.87,75.96,75.81
80.68,80.68,77.15,75.93,74.62
81.62,81.62,73.05,75.86,72.98
83.88,83.88,71.77,74.15,74.42
82.23,82.23,75.87,68.09,74.63
74.61,74.61,88.30,67.50,73.26
79.38,79.38,82.83,76.12,74.60
78.79,78.79,75.45,79.49,76.41
78.79,78.79,73.84,77.56,74.78
79.68,79.68,72.69,78.57,74.18
82.65,82.65,77.49,79.50,74.92
81.43,81.43,75.64,80.29,74.12
83.99,83.99,76.14,80.94,75.49
80.66,80.66,73.39,81.47,74.64
77.99,77.99,71.13,81.47,74.38
76.01,76.01,72.81,80.62,76.35
78.62,78.62,78.92,78.03,76.89
74.29,74.29,85.40,73.94,74.55
74.45,74.45,89.64,74.36,75.22
73.07,73.07,86.48,72.96,72.85
73.73,73.73,83.53,74.54,73.64
75.91,75.91,78.35,74.72,76.08
80.32,80.32,78.15,73.04,73.56
74.09,74.09,78.20,70.26,74.68
71.11,71.11,74.07,72.67,73.74
76.44,76.44,79.03,73.41,74.91
80.39,80.39,77.24,76.25,76.36
81.75,81.75,75.89,74.70,77.17
77.94,77.94,74.05,69.93,75.29
77.98,77.98,77.30,69.32,74.81
77.36,77.36,86.60,61.42,75.82
75.02,75.02,90.71,69.97,74.50
77.51,77.51,84.27,71.48,74.82
80.05,80.05,79.06,68.35,75.07
74.65,74.65,82.36,75.09,76.66
75.17,75.17,75.21,78.90,76.02
78.15,78.15,78.31,80.03,76.79
79.28,79.28,76.34,76.53,74.80
77.41,77.41,76.79,80.56,76.29
75.22,75.22,77.29,78.44,75.82
74.98,74.98,79.14,80.44,74.83
73.51,73.51,78.49,78.45,75.09
74.52,74.52,77.35,74.87,74.34
71.43,71.43,83.06,74.96,78.12
69.79,69.79,84.55,71.04,75.95
70.65,70.65,82.95,73.02,74.50
71.80,71.80,82.34,76.01,76.19
77.00,77.00,83.55,77.64,75.84
77.28,77.28,86.62,79.86,76.55
78.51,78.51,84.74,76.68,76.42
76.39,76.39,78.88,75.99,75.68
72.52,72.52,76.93,72.65,74.18
73.28,73.28,76.04,71.36,75.56
79.98,79.98,76.25,71.01,75.67
79.28,79.28,81.66,75.27,75.70
84.74,84.74,79.53,74.98,75.83
73.82,73.82,76.44,71.76,74.95
77.78,77.78,84.96,69.92,75.44
78.42,78.42,87.67,69.54,72.10
75.50,75.50,81.11,58.20,73.60
84.63,84.63,78.15,60.80,75.34
84.32,84.32,75.24,68.51,74.73
80.45,80.45,74.82,69.84,75.17
81.63,81.63,74.43,68.24,75.12
86.40,86.40,72.30,71.87,74.72
85.30,85.30,75.82,72.65,74.41
83.74,83.74,76.85,73.58,73.92
78.94,78.94,75.09,77.82,75.37
80.68,80.68,76.21,76.52,76.09
78.73,78.73,81.50,75.96,76.23
86.06,86.06,79.89,77.12,75.72
87.40,87.40,80.12,74.59,74.74
82.56,82.56,86.09,72.21,74.25
81.86,81.86,82.88,69.61,74.44
83.64,83.64,80.93,70.66,74.59
82.60,82.60,75.78,72.84,75.88
79.95,79.95,75.60,73.66,75.32
81.95,81.95,76.30,74.80,74.21
84.04,84.04,71.38,76.80,75.26
83.43,83.43,70.96,72.30,76.23
83.53,83.53,72.87,74.43,76.18
76.63,76.63,78.35,77.70,75.58
80.63,80.63,75.08,77.26,76.21
81.54,81.54,75.43,75.44,75.67
80.12,80.12,79.64,76.97,74.55
75.35,75.35,90.37,80.93,73.93
76.10,76.10,82.78,78.55,72.55
77.72,77.72,72.41,76.58,74.89
83.33,83.33,76.07,77.35,74.28
79.74,79.74,78.81,73.54,75.24
76.66,76.66,72.87,75.47,74.76
79.72,79.72,75.94,76.55,75.90
78.98,78.98,77.25,77.91,75.66
77.83,77.83,74.31,80.57,76.82
71.75,71.75,76.49,80.91,76.80
75.26,75.26,68.57,80.36,77.82
76.63,76.63,70.75,82.36,77.63
81.87,81.87,76.28,80.25,76.15
81.05,81.05,75.68,80.39,76.16
72.92,72.92,89.50,80.40,73.98
72.56,72.56,83.13,72.70,75.35
72.59,72.59,74.66,68.04,78.20
74.43,74.43,74.10,74.00,76.50
73.41,73.41,73.98,76.85,78.32
78.17,78.17,75.97,75.87,76.01
82.07,82.07,76.20,78.28,75.54
80.15,80.15,69.12,79.65,74.92
72.64,72.64,65.67,80.22,73.80
75.74,75.74,64.89,78.71,73.82
81.92,81.92,63.47,80.63,75.36
85.82,85.82,66.21,78.25,73.81
87.01,87.01,71.59,78.45,73.67
80.40,80.40,83.06,77.31,74.38
73.47,73.47,83.94,74.91,75.03
74.28,74.28,78.56,74.45,74.40
78.28,78.28,72.43,73.08,73.39
82.76,82.76,69.65,66.08,74.47
79.37,79.37,72.34,68.81,75.02
75.08,75.08,67.31,69.77,75.46
74.32,74.32,68.42,69.91,75.31
73.82,73.82,69.70,71.08,74.90
71.86,71.86,68.81,79.54,75.10
72.28,72.28,69.22,80.73,75.70
74.53,74.53,70.45,75.46,75.64
71.03,71.03,81.77,73.37,76.23
67.68,67.68,92.63,72.37,71.70
69.99,69.99,81.77,71.22,72.19
67.63,67.63,88.97,76.48,72.52
73.48,73.48,81.30,78.21,72.00
80.43,80.43,76.47,80.17,74.92
79.91,79.91,75.57,80.60,74.01
79.14,79.14,78.29,77.09,77.08
79.42,79.42,88.69,72.88,75.25
81.41,81.41,88.01,74.56,73.93
75.66,75.66,86.73,78.64,74.11
72.09,72.09,79.76,82.49,72.80
73.11,73.11,79.46,81.59,75.49
74.23,74.23,78.17,76.62,76.61
78.32,78.32,82.60,69.87,76.66
73.51,73.51,89.78,72.93,74.86
67.16,67.16,85.47,67.99,72.78
67.36,67.36,83.32,64.16,74.42
69.52,69.52,84.74,75.03,74.53
73.84,73.84,79.78,77.20,74.61
69.01,69.01,81.42,77.83,72.69
67.04,67.04,77.15,76.55,73.48
71.71,71.71,79.60,78.23,73.86
75.14,75.14,83.49,80.52,74.58
70.80,70.80,75.53,79.11,73.58
71.79,71.79,79.20,80.10,76.11
69.88,69.88,76.08,78.21,75.18
68.53,68.53,77.50,78.40,75.71
67.52,67.52,74.83,81.17,74.06
66.49,66.49,86.49,80.57,74.87
73.96,73.96,81.09,78.99,75.57
80.58,80.58,76.52,77.32,73.67
81.93,81.93,78.84,75.05,74.61
82.51,82.51,75.60,75.53,74.91
78.85,78.85,76.36,76.75,74.92
79.52,79.52,77.26,78.62,75.32
74.72,74.72,77.52,81.24,75.30
78.88,78.88,72.76,78.47,76.29
81.58,81.58,74.49,76.55,75.06
81.13,81.13,74.07,77.32,74.57
76.39,76.39,75.24,81.50,74.86
78.57,78.57,70.98,79.91,74.37
78.83,78.83,74.04,73.98,73.36
72.16,72.16,86.38,75.41,75.92
70.61,70.61,86.70,74.74,74.24
71.49,71.49,78.51,76.86,71.99
71.59,71.59,73.35,77.65,74.27
80.37,80.37,73.76,80.84,74.35
82.42,82.42,68.80,77.03,75.41
81.64,81.64,72.35,80.01,75.62
78.01,78.01,71.92,80.77,75.21
77.34,77.34,71.17,78.14,76.73
76.65,76.65,69.66,81.75,76.05
79.38,79.38,70.57,81.10,76.74
83.12,83.12,69.70,80.45,74.74
75.19,75.19,83.14,80.87,75.42
75.93,75.93,88.87,79.82,73.77
78.36,78.36,87.66,78.49,75.19
75.55,75.55,82.47,76.14,74.28
74.42,74.42,77.33,76.85,75.48
72.33,72.33,77.54,79.45,75.23
68.75,68.75,74.65,79.36,74.47
66.81,66.81,80.36,76.19,73.72
69.30,69.30,78.57,72.78,75.66
75.89,75.89,77.68,72.30,75.75
73.99,73.99,75.42,71.93,74.98
70.38,70.38,73.85,72.90,75.35
72.79,72.79,74.90,72.81,76.13
73.45,73.45,81.06,73.73,75.64
71.30,71.30,86.44,77.38,74.25
73.63,73.63,88.39,78.41,72.34
77.50,77.50,84.37,75.78,73.83
76.83,76.83,77.83,73.46,74.07
78.93,78.93,83.11,72.01,73.09
75.57,75.57,72.25,69.68,72.32
81.01,81.01,77.06,71.48,74.48
85.02,85.02,76.85,76.75,73.99
84.44,84.44,76.06,78.11,76.56
82.75,82.75,72.97,77.37,76.27
80.30,80.30,73.15,73.01,75.28
81.72,81.72,75.02,71.46,75.12
73.66,73.66,78.90,76.60,74.10
82.03,82.03,81.23,70.22,74.35
78.15,78.15,85.14,68.00,76.09
77.18,77.18,82.65,66.94,76.06
78.63,78.63,82.68,66.05,75.15
79.24,79.24,75.55,64.87,76.45
82.73,82.73,74.40,71.89,75.86
85.03,85.03,76.04,75.64,76.30
84.93,84.93,79.01,76.08,75.11
87.92,87.92,70.23,79.33,75.31
86.85,86.85,72.22,77.99,76.51
86.19,86.19,73.51,78.01,73.75
83.68,83.68,73.87,80.27,75.70
79.30,79.30,71.28,80.15,74.53
81.70,81.70,71.41,79.91,73.43
83.57,83.57,81.39,74.91,75.69
79.05,79.05,82.40,78.15,74.05
82.06,82.06,79.78,78.64,74.18
78.05,78.05,73.94,77.88,74.68
80.07,80.07,72.91,78.66,75.20
83.50,83.50,71.79,79.08,75.53
82.01,82.01,71.26,78.90,73.80
82.35,82.35,74.25,78.74,76.19
77.69,77.69,71.96,77.22,76.79
79.57,79.57,69.57,77.49,76.53
85.92,85.92,70.39,74.75,76.34
81.90,81.90,72.96,78.95,74.81
78.41,78.41,83.43,75.73,75.77
77.60,77.60,83.46,68.76,74.85
75.15,75.15,86.85,70.43,73.00
75.91,75.91,84.49,67.15,73.45
75.88,75.88,80.65,72.31,73.67
77.70,77.70,76.92,73.29,74.27
79.95,79.95,78.69,70.84,73.71
82.51,82.51,77.18,71.23,73.76
85.84,85.84,75.23,72.60,75.71
87.18,87.18,75.34,70.17,74.84
87.49,87.49,75.28,70.82,75.60
86.82,86.82,74.50,73.43,74.53
85.71,85.71,72.61,73.02,74.76
82.85,82.85,76.20,69.92,75.16
80.99,80.99,83.87,66.21,76.59
76.77,76.77,89.59,66.27,73.42
82.48,82.48,82.32,71.46,73.92
80.66,80.66,84.33,75.10,74.66
81.59,81.59,77.40,76.08,75.26
79.90,79.90,81.87,77.68,75.66
79.75,79.75,76.99,78.86,75.09
80.46,80.46,78.62,80.50,75.43
80.95,80.95,77.71,80.69,76.19
82.02,82.02,76.77,80.31,75.14
80.05,80.05,80.84,80.72,75.52
80.40,80.40,75.15,80.67,75.48
78.83,78.83,76.43,77.96,74.29
77.52,77.52,83.39,73.06,75.76
78.30,78.30,84.53,69.30,75.13
82.06,82.06,82.63,71.65,73.92
82.62,82.62,86.89,64.98,74.78
82.15,82.15,82.05,65.57,75.20
84.38,84.38,76.94,70.71,74.79
85.71,85.71,76.66,74.10,74.01
85.74,85.74,80.90,74.82,74.65
86.42,86.42,83.61,74.78,74.69
86.69,86.69,80.06,74.22,72.81
86.60,86.60,78.03,74.15,73.17
82.01,82.01,82.21,74.39,73.24
71.63,71.63,79.44,74.13,74.28
76.17,76.17,81.37,72.27,73.82
78.51,78.51,86.91,75.80,74.60
81.22,81.22,81.62,76.73,73.35
82.57,82.57,80.03,75.25,75.12
82.78,82.78,76.00,76.73,74.78
81.80,81.80,82.20,73.67,73.44
79.64,79.64,84.46,73.55,75.71
76.95,76.95,76.93,71.91,76.26
78.78,78.78,74.53,75.90,75.31
81.31,81.31,71.83,76.60,75.76
81.74,81.74,69.93,80.67,77.14
78.09,78.09,81.34,82.15,76.78
74.28,74.28,77.34,81.78,75.25
71.69,71.69,73.98,81.88,75.42
73.56,73.56,87.50,81.61,73.94
74.37,74.37,84.05,79.14,72.86
74.81,74.81,85.16,76.26,74.75
81.37,81.37,83.45,77.97,74.92
83.43,83.43,79.35,79.35,74.50
82.96,82.96,78.94,80.20,74.17
82.57,82.57,69.34,80.04,75.04
81.47,81.47,68.48,79.19,74.16
81.19,81.19,73.19,76.68,76.29
80.88,80.88,72.68,70.16,78.59
80.34,80.34,80.00,69.94,77.56
80.26,80.26,75.69,70.78,77.25
81.35,81.35,77.19,69.16,75.74
81.24,81.24,79.75,68.09,75.66
78.70,78.70,91.83,69.93,74.29
80.30,80.30,83.95,69.82,74.48
81.67,81.67,80.43,70.17,74.33
81.13,81.13,71.47,70.91,73.52
80.90,80.90,74.64,72.81,74.78
78.88,78.88,78.33,73.31,72.93
75.11,75.11,73.62,72.85,75.42
72.86,72.86,73.12,74.35,76.41
73.31,73.31,72.57,76.60,76.12
77.30,77.30,71.69,77.21,77.18
73.97,73.97,70.10,75.92,77.77
68.42,68.42,72.22,73.95,77.11
68.65,68.65,78.09,68.73,76.73
67.52,67.52,91.80,69.28,74.58
62.58,62.58,80.86,66.60,74.29
64.06,64.06,77.47,70.61,76.12
69.87,69.87,80.74,70.20,76.82
70.68,70.68,72.82,71.88,76.24
69.01,69.01,76.37,74.43,76.06
66.86,66.86,78.40,75.46,76.85
58.65,58.65,71.55,74.91,76.79
61.11,61.11,71.11,73.53,76.12
62.67,62.67,69.35,74.84,77.34
62.96,62.96,67.22,75.53,77.09
64.88,64.88,67.98,73.65,75.67
59.40,59.40,71.06,72.07,75.40
55.21,55.21,80.05,67.17,74.31
59.65,59.65,87.44,72.82,73.21
61.81,61.81,78.16,73.39,75.88
58.45,58.45,75.72,78.28,76.31
56.87,56.87,74.79,77.41,76.83
56.00,56.00,74.30,78.31,77.32
58.49,58.49,72.40,79.14,76.92
49.76,49.76,71.05,78.65,76.27
51.66,51.66,70.72,77.69,75.90
51.03,51.03,69.36,76.46,77.68
48.20,48.20,69.59,76.14,78.53
46.44,46.44,68.56,78.49,78.23
52.39,52.39,69.52,77.08,78.69
46.54,46.54,75.61,78.16,78.49
47.45,47.45,88.30,81.59,72.31
47.42,47.42,82.65,78.29,75.01
47.05,47.05,82.25,76.39,75.45
44.43,44.43,83.52,78.31,76.27
40.40,40.40,81.34,78.51,76.99
41.97,41.97,81.63,77.49,76.27
42.15,42.15,84.46,79.59,75.75
43.86,43.86,83.72,81.12,76.78
37.55,37.55,80.55,80.97,76.13
40.33,40.33,77.05,81.42,76.86
43.28,43.28,69.89,82.02,77.00
41.18,41.18,82.51,81.43,77.15
35.92,35.92,82.99,79.44,76.41
29.65,29.65,88.37,75.40,77.77
36.09,36.09,90.31,74.94,73.09
38.88,38.88,86.41,67.23,75.39
34.46,34.46,79.80,74.94,75.37
22.93,22.93,78.65,77.57,76.17
27.06,27.06,85.37,76.51,76.49
26.92,26.92,75.00,74.09,76.75
34.66,34.66,73.38,73.95,78.12
32.12,32.12,75.02,75.25,77.07
32.17,32.17,71.04,76.47,77.39
29.85,29.85,75.77,76.39,78.44
25.07,25.07,73.01,74.10,77.56
24.49,24.49,72.99,71.58,77.17
16.01,16.01,86.73,70.94,77.52
16.89,16.89,88.59,69.45,73.30
23.47,23.47,79.88,66.20,74.95
22.81,22.81,85.56,67.46,75.60
15.60,15.60,81.76,73.84,76.48
22.27,22.27,74.32,74.55,77.92
31.21,31.21,77.53,77.37,77.71
25.92,25.92,74.71,77.80,74.82
23.83,23.83,72.31,76.82,75.71
22.22,22.22,70.40,76.25,77.46
19.55,19.55,70.33,76.01,76.98
17.28,17.28,69.01,76.44,76.74
13.90,13.90,69.22,77.26,76.56
17.72,17.72,73.90,75.38,75.15
16.08,16.08,90.68,74.78,74.55
18.65,18.65,82.09,73.04,72.88
18.49,18.49,78.65,75.75,74.75
17.27,17.27,74.14,75.18,76.18
15.85,15.85,76.42,81.49,77.25
19.91,19.91,72.16,81.72,76.87
22.74,22.74,70.86,80.89,77.57
22.02,22.02,69.16,81.93,77.69
18.51,18.51,70.62,81.82,76.97
16.84,16.84,69.16,72.37,78.80
11.46,11.46,70.91,79.14,78.49
6.20,6.20,73.99,80.90,78.25
3.42,3.42,77.60,76.01,75.37
9.31,9.31,91.43,73.27,73.55
15.36,15.36,87.21,72.93,73.43
15.60,15.60,84.88,75.37,75.16
15.03,15.03,83.94,73.97,76.26
10.71,10.71,78.72,77.27,76.59
12.78,12.78,77.82,78.94,76.60
9.37,9.37,70.58,79.66,76.78
7.48,7.48,67.73,79.86,76.67
3.99,3.99,68.97,80.71,77.02
14.96,14.96,69.23,82.70,77.03
17.52,17.52,69.94,79.86,77.68
15.81,15.81,69.49,81.90,77.12
14.59,14.59,68.85,81.13,76.86
10.83,10.83,73.97,81.18,76.68
10.82,10.82,90.25,78.32,74.50
13.63,13.63,82.21,76.75,74.99
16.80,16.80,77.55,73.90,74.78
12.40,12.40,72.60,83.07,76.57
12.81,12.81,72.94,74.65,78.88
11.14,11.14,71.22,73.28,76.85
8.30,8.30,70.33,75.48,77.02
10.49,10.49,70.20,76.21,77.93
16.29,16.29,69.77,75.66,75.96
10.51,10.51,67.99,74.97,77.34
10.59,10.59,68.40,77.61,78.41
9.98,9.98,68.39,77.73,76.83
9.35,9.35,72.47,75.41,77.94
13.97,13.97,78.73,74.65,78.20
13.48,13.48,91.68,75.48,73.52
7.60,7.60,82.06,68.28,74.66
5.75,5.75,81.29,69.54,76.50
5.00,5.00,83.09,75.06,77.60
3.73,3.73,70.61,72.19,78.55
10.95,10.95,76.06,75.60,77.30
9.38,9.38,75.78,75.87,77.82
22.72,22.72,77.28,75.58,76.59
19.81,19.81,74.77,76.36,77.99
18.60,18.60,73.28,76.38,78.16
17.95,17.95,71.95,74.80,77.50
20.62,20.62,71.70,76.80,78.59
14.23,14.23,71.58,73.99,77.37
15.95,15.95,69.69,76.39,77.50
16.74,16.74,66.50,75.98,75.36
8.93,8.93,51.78,69.17,61.37
3.16,3.16,41.00,50.36,56.51
7.51,7.51,39.91,37.00,55.38
5.53,5.53,31.30,30.32,34.01
3.95,3.95,29.67,31.83,25.51
0.93,0.93,31.50,31.21,26.92
0.08,0.08,30.99,30.25,26.37
-0.00,-0.00,31.46,29.37,25.82
-0.00,-0.00,30.87,27.98,24.95
-0.00,-0.00,30.59,26.59,24.20
-0.00,-0.00,29.93,24.74,23.26
-0.00,-0.00,28.93,22.51,21.85
-0.00,-0.00,28.23,20.65,20.52
-0.00,-0.00,27.25,18.65,19.13
-0.00,-0.00,25.47,16.12,17.14
-0.00,-0.00,24.67,13.63,15.14
-0.00,-0.00,22.60,11.39,13.04
-0.00,-0.00,17.88,9.04,10.89
-0.00,-0.00,19.88,6.00,7.78
-0.00,-0.00,17.29,2.32,5.10
0.38,0.38,11.08,2.08,3.41
3.90,3.90,15.11,9.79,8.30
9.58,9.58,25.43,23.60,12.38
18.93,18.93,32.21,34.29,25.46
33.66,33.66,49.90,44.23,42.51
52.89,52.89,80.22,65.00,60.12
56.15,56.15,91.34,75.78,59.26
67.62,67.62,78.21,68.40,67.21
79.76,79.76,74.90,69.37,70.50
83.23,83.23,75.44,72.63,69.77
81.90,81.90,72.33,75.78,68.93
81.75,81.75,76.11,81.14,70.64
81.46,81.46,78.05,82.28,68.87
81.55,81.55,71.97,82.03,68.27
82.33,82.33,70.07,83.37,68.60
80.20,80.20,71.06,83.58,67.86
79.36,79.36,71.11,84.68,66.55
78.38,78.38,76.11,80.98,67.71
78.76,78.76,82.98,78.52,69.74
73.99,73.99,86.75,73.88,66.07
77.48,77.48,86.24,66.83,67.89
78.33,78.33,83.36,72.00,67.76
78.53,78.53,80.63,74.51,69.57
78.45,78.45,73.44,75.80,69.73
77.00,77.00,75.99,80.40,70.45
75.67,75.67,71.05,77.80,70.70
77.36,77.36,72.43,79.44,69.81
77.47,77.47,73.08,80.85,68.28
76.62,76.62,68.29,83.63,68.42
79.15,79.15,67.10,79.05,67.93
74.91,74.91,69.36,79.73,66.41
77.45,77.45,71.99,81.89,63.61
68.69,68.69,85.98,79.39,64.61
66.27,66.27,83.34,78.77,60.98
68.41,68.41,79.00,80.06,57.98
74.24,74.24,74.35,77.66,56.85
78.00,78.00,73.98,83.55,52.03
78.95,78.95,73.23,82.10,49.12
78.79,78.79,70.58,84.46,49.61
77.56,77.56,70.81,82.50,49.70
76.80,76.80,68.71,80.26,48.54
70.16,70.16,68.44,79.40,52.44
67.57,67.57,66.07,80.47,47.87
69.57,69.57,65.41,80.78,49.54
67.69,67.69,66.45,78.50,52.46
67.73,67.73,72.68,71.24,53.06
66.80,66.80,86.64,73.28,60.32
66.42,66.42,88.29,70.66,62.03
70.85,70.85,88.06,73.92,61.65
60.36,60.36,80.36,78.63,58.78
56.34,56.34,75.09,81.11,57.16
53.50,53.50,76.65,82.26,59.84
53.18,53.18,74.07,83.60,65.96
48.12,48.12,69.80,82.16,71.29
45.58,45.58,69.41,76.88,71.48
41.97,41.97,63.81,80.03,71.89
45.41,45.41,66.02,82.31,70.39
51.38,51.38,65.44,81.59,71.13
56.93,56.93,77.20,76.88,70.10
70.70,70.70,83.90,70.81,72.26
73.57,73.57,86.51,70.43,65.99
77.55,77.55,80.30,71.49,67.03
79.85,79.85,77.99,79.98,65.09
79.86,79.86,75.05,81.81,65.06
79.60,79.60,76.73,83.31,67.31
78.65,78.65,75.05,81.11,67.83
76.42,76.42,75.97,79.72,68.40
75.66,75.66,68.90,79.83,69.26
76.60,76.60,63.61,84.27,68.68
77.30,77.30,64.91,83.04,67.58
77.29,77.29,61.00,79.64,66.49
80.00,80.00,70.03,81.03,66.91
75.90,75.90,82.20,82.86,67.88
72.81,72.81,87.94,80.64,67.15
74.45,74.45,81.51,78.57,68.53
72.55,72.55,76.97,78.99,69.16
74.94,74.94,73.80,80.85,70.35
74.16,74.16,78.38,77.94,68.95
71.26,71.26,74.69,79.44,68.34
65.67,65.67,75.96,82.77,68.10
60.00,60.00,68.99,78.33,70.12
58.05,58.05,62.74,77.30,70.61
60.10,60.10,62.13,83.82,69.68
68.16,68.16,62.82,81.85,69.40
74.68,74.68,70.00,82.22,70.43
73.41,73.41,80.39,83.24,70.54
68.92,68.92,85.65,85.09,70.52
69.92,69.92,77.77,81.21,69.02
71.19,71.19,74.18,71.30,70.06
74.25,74.25,74.43,76.36,69.63
77.47,77.47,72.10,80.97,68.95
75.46,75.46,70.46,80.39,67.71
76.36,76.36,71.94,81.36,68.76
77.51,77.51,69.85,80.12,69.48
75.64,75.64,66.85,80.64,69.65
77.04,77.04,65.67,80.49,69.38
78.07,78.07,65.71,80.88,69.53
77.23,77.23,68.18,77.96,66.32
75.39,75.39,75.63,78.41,66.75
69.42,69.42,91.22,80.72,64.84
63.81,63.81,86.01,75.86,63.81
69.17,69.17,84.56,76.80,66.12
71.15,71.15,77.87,73.91,66.54
72.23,72.23,75.07,69.69,65.94
76.68,76.68,73.78,73.92,60.74
74.12,74.12,72.57,78.01,60.39
75.74,75.74,68.98,79.82,58.70
75.31,75.31,67.91,80.84,58.63
74.87,74.87,66.89,80.42,60.78
74.90,74.90,62.74,81.34,59.84
73.56,73.56,68.41,82.04,61.01
74.10,74.10,73.25,78.36,59.01
69.68,69.68,83.01,74.64,67.69
67.80,67.80,88.29,76.94,64.44
71.99,71.99,80.78,75.09,68.03
74.22,74.22,83.32,78.28,68.38
73.02,73.02,79.49,76.59,69.63
73.49,73.49,79.46,78.42,69.94
73.36,73.36,76.33,75.94,71.66
73.47,73.47,71.76,81.20,70.02
73.75,73.75,69.87,83.50,69.83
72.78,72.78,66.71,85.08,69.67
74.83,74.83,66.09,84.98,70.41
70.73,70.73,66.73,84.78,69.67
63.06,63.06,72.87,83.10,69.87
75.14,75.14,85.82,81.58,69.80
72.56,72.56,88.53,78.45,66.53
70.59,70.59,80.43,75.28,67.97
72.53,72.53,80.88,73.65,67.86
74.17,74.17,83.23,73.03,68.32
75.40,75.40,76.08,73.04,68.39
75.38,75.38,74.90,79.34,68.26
74.69,74.69,73.72,82.07,68.69
77.14,77.14,70.30,82.77,69.96
76.30,76.30,66.15,82.41,69.14
74.86,74.86,60.64,81.94,69.53
73.84,73.84,60.96,82.77,68.76
75.64,75.64,65.80,82.45,66.72
73.06,73.06,70.94,82.10,63.99
75.05,75.05,83.90,78.16,68.42
72.14,72.14,83.52,82.51,63.21
71.71,71.71,76.99,83.61,63.36
74.20,74.20,73.71,78.58,61.32
76.00,76.00,72.33,83.97,60.53
76.16,76.16,71.89,79.45,59.83
76.92,76.92,70.09,81.70,57.92
77.79,77.79,68.45,81.17,58.54
78.56,78.56,67.49,77.89,57.85
81.01,81.01,68.51,77.10,61.27
80.42,80.42,66.54,69.43,62.64
81.60,81.60,72.86,77.38,61.00
79.97,79.97,72.73,74.23,63.94
74.64,74.64,91.66,73.68,62.97
76.28,76.28,85.91,64.58,59.85
77.56,77.56,83.91,68.30,60.43
77.37,77.37,76.45,70.26,62.02
76.34,76.34,72.99,72.67,60.35
70.74,70.74,75.25,79.85,57.46
62.63,62.63,71.79,78.41,56.82
61.03,61.03,76.03,82.79,63.08
61.85,61.85,85.50,80.96,66.89
62.31,62.31,81.31,80.92,72.23
55.89,55.89,71.79,82.61,71.12
54.62,54.62,65.97,84.32,70.06
48.93,48.93,66.77,84.09,71.58
48.35,48.35,71.99,84.75,69.90
58.01,58.01,83.37,84.96,70.32
60.12,60.12,87.06,82.93,64.81
63.77,63.77,83.29,80.62,66.35
79.90,79.90,82.28,81.94,65.74
77.37,77.37,81.77,84.27,65.21
78.64,78.64,76.78,83.04,65.74
76.76,76.76,73.34,83.27,65.91
73.40,73.40,69.63,84.27,66.25
76.54,76.54,67.14,85.66,66.76
76.98,76.98,64.68,83.57,68.07
75.78,75.78,64.84,83.35,68.66
75.45,75.45,64.86,85.57,68.45
74.69,74.69,64.88,85.36,68.43
75.07,75.07,79.69,83.89,70.25
70.42,70.42,89.29,82.90,64.70
73.93,73.93,82.61,77.15,65.93
72.67,72.67,82.94,80.13,68.67
70.33,70.33,81.71,82.42,69.01
68.90,68.90,78.86,82.18,69.96
72.57,72.57,73.96,82.34,68.46
74.28,74.28,77.73,79.16,71.67
75.19,75.19,70.25,81.84,69.81
76.34,76.34,63.11,83.66,69.43
73.58,73.58,62.99,82.38,68.99
62.06,62.06,63.40,84.19,68.32
54.47,54.47,67.88,83.74,67.45
60.57,60.57,77.22,81.79,65.76
68.03,68.03,88.13,83.14,67.11
78.59,78.59,82.10,83.01,64.54
75.80,75.80,76.01,72.52,66.56
76.43,76.43,73.33,81.25,68.69
77.00,77.00,70.08,77.30,69.74
77.79,77.79,69.49,81.93,69.76
71.64,71.64,70.01,81.00,70.72
68.46,68.46,69.80,83.29,69.12
62.96,62.96,71.09,82.89,69.37
58.52,58.52,70.62,82.99,70.12
51.51,51.51,71.15,82.81,70.21
59.92,59.92,74.03,79.50,70.41
67.29,67.29,78.37,78.60,71.16
71.07,71.07,76.37,82.69,69.71
73.88,73.88,76.77,84.52,68.60
73.41,73.41,73.47,83.59,67.81
73.32,73.32,75.26,79.80,65.34
70.78,70.78,71.12,77.70,63.45
70.85,70.85,68.79,79.56,64.52
71.73,71.73,66.29,81.73,62.75
73.15,73.15,68.23,81.86,66.49
74.18,74.18,69.22,82.91,68.93
72.90,72.90,66.41,84.10,66.12
73.61,73.61,63.25,84.01,65.67
74.38,74.38,69.80,83.04,63.22
73.12,73.12,76.66,79.65,61.93
68.28,68.28,89.42,73.33,68.60
63.89,63.89,89.64,70.50,63.76
68.64,68.64,84.84,70.04,67.74
78.21,78.21,84.67,72.47,68.14
80.55,80.55,79.90,72.54,66.56
79.95,79.95,78.23,78.54,66.92
81.81,81.81,74.82,79.44,67.47
82.68,82.68,70.10,79.36,68.08
80.56,80.56,69.18,79.59,67.58
80.28,80.28,65.00,79.77,68.33
79.84,79.84,61.45,81.04,68.58
79.16,79.16,64.94,80.00,67.17
79.65,79.65,64.60,79.97,66.76
79.36,79.36,72.62,77.54,65.59
80.20,80.20,87.91,72.61,67.53
77.40,77.40,83.33,76.24,66.55
75.70,75.70,75.64,74.00,67.76
77.95,77.95,73.73,74.24,67.78
79.56,79.56,70.54,77.90,68.11
81.81,81.81,74.18,79.82,67.32
80.25,80.25,71.69,78.24,69.21
75.35,75.35,72.87,78.77,66.75
75.11,75.11,62.82,78.49,69.10
70.14,70.14,62.26,78.17,69.14
65.11,65.11,60.67,78.54,68.35
69.88,69.88,58.47,80.53,69.01
67.30,67.30,63.25,81.26,69.21
57.26,57.26,67.24,81.23,65.43
64.41,64.41,83.64,72.66,67.49
73.82,73.82,84.44,75.61,65.29
77.54,77.54,77.60,79.15,63.14
77.26,77.26,72.94,81.95,61.81
77.59,77.59,72.57,81.72,58.84
79.94,79.94,71.40,70.17,62.08
77.26,77.26,70.27,72.42,62.06
77.83,77.83,69.94,72.61,60.06
78.16,78.16,67.68,71.30,58.88
79.21,79.21,66.70,70.98,58.73
77.02,77.02,64.13,81.04,58.51
77.33,77.33,62.55,77.08,55.83
74.49,74.49,73.10,76.57,58.16
71.70,71.70,73.61,69.13,60.96
74.88,74.88,83.75,73.48,66.64
77.64,77.64,75.47,68.79,66.23
77.88,77.88,75.55,75.89,62.79
77.12,77.12,70.45,81.32,64.51
74.93,74.93,70.43,76.29,63.42
71.50,71.50,68.91,66.74,63.68
68.87,68.87,64.63,75.69,62.46
70.93,70.93,65.10,72.52,65.32
72.05,72.05,62.76,74.05,72.59
71.59,71.59,63.95,79.66,70.24
72.17,72.17,61.86,84.83,70.83
70.84,70.84,59.69,82.95,70.21
71.49,71.49,65.94,81.85,69.17
69.03,69.03,78.45,80.66,67.76
72.43,72.43,91.44,72.75,68.15
74.31,74.31,85.27,74.43,65.44
79.99,79.99,73.15,80.99,66.03
78.56,78.56,70.25,82.83,67.24
80.38,80.38,75.14,82.09,67.20
78.87,78.87,71.02,82.45,67.72
77.96,77.96,74.35,81.64,67.38
80.12,80.12,73.67,76.52,68.43
78.48,78.48,67.17,71.52,69.46
80.57,80.57,62.74,79.00,68.14
80.33,80.33,62.95,77.63,67.65
78.64,78.64,70.09,81.49,65.74
80.64,80.64,72.31,79.47,67.95
71.26,71.26,89.07,79.61,67.19
71.19,71.19,85.89,75.13,67.03
71.10,71.10,82.74,71.19,67.61
70.14,70.14,85.00,74.26,67.94
72.32,72.32,79.17,78.42,68.79
74.10,74.10,73.84,78.37,70.72
74.98,74.98,74.17,81.49,71.59
76.12,76.12,74.14,82.79,69.44
77.50,77.50,62.41,84.96,69.28
74.23,74.23,62.01,83.56,69.66
73.62,73.62,64.81,84.74,69.32
77.21,77.21,67.80,83.73,68.69
78.18,78.18,76.27,79.52,68.72
72.49,72.49,86.04,80.74,65.41
71.61,71.61,78.34,82.43,65.62
74.40,74.40,73.85,74.41,66.67
75.58,75.58,72.24,77.82,67.05
76.56,76.56,72.37,82.99,67.87
77.71,77.71,68.35,82.51,66.85
78.14,78.14,68.12,83.20,66.83
76.10,76.10,66.24,83.85,67.91
77.01,77.01,66.68,84.58,68.90
78.39,78.39,64.35,84.57,68.11
78.49,78.49,63.49,84.80,68.29
79.61,79.61,63.52,84.17,67.53
80.05,80.05,66.96,83.68,65.74
74.41,74.41,74.55,85.30,65.22
68.75,68.75,88.72,85.65,61.13
66.59,66.59,85.31,81.81,59.08
69.34,69.34,85.41,80.20,57.98
71.89,71.89,75.18,82.71,54.84
72.79,72.79,75.21,74.36,55.60
71.96,71.96,78.63,64.67,48.88
72.90,72.90,71.52,62.88,49.54
72.60,72.60,64.07,58.45,51.24
72.68,72.68,68.29,70.42,48.00
71.93,71.93,64.03,78.95,51.93
68.48,68.48,63.07,83.15,55.70
61.28,61.28,62.10,78.45,55.79
60.44,60.44,70.27,77.33,57.09
66.20,66.20,83.95,77.84,66.97
72.53,72.53,88.55,73.73,65.62
73.77,73.77,78.36,69.47,68.51
76.15,76.15,75.60,77.37,66.45
75.35,75.35,71.87,79.14,68.30
75.09,75.09,77.91,78.32,69.90
76.01,76.01,74.20,80.09,69.85
73.89,73.89,74.26,81.35,69.25
71.42,71.42,72.13,82.02,70.22
73.75,73.75,67.02,81.81,69.71
76.50,76.50,66.88,82.13,68.49
76.67,76.67,69.31,81.87,68.73
72.13,72.13,73.86,77.98,67.51
67.51,67.51,80.79,77.73,69.35
70.00,70.00,90.20,77.17,64.78
71.53,71.53,83.25,75.96,65.07
73.07,73.07,83.63,69.44,65.34
73.33,73.33,81.65,73.03,66.93
72.75,72.75,78.94,73.12,65.78
76.82,76.82,71.37,74.04,66.06
76.76,76.76,74.25,74.68,66.34
78.63,78.63,71.01,75.29,67.70
78.26,78.26,67.91,76.97,67.94
77.87,77.87,63.12,75.32,67.28
77.34,77.34,62.07,75.66,66.43
77.98,77.98,67.92,75.79,65.14
77.09,77.09,83.07,72.39,66.65
77.19,77.19,83.53,71.41,64.64
74.15,74.15,76.02,77.01,63.42
70.40,70.40,77.42,70.56,62.36
67.87,67.87,74.40,75.14,60.71
67.03,67.03,72.40,76.23,59.05
70.12,70.12,69.77,69.72,56.65
71.08,71.08,68.67,70.25,54.75
73.01,73.01,67.71,75.60,52.35
72.37,72.37,65.83,70.47,53.49
73.32,73.32,66.13,76.19,51.79
73.10,73.10,65.59,78.60,51.52
72.62,72.62,68.99,73.03,50.22
72.53,72.53,67.77,67.87,54.85
67.77,67.77,92.73,76.56,55.69
66.56,66.56,86.02,68.59,55.31
72.02,72.02,85.04,68.72,57.28
76.68,76.68,78.99,74.14,57.05
75.62,75.62,75.49,76.28,54.87
75.70,75.70,75.18,74.86,54.51
76.94,76.94,85.62,67.29,61.53
73.98,73.98,80.21,73.46,62.35
74.42,74.42,76.53,73.31,65.80
73.16,73.16,72.67,79.07,65.02
74.67,74.67,68.51,81.29,66.05
75.23,75.23,67.69,82.68,65.22
74.84,74.84,71.24,81.68,64.75
77.45,77.45,81.74,76.14,66.08
74.07,74.07,91.13,72.49,65.71
73.79,73.79,85.19,77.06,63.80
74.13,74.13,81.68,80.18,64.42
72.53,72.53,81.22,83.85,62.94
72.01,72.01,79.75,84.06,62.97
73.49,73.49,77.24,84.59,63.79
74.01,74.01,74.34,84.68,65.28
74.90,74.90,71.82,82.24,65.10
74.94,74.94,68.60,77.30,65.56
75.18,75.18,72.26,80.97,66.61
73.46,73.46,70.56,79.85,66.98
75.65,75.65,72.89,79.64,66.65
77.72,77.72,79.20,73.70,68.58
74.08,74.08,91.27,76.31,63.26
72.69,72.69,79.07,73.49,65.66
72.80,72.80,81.20,75.43,68.21
73.24,73.24,80.27,81.26,67.41
74.33,74.33,70.36,80.45,67.58
73.60,73.60,78.01,84.07,68.57
73.36,73.36,75.46,82.39,67.58
74.02,74.02,70.87,84.00,67.73
73.97,73.97,65.37,83.16,68.49
73.36,73.36,61.35,82.99,66.63
75.36,75.36,62.04,83.89,66.57
74.11,74.11,68.56,81.78,64.84
71.35,71.35,78.50,80.34,64.49
71.72,71.72,86.67,79.93,63.47
74.17,74.17,79.73,82.73,64.21
75.12,75.12,76.69,74.78,64.68
76.38,76.38,72.41,79.27,64.59
77.03,77.03,72.60,80.14,66.97
77.93,77.93,69.55,78.47,66.80
77.60,77.60,71.02,78.23,66.32
76.22,76.22,69.86,80.78,67.88
74.14,74.14,68.74,80.17,67.56
76.47,76.47,67.47,80.90,68.45
75.29,75.29,65.23,81.44,68.05
73.17,73.17,71.55,79.61,67.58
74.77,74.77,80.02,74.82,67.14
70.41,70.41,80.50,75.50,65.82
68.43,68.43,74.70,77.22,61.96
70.74,70.74,76.83,78.15,63.78
72.30,72.30,71.27,81.18,64.85
73.66,73.66,71.04,82.08,60.80
73.40,73.40,70.44,81.17,58.51
74.46,74.46,71.11,59.23,56.96
75.98,75.98,69.38,62.34,59.17
76.97,76.97,67.79,58.52,57.88
75.15,75.15,69.28,53.89,61.18
70.72,70.72,66.45,48.74,60.22
60.56,60.56,67.64,54.94,58.37
53.83,53.83,66.97,47.07,56.93
52.21,52.21,73.67,57.47,60.94
56.40,56.40,92.80,66.36,67.66
60.16,60.16,82.26,67.42,67.30
67.75,67.75,79.48,74.20,67.91
78.90,78.90,73.45,72.98,67.34
82.86,82.86,73.48,76.71,65.41
82.34,82.34,75.05,75.44,66.44
81.67,81.67,76.22,77.51,65.42
80.81,80.81,71.92,77.18,67.07
80.43,80.43,67.94,74.61,68.38
78.01,78.01,66.87,78.54,70.14
76.04,76.04,65.62,80.85,69.70
77.29,77.29,67.24,78.57,69.83
77.32,77.32,72.79,75.06,69.32
77.80,77.80,80.18,70.45,69.32
74.37,74.37,88.56,73.83,66.60
66.72,66.72,75.29,69.89,68.71
62.06,62.06,77.98,75.48,68.92
58.36,58.36,76.45,77.85,71.01
59.47,59.47,74.35,81.69,70.04
68.31,68.31,74.80,77.93,71.12
77.17,77.17,74.85,73.82,70.85
77.09,77.09,68.64,73.94,71.18
77.00,77.00,61.71,75.10,69.07
74.85,74.85,58.21,80.21,70.09
74.21,74.21,64.72,81.71,68.70
73.01,73.01,68.46,79.05,67.01
71.33,71.33,81.49,78.14,64.74
71.08,71.08,83.74,77.24,63.59
70.14,70.14,79.81,73.56,60.05
69.03,69.03,73.72,77.40,59.91
77.59,77.59,73.16,83.93,60.46
76.90,76.90,73.11,80.38,57.24
80.55,80.55,71.54,73.22,56.35
82.85,82.85,70.21,75.81,54.67
80.05,80.05,67.97,77.67,54.73
82.00,82.00,65.78,79.65,52.38
82.15,82.15,65.08,73.39,54.68
81.72,81.72,65.44,78.00,55.86
81.93,81.93,66.73,75.75,54.35
81.38,81.38,69.88,72.01,56.33
80.58,80.58,81.44,70.82,63.92
77.70,77.70,83.14,68.08,66.25
79.37,79.37,71.46,72.01,65.63
80.83,80.83,74.30,78.54,65.37
80.05,80.05,71.55,78.88,66.10
79.98,79.98,74.86,77.20,65.69
80.47,80.47,71.42,80.91,62.08
76.00,76.00,75.03,78.51,66.03
76.43,76.43,69.45,75.11,67.92
79.75,79.75,66.51,77.82,69.09
72.81,72.81,68.37,79.99,70.25
71.57,71.57,67.07,80.30,69.54
72.05,72.05,68.76,79.48,69.61
71.16,71.16,71.96,81.48,70.80
67.61,67.61,89.38,81.95,69.08
68.67,68.67,81.33,78.43,67.44
77.86,77.86,76.77,79.82,68.81
80.71,80.71,73.12,77.81,67.29
80.75,80.75,76.66,76.10,66.89
80.17,80.17,73.59,78.55,66.32
78.58,78.58,75.87,79.05,65.75
76.75,76.75,74.39,80.25,67.16
73.11,73.11,69.41,77.32,67.57
75.58,75.58,66.89,77.81,68.44
75.91,75.91,66.20,77.69,68.32
75.63,75.63,66.89,78.88,68.03
77.52,77.52,73.96,72.26,68.32
76.97,76.97,85.29,69.57,71.05
71.08,71.08,88.80,73.77,64.60
72.15,72.15,83.68,69.92,65.71
79.18,79.18,78.26,72.64,67.03
78.61,78.61,82.54,74.25,65.70
75.31,75.31,76.49,78.02,68.19
72.71,72.71,76.37,78.70,66.54
74.26,74.26,72.39,79.71,65.71
76.46,76.46,69.89,82.18,66.91
73.13,73.13,66.62,80.08,68.46
68.48,68.48,64.85,81.80,67.32
62.16,62.16,66.95,82.72,65.76
57.30,57.30,70.60,80.51,64.10
61.58,61.58,79.21,77.89,63.91
62.30,62.30,85.60,77.19,62.58
61.24,61.24,77.75,80.95,61.94
61.44,61.44,75.31,80.27,61.19
65.93,65.93,74.53,70.73,64.46
62.94,62.94,73.48,67.30,63.04
57.13,57.13,73.35,67.58,61.16
56.40,56.40,70.97,61.70,59.83
62.17,62.17,69.41,68.16,58.55
66.39,66.39,66.91,71.09,57.41
72.24,72.24,63.69,75.84,59.52
78.28,78.28,66.40,73.08,60.46
79.24,79.24,68.35,71.44,58.49
75.52,75.52,75.26,65.05,57.51
72.98,72.98,91.56,71.29,54.17
74.77,74.77,86.41,64.34,53.62
75.65,75.65,82.57,60.39,55.12
77.86,77.86,77.99,69.82,52.67
78.27,78.27,73.06,73.71,57.34
75.08,75.08,76.84,72.79,61.69
77.25,77.25,69.51,66.11,64.38
79.34,79.34,66.47,66.96,65.92
79.06,79.06,66.72,72.79,61.16
78.02,78.02,68.31,67.97,54.82
79.53,79.53,64.23,79.69,54.41
78.18,78.18,65.93,82.77,54.44
75.37,75.37,64.87,81.31,55.88
77.54,77.54,75.26,78.42,62.64
74.24,74.24,91.37,73.83,65.05
71.35,71.35,82.56,69.73,69.26
64.62,64.62,73.28,70.76,69.07
62.49,62.49,75.67,76.11,70.10
64.28,64.28,73.90,78.34,70.71
66.91,66.91,73.95,77.20,71.73
69.40,69.40,75.06,75.87,69.61
70.91,70.91,71.85,76.18,68.27
75.20,75.20,63.34,73.50,70.21
77.49,77.49,63.15,76.50,69.80
78.95,78.95,62.91,75.01,69.96
78.29,78.29,62.39,74.44,70.40
76.86,76.86,71.24,74.28,68.13
74.42,74.42,85.24,74.08,68.36
74.46,74.46,88.20,73.36,65.88
77.64,77.64,83.55,71.47,64.83
78.06,78.06,81.86,77.32,65.33
81.03,81.03,80.37,76.05,68.24
80.01,80.01,76.31,76.52,68.76
78.54,78.54,77.28,76.55,67.95
78.95,78.95,69.00,74.46,67.03
79.53,79.53,67.93,77.05,68.16
80.36,80.36,65.77,75.76,68.43
80.54,80.54,62.92,74.06,69.43
79.51,79.51,65.05,73.67,69.26
82.37,82.37,70.99,70.53,68.60
80.23,80.23,86.08,64.88,68.19
79.03,79.03,79.61,67.70,66.46
78.30,78.30,76.59,72.30,63.94
78.31,78.31,73.58,80.61,61.04
78.54,78.54,71.44,76.39,58.46
76.27,76.27,71.87,78.41,58.48
74.97,74.97,72.19,76.38,56.76
72.55,72.55,69.94,74.56,57.63
68.22,68.22,69.65,75.41,58.74
69.40,69.40,68.04,77.24,60.36
70.70,70.70,67.45,77.72,60.02
71.24,71.24,66.44,76.45,61.51
71.17,71.17,68.28,71.48,64.06
70.74,70.74,80.17,74.54,66.83
69.46,69.46,78.88,70.33,65.07
75.52,75.52,76.28,65.55,67.31
82.23,82.23,68.62,77.63,68.81
82.92,82.92,68.81,73.24,69.08
82.33,82.33,68.38,72.42,70.54
79.31,79.31,67.23,70.99,70.81
81.36,81.36,70.71,74.89,72.44
83.31,83.31,73.40,79.53,70.47
82.50,82.50,69.16,75.67,69.30
80.10,80.10,65.19,72.85,70.73
82.31,82.31,66.15,75.24,69.23
82.14,82.14,68.62,75.72,69.79
81.60,81.60,72.42,74.60,69.69
78.41,78.41,88.18,76.51,70.14
74.91,74.91,83.80,70.99,67.36
78.17,78.17,77.48,72.75,68.29
80.18,80.18,72.97,73.92,67.93
78.57,78.57,76.47,74.67,68.11
76.63,76.63,72.64,75.25,67.68
75.70,75.70,75.78,78.11,67.22
79.51,79.51,72.40,73.28,66.91
79.45,79.45,67.90,75.74,67.00
80.33,80.33,65.86,77.68,67.93
78.93,78.93,66.64,80.09,65.90
77.45,77.45,67.56,79.19,68.25
79.42,79.42,74.09,73.40,68.15
75.54,75.54,87.49,65.91,68.16
75.28,75.28,86.89,69.93,65.63
75.50,75.50,82.55,67.90,67.01
73.64,73.64,80.19,69.05,68.30
74.52,74.52,78.80,72.67,67.69
67.38,67.38,79.17,73.83,69.02
67.01,67.01,74.37,76.10,70.06
66.74,66.74,72.20,77.71,70.80
69.54,69.54,70.13,75.89,69.22
69.50,69.50,65.88,77.02,68.30
65.59,65.59,66.60,78.06,70.35
59.85,59.85,66.47,74.94,70.30
60.93,60.93,69.54,77.56,68.07
64.25,64.25,76.87,76.81,66.34
71.23,71.23,88.92,75.18,65.75
75.69,75.69,77.95,71.04,62.25
81.50,81.50,77.77,72.81,62.88
81.50,81.50,73.85,82.03,61.99
83.52,83.52,71.69,80.15,62.18
82.80,82.80,70.91,78.76,62.89
80.83,80.83,70.42,74.40,60.93
81.65,81.65,70.21,77.23,59.64
81.81,81.81,68.89,76.62,60.41
81.85,81.85,67.92,76.84,62.24
81.54,81.54,70.20,68.05,63.67
82.00,82.00,75.37,63.59,62.15
79.63,79.63,90.56,69.80,62.35
75.01,75.01,86.32,63.23,62.67
74.13,74.13,80.03,65.99,61.14
73.28,73.28,75.09,62.18,61.88
78.18,78.18,75.88,70.79,63.22
76.75,76.75,76.16,71.70,66.07
78.27,78.27,70.82,74.43,64.88
77.30,77.30,69.51,75.50,63.90
78.49,78.49,68.31,72.44,62.52
78.49,78.49,67.95,73.16,63.04
77.31,77.31,66.63,72.97,64.43
77.37,77.37,67.19,78.33,62.87
76.35,76.35,68.49,79.35,63.74
77.62,77.62,70.11,75.89,64.47
78.08,78.08,78.04,72.74,63.62
73.99,73.99,91.07,73.27,62.39
75.14,75.14,84.97,67.15,63.58
76.49,76.49,80.91,69.48,63.99
79.14,79.14,82.98,68.15,65.69
80.07,80.07,78.29,76.57,65.66
78.90,78.90,77.42,76.47,65.94
78.40,78.40,72.15,76.46,66.70
79.99,79.99,74.28,77.30,66.71
79.57,79.57,68.43,77.57,66.14
78.37,78.37,67.24,77.67,65.07
77.78,77.78,68.23,78.49,66.21
78.57,78.57,68.33,78.05,67.80
77.07,77.07,71.14,73.91,67.33
74.67,74.67,80.87,65.65,69.88
68.16,68.16,89.92,72.62,66.33
63.87,63.87,79.03,69.86,67.02
60.55,60.55,73.99,72.82,69.08
56.11,56.11,74.96,71.30,69.71
57.09,57.09,72.65,72.95,69.55
52.56,52.56,76.38,75.77,70.95
54.46,54.46,74.39,75.12,70.45
56.12,56.12,69.96,74.31,71.40
52.79,52.79,68.09,74.27,70.51
55.06,55.06,66.20,74.60,70.46
52.67,52.67,67.89,75.05,69.63
53.94,53.94,70.47,76.67,69.32
61.90,61.90,74.37,76.71,67.44
69.89,69.89,89.71,74.33,66.41
76.59,76.59,79.76,78.51,64.49
83.89,83.89,76.13,75.58,64.29
82.79,82.79,72.73,80.27,64.11
82.99,82.99,72.79,71.21,62.03
80.27,80.27,69.31,69.78,62.57
80.84,80.84,69.12,65.50,62.29
82.60,82.60,67.74,70.48,62.74
79.72,79.72,66.93,76.28,61.54
79.74,79.74,67.56,76.25,60.50
80.37,80.37,67.83,76.01,61.94
79.75,79.75,68.92,75.64,60.94
79.24,79.24,68.52,73.08,60.92
73.46,73.46,88.85,74.96,63.20
69.24,69.24,84.82,66.76,62.62
72.72,72.72,85.84,67.00,65.71
73.44,73.44,80.45,68.52,65.72
74.86,74.86,75.14,73.97,64.80
75.78,75.78,75.27,76.44,64.64
77.60,77.60,73.27,81.64,65.14
78.35,78.35,70.71,81.45,66.03
78.16,78.16,72.21,82.67,65.89
78.68,78.68,69.09,80.85,67.12
78.12,78.12,67.62,79.92,67.10
77.61,77.61,73.02,78.55,67.11
76.91,76.91,73.41,75.51,67.09
78.68,78.68,80.85,70.83,68.46
72.65,72.65,89.35,72.94,66.60
75.58,75.58,86.51,66.10,67.34
74.67,74.67,89.01,69.58,64.74
76.33,76.33,84.32,67.06,64.25
77.70,77.70,79.12,69.56,64.16
77.95,77.95,79.97,72.45,64.66
73.64,73.64,76.89,72.18,65.11
72.79,72.79,80.66,76.54,64.85
77.37,77.37,77.23,77.79,66.19
78.77,78.77,72.40,76.49,65.76
76.96,76.96,75.93,79.22,67.17
77.05,77.05,82.36,78.46,67.18
78.88,78.88,82.48,76.50,68.52
69.42,69.42,85.67,72.31,67.94
64.45,64.45,88.68,68.50,66.82
64.89,64.89,83.21,64.52,67.91
65.03,65.03,83.41,64.32,70.40
63.48,63.48,77.10,67.35,70.15
55.21,55.21,84.57,68.57,70.59
53.40,53.40,80.36,67.43,70.94
57.91,57.91,80.87,73.14,71.88
64.78,64.78,72.00,72.17,72.76
66.61,66.61,74.26,74.69,70.61
71.01,71.01,78.42,77.24,70.88
72.61,72.61,82.07,76.56,69.29
74.28,74.28,79.68,74.97,68.49
74.99,74.99,88.07,72.93,67.81
75.55,75.55,78.34,75.38,64.37
78.16,78.16,77.03,77.37,65.12
81.24,81.24,78.84,78.77,63.66
78.63,78.63,78.07,78.70,61.64
78.72,78.72,72.05,73.62,59.31
77.33,77.33,76.21,76.86,59.41
77.54,77.54,71.21,72.53,57.24
77.34,77.34,72.66,72.11,57.06
78.60,78.60,70.34,66.87,56.64
76.75,76.75,70.48,63.61,59.79
73.97,73.97,72.68,63.63,60.90
69.33,69.33,73.12,67.48,61.22
65.88,65.88,86.34,77.35,62.22
62.94,62.94,81.96,78.21,61.04
56.84,56.84,79.87,76.02,62.74
57.03,57.03,83.07,75.12,63.24
57.80,57.80,81.33,76.38,64.67
58.28,58.28,79.66,80.57,61.97
58.57,58.57,79.31,81.17,61.64
59.60,59.60,76.33,80.46,60.17
60.03,60.03,76.69,79.57,61.94
55.50,55.50,78.36,75.97,63.26
57.20,57.20,76.20,67.13,60.65
61.65,61.65,74.36,73.71,60.68
69.02,69.02,76.90,78.60,60.64
75.03,75.03,76.17,77.06,61.08
77.37,77.37,83.40,75.87,65.81
73.07,73.07,92.40,77.77,60.30
78.70,78.70,83.24,69.96,62.20
81.26,81.26,86.54,66.62,63.87
80.84,80.84,84.63,72.54,64.24
76.96,76.96,84.19,76.06,64.51
76.70,76.70,80.93,77.90,64.24
77.08,77.08,77.15,78.95,64.02
77.99,77.99,76.57,78.06,65.62
78.81,78.81,71.91,75.54,65.45
74.44,74.44,75.55,77.70,65.25
75.73,75.73,84.12,77.79,65.27
71.05,71.05,81.59,78.27,66.99
67.74,67.74,81.03,79.70,67.59
69.08,69.08,87.79,77.92,66.44
69.13,69.13,91.90,74.47,65.39
73.06,73.06,85.10,63.31,64.73
75.34,75.34,80.33,62.25,64.11
76.85,76.85,77.49,63.95,63.90
76.56,76.56,75.70,67.44,64.03
76.97,76.97,77.17,69.54,65.38
76.16,76.16,84.98,70.43,64.47
77.37,77.37,82.23,69.05,65.57
76.74,76.74,80.51,73.22,66.98
77.06,77.06,80.74,73.99,67.33
77.24,77.24,82.40,72.87,67.31
76.84,76.84,78.55,75.84,66.07
78.29,78.29,79.20,75.11,65.33
75.88,75.88,85.57,75.34,65.83
76.07,76.07,82.58,71.62,63.68
74.22,74.22,81.32,71.98,66.36
72.12,72.12,76.81,71.38,64.84
70.57,70.57,70.90,72.58,63.82
66.64,66.64,70.47,62.53,59.28
67.39,67.39,82.79,61.93,61.40
62.40,62.40,87.18,70.68,61.91
63.46,63.46,81.89,72.61,62.70
67.64,67.64,72.20,74.38,60.75
74.57,74.57,73.02,74.12,61.45
77.57,77.57,73.24,72.22,59.54
78.12,78.12,85.15,72.00,63.65
73.28,73.28,90.56,69.42,61.26
70.89,70.89,86.95,68.13,61.07
78.08,78.08,82.08,67.05,61.30
81.20,81.20,81.86,68.59,61.12
80.77,80.77,76.81,63.56,61.16
78.69,78.69,83.70,70.25,61.60
80.26,80.26,82.41,74.90,63.96
83.17,83.17,78.49,71.98,64.26
80.40,80.40,81.21,68.37,65.45
78.91,78.91,81.78,63.97,66.19
79.11,79.11,82.51,73.26,65.54
82.31,82.31,76.34,72.14,65.47
79.18,79.18,82.27,75.99,65.46
79.38,79.38,82.56,79.45,65.16
77.20,77.20,84.44,77.92,63.60
78.80,78.80,77.33,77.24,63.47
79.02,79.02,84.13,77.90,62.75
78.04,78.04,78.49,79.16,64.41
77.64,77.64,80.83,79.71,64.52
79.28,79.28,83.03,80.70,64.10
79.72,79.72,87.49,79.99,66.92
78.85,78.85,80.11,78.56,65.70
80.13,80.13,78.11,77.42,67.00
80.89,80.89,79.43,68.05,64.80
79.31,79.31,76.89,69.00,65.14
80.14,80.14,75.22,76.68,65.86
83.09,83.09,74.75,75.25,66.70
80.06,80.06,83.50,75.83,67.34
80.59,80.59,84.60,68.43,65.76
77.82,77.82,84.09,73.45,67.21
79.88,79.88,77.12,64.31,68.42
80.67,80.67,77.55,73.52,67.83
77.11,77.11,72.30,70.68,69.27
75.75,75.75,82.62,67.98,68.86
76.06,76.06,88.73,68.92,68.12
75.53,75.53,84.06,70.83,69.19
73.75,73.75,77.07,72.03,68.44
71.72,71.72,74.67,72.77,68.42
66.55,66.55,74.35,72.53,67.57
59.94,59.94,76.67,69.74,66.32
65.31,65.31,83.27,68.65,69.28
66.44,66.44,89.44,71.02,65.63
74.17,74.17,79.73,59.65,67.29
78.34,78.34,77.32,63.45,64.96
79.26,79.26,74.26,71.79,66.79
79.31,79.31,76.37,73.52,66.23
75.10,75.10,80.86,69.68,67.09
77.02,77.02,90.21,64.11,67.61
78.12,78.12,87.24,68.11,66.12
77.21,77.21,86.23,70.83,64.98
79.27,79.27,83.20,74.20,65.04
76.74,76.74,79.91,75.49,66.53
77.62,77.62,77.60,72.93,65.68
78.06,78.06,83.30,72.88,65.33
75.45,75.45,88.89,76.88,66.63
72.85,72.85,86.19,78.16,65.82
71.62,71.62,84.91,74.43,65.41
72.89,72.89,81.29,73.09,66.66
72.61,72.61,78.36,72.92,66.90
72.56,72.56,79.65,72.96,65.51
73.11,73.11,81.01,74.37,67.09
69.19,69.19,82.67,76.89,66.94
66.99,66.99,80.05,78.13,69.05
65.95,65.95,76.98,75.63,68.36
64.07,64.07,70.62,79.81,67.99
57.16,57.16,72.88,76.98,67.15
58.40,58.40,80.56,73.34,69.91
59.25,59.25,91.35,73.36,68.71
57.32,57.32,90.68,72.04,67.10
61.20,61.20,84.84,71.87,68.36
66.34,66.34,83.81,69.40,70.34
68.63,68.63,79.11,71.17,70.42
70.43,70.43,79.04,71.82,69.15
71.20,71.20,82.41,69.91,69.23
73.98,73.98,76.62,72.71,69.52
73.57,73.57,80.64,74.45,69.16
76.48,76.48,78.13,73.80,68.06
73.23,73.23,77.95,71.94,67.81
73.13,73.13,83.28,74.00,69.04
68.18,68.18,78.48,73.98,68.76
65.71,65.71,83.01,67.73,70.35
62.27,62.27,90.74,69.86,66.33
62.14,62.14,83.82,68.01,68.63
68.05,68.05,81.73,62.60,68.38
77.92,77.92,82.31,72.39,67.86
77.51,77.51,82.30,80.18,67.98
76.13,76.13,74.33,80.67,67.47
78.64,78.64,74.18,77.56,68.53
77.19,77.19,73.79,76.80,68.81
72.80,72.80,70.86,76.70,68.29
63.91,63.91,77.65,78.49,68.45
59.77,59.77,77.62,76.40,68.12
60.06,60.06,79.69,78.82,67.66
66.46,66.46,75.07,76.16,68.79
72.06,72.06,82.25,70.76,69.76
68.47,68.47,91.11,76.37,67.25
66.51,66.51,84.26,70.97,66.96
69.99,69.99,83.02,71.05,68.21
74.07,74.07,82.10,77.37,68.13
78.07,78.07,74.26,77.28,68.65
74.98,74.98,74.36,76.90,68.07
74.66,74.66,80.28,81.14,67.67
74.30,74.30,75.95,77.83,68.02
72.89,72.89,77.32,72.88,69.41
72.59,72.59,76.39,72.47,68.48
72.39,72.39,80.90,76.21,68.06
73.15,73.15,86.09,79.53,67.96
75.24,75.24,79.35,78.30,68.68
73.73,73.73,78.44,75.86,70.45
74.25,74.25,76.39,71.96,70.22
75.85,75.85,77.37,73.82,71.47
76.88,76.88,75.04,73.20,70.46
77.28,77.28,80.60,75.79,69.76
78.32,78.32,77.83,72.45,68.54
76.86,76.86,76.46,75.93,67.62
75.38,75.38,71.93,75.48,68.70
74.24,74.24,74.03,78.41,70.51
71.47,71.47,76.09,82.26,71.33
67.74,67.74,72.83,80.56,69.40
62.81,62.81,83.60,76.21,70.12
61.96,61.96,88.35,77.52,71.42
59.48,59.48,83.58,78.28,69.14
60.45,60.45,80.46,79.14,68.34
60.03,60.03,80.63,79.17,69.05
56.80,56.80,75.33,81.75,68.25
54.89,54.89,72.53,80.65,69.34
53.93,53.93,72.27,83.28,70.60
57.25,57.25,69.39,83.24,72.02
63.52,63.52,69.65,81.13,72.12
68.94,68.94,70.10,81.99,72.06
71.34,71.34,69.75,78.99,71.10
72.54,72.54,65.08,77.20,69.48
74.00,74.00,68.36,77.43,71.20
75.24,75.24,75.74,78.41,69.95
72.74,72.74,67.53,78.19,70.47
76.10,76.10,72.39,80.28,71.99
72.99,72.99,67.63,74.58,70.40
75.14,75.14,70.10,75.69,69.44
74.68,74.68,68.18,78.62,70.65
74.57,74.57,63.26,80.73,69.20
71.18,71.18,66.15,80.38,69.40
66.20,66.20,62.30,79.89,69.03
59.69,59.69,63.79,81.17,70.86
56.31,56.31,68.81,81.26,71.56
64.34,64.34,58.64,81.08,72.82
70.96,70.96,66.32,78.74,73.24
67.95,67.95,71.07,76.52,71.09
66.73,66.73,78.30,71.99,70.64
64.52,64.52,91.00,73.44,70.20
66.15,66.15,82.91,70.80,70.01
75.82,75.82,87.00,73.60,70.37
75.24,75.24,82.39,72.60,69.96
76.96,76.96,77.34,70.34,69.17
77.62,77.62,78.86,72.24,68.31
77.04,77.04,73.62,74.87,69.77
76.73,76.73,62.11,73.92,69.13
78.48,78.48,62.68,76.36,68.58
77.79,77.79,68.09,76.98,68.99
75.32,75.32,74.85,73.51,68.59
76.97,76.97,71.19,70.34,70.50
74.51,74.51,79.06,76.47,69.48
71.45,71.45,90.76,79.42,70.90
74.24,74.24,83.14,75.39,70.30
73.41,73.41,73.04,68.21,69.78
73.12,73.12,70.55,72.69,70.60
71.48,71.48,75.63,67.64,70.21
74.67,74.67,77.34,75.09,70.02
78.80,78.80,69.91,78.29,67.55
78.95,78.95,73.36,76.69,69.72
79.31,79.31,73.39,75.55,70.54
76.78,76.78,69.41,77.18,70.38
72.11,72.11,71.71,80.87,70.32
70.97,70.97,72.48,81.53,70.79
76.71,76.71,72.39,80.75,70.38
75.35,75.35,77.70,77.58,71.43
72.59,72.59,86.93,73.56,69.94
69.14,69.14,88.28,69.53,67.80
71.35,71.35,88.31,67.47,68.19
76.33,76.33,83.22,69.14,68.62
77.43,77.43,76.62,68.64,66.41
76.75,76.75,81.48,72.28,66.28
76.60,76.60,83.59,73.98,65.70
75.57,75.57,73.19,71.67,67.37
79.94,79.94,82.35,73.67,64.46
78.57,78.57,74.75,72.98,63.57
79.45,79.45,74.17,73.62,64.79
79.85,79.85,77.51,73.30,64.11
79.26,79.26,81.06,69.24,66.43
78.47,78.47,88.38,69.50,68.57
76.98,76.98,85.39,67.51,67.11
77.81,77.81,85.92,64.14,67.85
77.74,77.74,83.44,65.35,68.93
77.03,77.03,79.25,70.08,69.14
76.99,76.99,72.07,69.57,68.76
77.92,77.92,78.67,72.36,67.80
77.98,77.98,79.08,76.03,67.44
78.74,78.74,81.62,76.16,68.21
78.88,78.88,80.51,73.38,66.61
79.15,79.15,79.56,74.06,66.24
79.48,79.48,76.49,70.58,66.69
78.98,78.98,82.59,70.95,66.11
78.01,78.01,84.73,69.21,67.05
76.36,76.36,88.39,68.56,65.35
75.80,75.80,86.03,66.35,68.78
75.34,75.34,81.88,69.58,69.97
77.26,77.26,82.54,72.13,68.60
77.85,77.85,84.17,73.70,66.65
78.10,78.10,76.16,71.83,67.95
78.04,78.04,83.40,71.82,67.84
77.22,77.22,78.15,69.65,68.42
73.78,73.78,78.97,71.22,68.74
73.36,73.36,77.22,73.34,69.20
72.13,72.13,81.03,75.99,70.04
71.61,71.61,83.69,75.12,67.08
70.05,70.05,85.49,71.67,68.21
65.76,65.76,91.00,73.78,63.51
64.56,64.56,85.29,69.61,65.19
70.89,70.89,83.19,62.98,66.67
70.48,70.48,82.22,74.56,69.27
71.17,71.17,77.65,74.39,67.91
71.75,71.75,75.65,74.97,68.89
72.69,72.69,81.96,74.89,67.10
73.60,73.60,79.73,72.42,68.48
73.20,73.20,76.15,74.08,68.94
71.63,71.63,71.23,74.59,69.15
70.72,70.72,74.40,73.96,68.67
68.57,68.57,76.11,72.82,67.82
64.55,64.55,78.38,75.25,66.01
69.42,69.42,88.69,75.21,67.97
72.61,72.61,82.02,74.70,68.46
78.54,78.54,74.07,74.53,66.57
82.97,82.97,74.14,71.25,65.51
82.38,82.38,77.89,73.02,65.89
81.03,81.03,73.06,72.92,67.16
78.75,78.75,75.04,73.66,65.98
79.74,79.74,71.96,69.66,65.64
80.46,80.46,70.84,71.66,67.44
79.44,79.44,73.11,73.73,65.64
81.47,81.47,74.55,75.51,70.28
76.98,76.98,76.76,76.23,69.45
78.79,78.79,78.35,78.67,69.50
77.69,77.69,76.17,78.46,67.79
77.63,77.63,75.80,75.67,68.49
77.56,77.56,71.00,74.84,67.81
78.64,78.64,70.56,74.86,68.20
77.85,77.85,70.43,74.07,67.88
74.25,74.25,71.55,74.61,68.51
77.30,77.30,72.49,74.84,67.15
78.87,78.87,73.10,73.74,67.57
77.08,77.08,71.22,72.48,68.58
77.24,77.24,69.58,70.13,67.24
78.60,78.60,70.42,74.37,68.15
74.85,74.85,70.57,76.37,67.38
73.40,73.40,70.07,78.97,67.66
74.34,74.34,72.35,77.19,67.87
72.70,72.70,71.86,74.73,69.79
73.83,73.83,71.66,76.04,68.76
72.60,72.60,80.92,73.29,69.65
78.89,78.89,78.13,74.18,69.44
71.68,71.68,80.17,73.53,69.14
75.07,75.07,78.80,72.10,68.20
75.07,75.07,75.28,71.55,69.71
77.34,77.34,78.84,74.45,68.32
77.74,77.74,77.26,74.19,68.98
76.46,76.46,70.86,71.47,69.56
74.60,74.60,70.36,71.98,69.39
75.87,75.87,70.78,70.91,70.81
72.26,72.26,71.97,75.87,69.92
74.73,74.73,74.78,76.14,68.99
73.49,73.49,79.56,77.13,69.15
72.10,72.10,89.50,77.72,68.37
71.36,71.36,87.87,73.36,66.28
71.83,71.83,79.84,66.87,67.35
73.13,73.13,78.39,65.48,69.87
75.55,75.55,81.16,71.01,69.26
74.17,74.17,80.90,71.58,67.64
76.19,76.19,79.45,72.93,68.68
74.46,74.46,83.06,71.57,69.21
71.27,71.27,72.09,71.68,70.90
70.77,70.77,69.70,67.51,69.09
69.04,69.04,76.62,72.26,67.90
68.33,68.33,81.14,73.26,70.03
62.52,62.52,90.31,73.91,67.91
64.49,64.49,86.01,70.19,66.09
66.60,66.60,85.86,68.94,70.04
65.27,65.27,86.96,66.96,70.04
64.96,64.96,84.62,67.14,69.07
67.95,67.95,78.01,57.64,70.45
70.18,70.18,76.89,64.88,70.86
71.85,71.85,75.10,69.61,70.35
74.00,74.00,78.14,67.82,69.95
73.57,73.57,74.63,69.93,70.92
72.79,72.79,84.53,70.94,71.20
71.30,71.30,83.02,70.62,69.24
70.22,70.22,87.02,68.01,69.73
68.38,68.38,80.48,63.59,69.12
60.32,60.32,85.49,65.14,68.58
58.33,58.33,83.60,62.29,68.25
65.88,65.88,83.53,66.95,69.99
70.76,70.76,82.88,65.18,69.79
76.14,76.14,74.73,64.35,70.63
80.58,80.58,80.30,70.33,69.14
79.05,79.05,78.19,67.46,69.36
78.72,78.72,83.48,70.32,70.24
78.34,78.34,73.50,74.46,68.73
76.12,76.12,78.41,73.77,69.13
70.12,70.12,75.44,73.89,69.75
66.69,66.69,82.81,72.90,67.31
60.78,60.78,81.70,68.26,68.64
61.73,61.73,84.44,63.96,69.91
62.22,62.22,88.98,62.96,70.35
68.21,68.21,87.57,67.04,70.19
68.90,68.90,87.65,70.13,68.12
69.27,69.27,83.15,74.02,69.23
71.72,71.72,81.25,74.16,69.34
71.84,71.84,78.37,71.35,68.90
72.95,72.95,80.94,68.38,68.27
73.32,73.32,82.46,65.98,67.50
75.28,75.28,78.04,73.89,69.64
74.82,74.82,78.12,74.55,68.71
73.83,73.83,78.58,73.64,70.23
73.91,73.91,81.00,70.78,69.22
73.79,73.79,90.47,67.87,70.14
73.11,73.11,88.16,66.97,67.95
74.51,74.51,71.83,66.13,68.49
75.30,75.30,77.12,71.39,68.54
76.25,76.25,77.83,73.72,68.21
77.04,77.04,77.27,76.60,68.31
74.75,74.75,80.40,76.83,67.47
72.37,72.37,75.91,73.31,68.54
70.15,70.15,72.17,71.50,70.56
68.91,68.91,70.66,72.02,70.32
63.04,63.04,78.39,71.38,71.33
57.07,57.07,72.42,69.91,71.15
53.12,53.12,77.39,67.08,72.67
51.33,51.33,87.58,64.40,72.29
47.30,47.30,84.11,72.37,70.35
46.26,46.26,79.18,73.44,68.06
46.89,46.89,72.56,75.71,69.24
47.54,47.54,73.36,76.96,70.53
48.93,48.93,73.12,77.30,71.47
53.40,53.40,75.49,79.12,70.86
59.42,59.42,75.37,80.45,71.54
64.04,64.04,74.67,78.99,72.01
67.96,67.96,75.59,68.70,70.88
72.01,72.01,72.40,74.51,69.66
70.99,70.99,74.62,79.19,70.44
72.56,72.56,74.31,79.37,71.14
69.23,69.23,73.31,78.43,70.51
69.07,69.07,77.69,76.28,71.80
69.41,69.41,74.24,74.40,72.98
69.47,69.47,79.87,76.18,71.73
68.07,68.07,76.64,77.16,73.14
68.32,68.32,77.80,77.71,72.37
67.49,67.49,76.24,77.90,72.76
61.17,61.17,76.16,77.52,73.17
56.09,56.09,76.32,77.71,73.56
52.86,52.86,75.64,77.34,71.67
54.32,54.32,77.91,77.07,73.21
63.10,63.10,74.58,76.95,71.83
71.77,71.77,78.32,76.41,72.43
74.98,74.98,76.66,74.83,72.04
70.92,70.92,76.23,73.42,71.29
74.07,74.07,81.49,77.23,71.41
79.72,79.72,82.94,75.26,70.35
82.18,82.18,75.99,66.48,70.52
80.92,80.92,73.09,71.62,72.73
76.16,76.16,74.92,75.35,72.15
75.67,75.67,72.76,72.61,72.91
75.31,75.31,69.65,71.26,71.25
74.00,74.00,73.18,72.41,70.45
74.51,74.51,73.23,72.35,70.51
75.29,75.29,75.64,79.92,72.51
75.08,75.08,73.33,81.03,69.62
75.23,75.23,73.94,80.36,70.77
75.04,75.04,77.23,81.09,71.28
73.96,73.96,90.52,80.73,68.49
73.52,73.52,77.69,77.06,69.25
75.09,75.09,73.75,79.78,69.84
72.07,72.07,81.47,80.09,69.24
72.60,72.60,76.77,80.27,69.70
76.48,76.48,77.03,79.33,71.68
77.72,77.72,74.20,78.70,72.17
77.63,77.63,68.41,78.98,71.46
75.47,75.47,72.69,78.66,71.73
73.15,73.15,68.95,78.83,71.64
71.83,71.83,72.97,79.18,72.59
71.72,71.72,76.03,80.14,72.78
76.36,76.36,71.38,79.61,71.51
74.15,74.15,74.68,72.83,71.17
70.24,70.24,88.60,73.66,72.60
72.31,72.31,84.05,76.15,69.86
76.93,76.93,80.57,77.68,71.89
77.92,77.92,74.01,75.80,69.88
79.10,79.10,74.15,76.70,70.41
79.09,79.09,71.79,76.55,69.26
77.31,77.31,85.80,73.99,71.96
77.60,77.60,84.41,73.17,68.89
79.53,79.53,79.53,80.02,68.22
80.06,80.06,71.56,80.94,67.41
79.87,79.87,77.10,80.44,67.54
79.26,79.26,77.01,75.01,69.51
77.78,77.78,86.92,67.17,70.48
74.71,74.71,85.30,66.04,68.80
71.83,71.83,85.63,69.38,69.72
69.68,69.68,83.01,70.58,69.48
73.74,73.74,79.60,74.59,70.16
76.61,76.61,74.71,74.94,70.83
75.27,75.27,79.43,73.08,69.68
76.10,76.10,82.74,68.47,68.29
74.76,74.76,85.73,70.45,70.38
74.38,74.38,82.28,73.16,71.20
74.46,74.46,82.14,73.31,71.87
75.45,75.45,77.79,68.71,71.65
74.72,74.72,71.68,73.40,73.12
74.28,74.28,83.27,76.85,72.49
69.87,69.87,88.89,76.30,68.71
70.58,70.58,78.76,70.22,70.67
72.36,72.36,88.21,66.60,68.48
72.01,72.01,77.94,68.93,70.59
70.99,70.99,81.50,72.79,71.68
69.79,69.79,79.72,73.97,70.36
71.27,71.27,81.68,73.72,70.38
69.90,69.90,77.94,73.97,70.75
66.21,66.21,83.82,73.87,70.18
67.19,67.19,77.65,71.06,73.19
68.42,68.42,85.72,75.43,72.55
61.94,61.94,81.45,78.41,73.18
53.89,53.89,80.00,78.22,71.30
51.09,51.09,88.00,79.77,70.81
52.38,52.38,84.25,77.25,71.76
49.90,49.90,82.63,71.73,71.78
47.09,47.09,83.36,58.87,71.25
50.26,50.26,78.82,74.86,72.29
45.91,45.91,79.24,75.51,70.24
45.80,45.80,80.07,71.87,71.08
47.87,47.87,89.82,65.10,72.11
48.28,48.28,84.70,64.28,71.52
49.60,49.60,84.05,66.77,72.39
47.81,47.81,84.08,69.91,72.32
48.79,48.79,84.95,73.41,73.09
54.07,54.07,74.75,73.71,72.21
61.80,61.80,78.15,76.48,71.10
63.75,63.75,90.08,76.60,67.74
76.03,76.03,85.94,68.63,70.76
82.53,82.53,85.62,74.75,69.88
81.17,81.17,76.93,77.16,71.02
80.16,80.16,84.95,77.10,71.08
79.21,79.21,83.58,77.98,70.72
80.95,80.95,80.24,79.21,73.00
81.95,81.95,80.89,78.91,73.00
79.99,79.99,82.13,79.25,72.59
81.04,81.04,78.06,80.74,70.49
76.91,76.91,81.11,82.33,72.23
72.18,72.18,76.84,82.69,70.18
70.23,70.23,82.66,84.25,70.09
67.06,67.06,88.47,85.05,68.42
66.63,66.63,77.64,81.22,70.01
72.07,72.07,84.11,79.83,71.01
79.19,79.19,78.38,76.06,70.98
76.56,76.56,83.88,76.69,71.29
79.83,79.83,77.83,78.04,71.23
80.28,80.28,77.23,76.97,72.35
80.70,80.70,81.64,75.43,71.02
80.84,80.84,84.76,76.52,72.25
75.96,75.96,79.21,76.99,72.79
66.57,66.57,78.53,68.04,72.39
65.07,65.07,78.07,75.26,70.55
63.03,63.03,78.80,67.74,70.88
65.37,65.37,86.60,77.64,70.43
63.81,63.81,89.41,75.95,69.26
72.01,72.01,86.43,76.38,70.08
77.90,77.90,81.35,71.40,71.42
81.12,81.12,73.14,71.32,69.18
81.41,81.41,78.62,69.96,68.89
79.53,79.53,84.44,75.39,69.92
78.22,78.22,89.58,72.23,68.26
78.53,78.53,86.74,72.06,68.64
79.27,79.27,85.97,75.03,67.94
76.09,76.09,83.52,71.36,69.24
79.52,79.52,77.18,68.40,70.47
77.67,77.67,77.11,68.71,70.55
77.53,77.53,84.25,71.27,70.29
76.49,76.49,89.85,72.64,71.46
74.95,74.95,85.85,64.24,69.15
76.80,76.80,75.74,65.78,71.22
80.29,80.29,84.00,69.28,70.73
78.25,78.25,79.37,68.40,72.38
75.48,75.48,78.36,67.33,72.29
67.21,67.21,78.91,69.60,71.11
66.68,66.68,82.35,73.71,70.69
66.12,66.12,81.26,77.66,70.75
62.29,62.29,82.64,73.99,71.30
59.04,59.04,78.39,73.03,70.67
57.38,57.38,76.70,70.19,71.38
64.35,64.35,80.20,65.75,75.22
64.68,64.68,86.74,75.36,74.75
64.99,64.99,87.88,80.51,72.18
67.87,67.87,84.65,75.23,72.02
74.71,74.71,83.19,65.78,74.37
77.25,77.25,82.48,74.25,73.76
77.92,77.92,80.41,82.62,74.61
80.56,80.56,81.00,82.25,72.46
77.70,77.70,79.85,82.17,72.51
76.07,76.07,85.60,81.15,71.07
77.82,77.82,83.71,82.66,71.14
77.66,77.66,84.81,82.73,73.11
78.93,78.93,83.22,82.91,72.56
78.36,78.36,82.16,82.91,72.19
76.36,76.36,81.35,83.28,72.50
75.54,75.54,80.80,83.94,70.76
74.25,74.25,79.25,83.89,73.04
72.04,72.04,79.28,83.80,73.23
71.81,71.81,78.61,81.19,72.91
76.78,76.78,77.38,80.03,73.69
77.59,77.59,75.52,82.33,73.08
78.36,78.36,73.16,84.27,72.83
78.38,78.38,72.27,84.54,73.55
78.49,78.49,77.22,84.52,74.66
77.92,77.92,77.11,83.95,73.98
70.30,70.30,75.17,84.73,73.01
63.66,63.66,74.10,85.49,73.02
60.02,60.02,73.85,86.02,73.26
60.94,60.94,75.58,86.23,72.66
63.74,63.74,88.02,83.10,75.31
72.60,72.60,82.81,83.70,72.89
80.25,80.25,80.46,82.78,73.59
78.08,78.08,75.98,83.44,72.69
81.48,81.48,75.86,82.68,72.36
78.47,78.47,75.63,82.93,73.80
80.60,80.60,74.31,83.41,72.64
78.18,78.18,74.85,83.58,74.52
77.79,77.79,73.90,84.02,74.83
77.50,77.50,72.73,83.56,74.30
77.13,77.13,72.82,82.52,75.48
80.56,80.56,72.71,83.51,75.33
79.30,79.30,79.59,77.62,75.22
81.28,81.28,82.99,73.69,74.82
79.10,79.10,82.79,70.92,72.55
80.90,80.90,86.30,76.21,73.49
79.35,79.35,82.50,75.60,72.61
79.20,79.20,78.08,79.98,73.96
75.81,75.81,79.22,79.40,73.98
73.37,73.37,74.86,80.79,73.70
67.35,67.35,73.81,81.72,75.79
69.75,69.75,72.72,80.68,76.11
64.21,64.21,73.42,83.06,76.07
61.82,61.82,70.68,83.15,76.26
63.40,63.40,68.55,81.47,76.95
63.24,63.24,71.52,79.56,75.71
67.84,67.84,80.22,72.06,75.14
70.45,70.45,87.64,73.42,74.85
75.87,75.87,83.69,71.68,74.19
82.00,82.00,79.63,77.16,72.91
82.20,82.20,75.79,79.90,73.14
81.29,81.29,75.33,76.02,73.86
79.10,79.10,73.54,72.57,74.94
82.38,82.38,76.77,77.17,76.21
82.63,82.63,73.70,84.08,74.40
80.77,80.77,69.26,82.44,74.52
76.77,76.77,70.23,82.56,73.97
76.69,76.69,68.05,82.08,74.52
76.24,76.24,69.94,82.39,74.69
75.61,75.61,77.54,77.52,74.13
80.71,80.71,80.69,72.07,75.71
79.44,79.44,89.46,77.46,72.35
82.50,82.50,81.51,71.80,74.09
82.63,82.63,76.35,78.51,73.78
82.97,82.97,73.96,82.12,74.15
82.21,82.21,72.73,82.86,73.89
79.90,79.90,74.55,82.30,73.83
81.55,81.55,74.22,83.27,73.99
80.76,80.76,70.48,83.92,73.85
81.91,81.91,66.71,82.83,72.93
78.59,78.59,67.35,83.81,75.10
80.31,80.31,67.47,84.71,74.14
80.26,80.26,69.95,84.40,72.60
78.78,78.78,82.57,84.51,73.95
76.03,76.03,83.19,83.09,73.38
76.89,76.89,76.93,76.73,74.63
78.49,78.49,74.89,81.16,73.15
77.43,77.43,74.20,80.87,72.81
78.38,78.38,74.11,77.50,74.50
70.89,70.89,71.05,82.44,74.12
71.68,71.68,72.28,84.52,74.70
73.19,73.19,72.87,76.70,74.57
68.11,68.11,73.31,79.72,75.43
66.04,66.04,72.89,79.59,75.00
62.61,62.61,73.92,78.03,76.20
62.48,62.48,82.24,77.70,77.24
62.62,62.62,84.25,77.00,76.17
59.85,59.85,88.85,74.34,74.66
56.37,56.37,87.31,73.06,74.78
56.34,56.34,86.18,73.98,74.13
52.39,52.39,77.90,76.45,73.15
53.76,53.76,77.99,82.05,74.82
57.29,57.29,76.99,80.31,75.20
53.44,53.44,74.26,79.41,75.83
54.62,54.62,73.27,81.03,75.17
54.75,54.75,76.87,84.70,75.06
56.93,56.93,72.08,85.44,74.86
59.47,59.47,72.76,79.39,74.84
61.81,61.81,73.48,79.45,77.14
62.82,62.82,74.60,78.25,75.77
61.25,61.25,82.87,75.00,77.58
52.54,52.54,84.20,74.35,74.58
55.39,55.39,80.25,73.21,74.57
53.64,53.64,77.49,73.17,74.09
54.32,54.32,79.70,70.86,75.74
50.46,50.46,77.72,76.55,74.86
51.20,51.20,77.22,79.39,73.02
52.50,52.50,81.48,82.49,74.09
49.92,49.92,81.12,83.81,75.23
46.80,46.80,74.73,85.25,74.24
49.62,49.62,82.12,84.00,74.80
49.89,49.89,76.76,83.82,74.19
47.38,47.38,71.39,84.11,74.30
50.87,50.87,81.18,83.33,75.09
59.75,59.75,84.80,78.61,76.22
62.63,62.63,86.59,74.06,73.27
68.90,68.90,87.70,73.72,73.83
73.58,73.58,85.15,81.57,73.30
76.57,76.57,80.95,80.35,73.91
82.07,82.07,80.86,79.41,74.48
78.68,78.68,75.65,81.23,73.72
67.84,67.84,80.92,83.41,72.94
63.20,63.20,80.97,84.08,75.44
56.62,56.62,80.99,83.33,74.22
51.70,51.70,83.27,83.00,75.68
49.42,49.42,82.85,84.93,73.55
58.93,58.93,81.26,84.88,74.40
64.29,64.29,88.09,80.99,74.46
65.44,65.44,80.27,80.64,73.84
68.51,68.51,79.99,70.46,73.94
71.53,71.53,82.33,80.26,73.63
74.06,74.06,79.30,82.17,73.83
73.60,73.60,78.39,82.56,74.01
72.85,72.85,77.76,80.90,74.59
72.07,72.07,72.21,72.02,76.54
72.39,72.39,77.79,77.75,75.42
74.23,74.23,77.03,82.18,75.47
79.99,79.99,73.16,80.35,73.89
81.06,81.06,70.46,77.83,75.39
81.44,81.44,74.24,79.04,74.72
78.74,78.74,81.27,80.87,73.63
75.01,75.01,88.56,80.71,71.92
71.04,71.04,85.59,77.10,74.01
69.08,69.08,84.39,76.15,73.72
73.36,73.36,77.77,72.93,72.09
77.36,77.36,73.38,73.29,73.00
79.09,79.09,75.67,73.95,72.25
81.27,81.27,80.54,70.61,73.44
79.55,79.55,75.40,71.76,75.15
81.56,81.56,75.69,78.86,74.46
81.37,81.37,70.83,81.80,74.63
81.80,81.80,68.86,80.74,73.62
77.70,77.70,69.83,80.89,73.84
79.59,79.59,73.75,80.77,74.28
81.12,81.12,84.81,81.97,73.85
77.71,77.71,80.77,81.81,71.40
79.66,79.66,77.83,79.88,71.63
81.14,81.14,73.22,82.59,72.61
80.19,80.19,78.44,84.05,73.66
80.81,80.81,73.36,84.31,72.81
83.89,83.89,73.75,83.84,74.03
82.71,82.71,78.76,71.13,73.00
81.65,81.65,71.83,76.24,74.14
83.36,83.36,68.59,78.37,74.51
82.59,82.59,67.81,81.13,72.35
81.55,81.55,67.60,79.99,72.68
80.05,80.05,69.92,80.01,73.23
75.27,75.27,78.85,80.33,73.64
71.17,71.17,89.21,79.04,72.02
74.42,74.42,85.29,72.40,72.16
80.24,80.24,79.90,73.87,74.30
79.08,79.08,72.98,77.16,72.58
79.27,79.27,73.39,78.12,72.74
81.91,81.91,73.17,81.13,73.99
81.53,81.53,77.89,82.33,74.47
79.22,79.22,71.48,81.57,73.22
77.50,77.50,68.50,83.32,74.91
76.00,76.00,69.73,84.11,73.59
74.48,74.48,69.02,84.33,71.76
77.88,77.88,72.46,83.45,70.48
72.33,72.33,85.89,80.32,73.27
70.61,70.61,83.99,82.37,71.63
75.43,75.43,79.32,81.43,73.40
76.30,76.30,76.58,77.93,73.30
77.65,77.65,75.53,82.19,74.13
79.79,79.79,73.51,82.97,72.56
79.13,79.13,72.67,83.10,74.42
80.82,80.82,71.82,84.16,72.80
80.65,80.65,72.06,76.81,75.56
83.53,83.53,71.25,79.81,76.76
85.71,85.71,69.77,85.01,73.34
83.52,83.52,70.39,84.95,75.11
79.54,79.54,75.78,83.40,73.99
77.58,77.58,84.40,82.84,73.05
70.23,70.23,86.11,74.30,74.72
69.39,69.39,87.69,75.65,73.18
67.83,67.83,80.77,81.84,74.53
62.50,62.50,78.19,84.28,73.32
67.77,67.77,80.39,85.04,73.28
69.53,69.53,74.91,85.47,74.00
68.73,68.73,78.86,85.77,75.48
71.16,71.16,76.71,84.01,75.99
73.18,73.18,78.75,83.34,76.49
68.76,68.76,81.29,84.99,73.66
64.76,64.76,79.93,86.10,73.31
70.88,70.88,81.35,83.87,74.04
71.23,71.23,83.57,82.89,73.50
72.05,72.05,88.04,79.68,72.93
70.50,70.50,84.91,79.34,72.35
72.37,72.37,77.49,81.75,73.80
75.16,75.16,75.25,83.29,74.88
79.45,79.45,82.81,82.95,72.70
78.37,78.37,82.83,82.39,73.08
77.63,77.63,75.95,80.80,73.50
79.11,79.11,74.84,81.05,73.84
73.29,73.29,78.32,81.89,74.07
80.24,80.24,75.15,82.08,73.85
83.38,83.38,78.20,82.62,72.96
83.89,83.89,72.91,82.99,72.50
84.07,84.07,76.27,81.78,72.58
81.24,81.24,80.21,79.37,75.47
72.07,72.07,89.70,81.32,71.21
72.45,72.45,82.63,77.95,72.33
72.88,72.88,78.33,76.42,74.57
68.55,68.55,73.96,79.60,73.48
74.67,74.67,73.46,80.78,73.15
79.12,79.12,76.07,81.25,73.08
78.44,78.44,75.74,82.54,72.69
80.49,80.49,74.11,82.01,73.46
79.03,79.03,67.41,82.29,74.24
78.95,78.95,68.65,83.11,74.41
76.46,76.46,66.67,83.41,74.39
73.12,73.12,66.44,83.52,72.89
68.37,68.37,69.32,84.34,72.55
66.90,66.90,77.34,81.54,73.85
67.16,67.16,88.65,76.06,72.93
68.24,68.24,79.04,79.61,73.32
72.87,72.87,75.69,85.59,73.27
77.41,77.41,73.86,84.84,74.03
76.63,76.63,72.65,83.82,74.70
74.64,74.64,73.11,83.81,73.43
74.39,74.39,70.83,78.04,74.91
75.63,75.63,70.51,75.62,75.12
77.08,77.08,70.90,82.52,74.52
78.21,78.21,69.36,83.38,74.93
80.29,80.29,71.01,83.96,75.09
79.17,79.17,73.31,84.23,76.13
76.90,76.90,83.65,83.16,74.42
74.73,74.73,87.51,81.73,70.97
78.31,78.31,87.23,74.04,72.54
78.78,78.78,83.11,78.82,74.20
72.99,72.99,77.62,82.92,74.19
70.46,70.46,76.13,84.06,75.84
71.31,71.31,73.98,83.06,74.52
70.51,70.51,75.61,79.82,73.75
70.10,70.10,81.19,80.29,74.28
68.38,68.38,85.19,83.26,75.02
64.67,64.67,80.26,85.76,73.99
62.33,62.33,73.01,86.32,74.40
62.47,62.47,71.91,85.82,75.77
70.40,70.40,71.50,85.00,74.72
73.97,73.97,80.14,84.90,75.90
72.56,72.56,88.31,85.05,71.21
74.75,74.75,82.46,83.69,74.11
80.26,80.26,78.76,82.53,74.78
78.91,78.91,74.56,83.29,73.33
74.55,74.55,75.21,84.47,74.09
72.36,72.36,76.87,81.56,73.47
75.87,75.87,72.90,75.50,74.22
83.53,83.53,72.40,76.69,74.79
81.23,81.23,73.11,82.76,75.88
81.18,81.18,69.89,82.91,75.85
82.74,82.74,69.77,82.17,76.74
82.21,82.21,71.16,80.56,75.91
76.59,76.59,77.99,74.13,76.98
77.55,77.55,89.15,76.43,74.95
76.64,76.64,82.77,75.98,73.08
78.08,78.08,80.62,78.36,73.54
80.45,80.45,72.73,78.04,75.01
80.97,80.97,75.19,78.09,73.95
83.21,83.21,74.40,78.22,73.53
84.78,84.78,78.44,79.71,74.57
84.06,84.06,74.17,80.91,75.40
83.78,83.78,69.81,81.13,75.75
82.53,82.53,70.08,80.76,74.85
82.64,82.64,67.71,81.72,75.00
82.96,82.96,69.10,82.50,74.99
82.38,82.38,70.34,82.25,73.82
80.00,80.00,88.44,79.16,72.37
80.01,80.01,82.82,77.81,71.72
78.92,78.92,80.06,75.42,72.70
78.99,78.99,74.28,81.97,72.72
81.08,81.08,74.62,82.64,73.91
79.60,79.60,72.60,82.04,73.91
78.60,78.60,71.85,81.80,74.19
78.45,78.45,72.35,79.31,73.60
75.57,75.57,72.30,75.61,74.81
75.16,75.16,73.15,81.16,75.13
73.06,73.06,71.47,81.10,74.59
70.30,70.30,71.94,80.88,74.39
65.35,65.35,73.28,81.96,76.32
61.35,61.35,86.68,83.35,75.78
58.01,58.01,86.89,79.60,72.80
57.58,57.58,87.26,75.43,75.72
62.48,62.48,82.32,77.71,75.12
59.33,59.33,77.55,83.07,75.77
63.24,63.24,77.78,83.14,76.10
62.61,62.61,75.39,80.82,74.89
56.68,56.68,74.59,78.48,76.20
56.19,56.19,81.01,78.59,76.57
57.64,57.64,76.75,81.68,76.66
54.73,54.73,73.91,80.69,75.31
58.15,58.15,72.65,79.38,74.81
60.86,60.86,74.75,79.29,76.12
58.44,58.44,76.74,76.99,76.73
56.51,56.51,91.42,79.30,73.98
54.42,54.42,87.03,70.89,73.75
54.38,54.38,79.93,68.35,75.03
52.56,52.56,81.38,81.31,75.49
51.62,51.62,84.17,83.31,76.83
49.14,49.14,80.53,84.68,76.06
45.46,45.46,74.13,85.27,75.18
47.62,47.62,77.47,84.33,75.15
48.21,48.21,80.60,84.69,75.60
45.65,45.65,78.30,85.84,75.27
42.07,42.07,77.03,86.11,75.21
46.42,46.42,74.17,85.65,73.11
51.20,51.20,75.78,85.87,73.89
64.90,64.90,78.85,86.18,73.91
70.44,70.44,83.57,84.10,72.87
69.99,69.99,80.70,77.77,73.44
74.58,74.58,84.96,80.16,73.42
77.08,77.08,83.55,81.79,73.50
73.18,73.18,80.94,84.08,74.12
75.00,75.00,81.46,85.24,74.14
71.49,71.49,79.37,84.61,75.29
72.28,72.28,80.81,83.46,75.22
72.06,72.06,77.17,83.61,75.98
71.22,71.22,77.97,84.27,75.98
70.08,70.08,82.98,84.53,74.71
60.50,60.50,81.14,84.49,74.38
63.53,63.53,76.54,83.98,71.77
69.63,69.63,85.66,80.39,74.45
66.12,66.12,83.84,74.95,72.62
71.17,71.17,82.13,74.62,74.89
77.02,77.02,81.47,81.77,75.50
75.81,75.81,78.92,82.65,76.33
76.44,76.44,75.28,83.88,74.70
78.37,78.37,74.92,81.75,75.45
75.87,75.87,74.72,76.85,75.77
73.96,73.96,75.25,74.33,74.67
73.02,73.02,75.28,76.81,76.05
66.85,66.85,75.98,77.60,75.44
60.95,60.95,78.33,77.86,75.53
60.70,60.70,79.81,74.96,75.63
57.17,57.17,83.10,76.06,74.62
61.04,61.04,79.88,76.89,74.85
67.69,67.69,79.57,72.22,74.09
73.76,73.76,75.95,79.86,75.77
79.13,79.13,79.35,82.19,74.34
78.41,78.41,74.69,83.29,75.20
77.49,77.49,70.87,83.11,75.26
72.29,72.29,73.42,79.65,76.66
69.77,69.77,72.54,70.76,77.13
76.67,76.67,73.00,82.16,76.05
76.35,76.35,69.82,82.54,75.83
70.45,70.45,67.99,83.73,75.40
68.63,68.63,68.05,83.78,77.65
64.23,64.23,73.09,83.04,76.73
66.57,66.57,89.14,81.06,75.40
69.32,69.32,87.77,77.73,74.12
75.00,75.00,76.50,78.07,75.61
80.98,80.98,76.13,79.85,75.83
79.14,79.14,78.16,80.39,73.77
78.87,78.87,72.81,81.62,73.31
79.68,79.68,76.89,79.25,73.38
76.38,76.38,77.47,72.31,75.05
77.10,77.10,74.01,79.49,76.65
78.33,78.33,70.85,80.44,77.12
79.31,79.31,69.77,81.93,75.08
76.41,76.41,70.67,81.08,74.40
73.49,73.49,73.06,78.46,74.59
74.87,74.87,83.44,71.59,75.38
71.46,71.46,90.20,73.95,71.94
70.49,70.49,81.46,68.73,75.93
75.79,75.79,80.53,77.54,77.17
78.67,78.67,73.29,81.13,77.35
79.10,79.10,76.50,83.52,75.16
79.62,79.62,72.15,83.92,74.24
79.36,79.36,74.24,83.75,73.97
75.51,75.51,75.58,83.85,73.86
79.84,79.84,70.73,83.37,75.27
79.44,79.44,68.62,82.96,74.91
76.44,76.44,67.77,82.59,73.07
71.92,71.92,70.77,82.46,72.13
71.01,71.01,80.50,82.16,72.17
67.55,67.55,85.23,81.78,71.96
63.78,63.78,79.14,82.45,74.10
71.76,71.76,75.85,84.49,78.31
82.73,82.73,73.44,80.52,76.79
79.75,79.75,73.70,81.54,76.26
79.47,79.47,72.45,81.11,75.70
79.20,79.20,71.36,74.61,76.12
80.64,80.64,71.49,68.96,78.77
78.77,78.77,72.22,81.62,76.78
76.77,76.77,71.79,82.60,77.85
76.03,76.03,72.18,82.65,76.58
79.11,79.11,73.93,83.45,75.08
79.58,79.58,80.28,84.22,75.82
77.65,77.65,85.97,83.64,79.13
79.05,79.05,79.51,77.10,74.29
79.70,79.70,83.53,66.56,77.10
76.63,76.63,80.50,78.16,75.08
81.40,81.40,86.61,81.79,74.08
79.59,79.59,82.26,82.41,72.12
79.47,79.47,80.05,80.46,74.37
74.97,74.97,75.61,75.68,73.03
74.42,74.42,74.43,72.40,73.51
69.27,69.27,72.09,76.75,72.80
64.32,64.32,76.54,80.29,73.41
59.36,59.36,80.66,80.41,72.91
61.45,61.45,83.43,82.62,74.13
61.19,61.19,90.35,81.46,69.28
67.74,67.74,80.01,75.93,72.17
74.65,74.65,82.06,73.15,73.90
76.56,76.56,79.20,70.28,73.19
75.91,75.91,78.21,70.36,72.98
80.92,80.92,80.54,66.56,73.92
80.24,80.24,84.10,74.54,73.44
78.94,78.94,77.87,70.92,72.88
77.41,77.41,77.15,76.37,74.32
80.42,80.42,73.64,76.56,74.02
79.42,79.42,76.05,76.04,74.72
80.87,80.87,72.44,77.44,74.16
80.85,80.85,73.64,74.40,74.24
79.49,79.49,80.24,70.12,75.27
74.25,74.25,91.89,71.93,71.51
77.38,77.38,79.75,61.35,73.54
77.83,77.83,81.23,69.48,73.32
79.25,79.25,84.00,70.50,73.18
77.16,77.16,78.10,76.65,73.28
74.79,74.79,72.28,75.70,73.33
75.47,75.47,78.23,72.60,72.90
76.37,76.37,77.10,76.13,72.90
74.63,74.63,71.38,77.63,73.37
77.15,77.15,71.27,73.90,76.20
79.08,79.08,71.55,75.24,77.43
79.44,79.44,70.90,79.45,77.27
76.50,76.50,70.80,79.10,76.83
69.77,69.77,75.46,74.55,74.77
77.33,77.33,88.45,77.67,74.94
72.95,72.95,81.30,77.49,74.05
75.30,75.30,76.65,74.74,75.92
77.79,77.79,74.77,79.90,73.73
77.96,77.96,74.08,80.00,74.07
72.90,72.90,74.37,81.30,74.23
75.90,75.90,72.44,80.25,74.60
76.07,76.07,72.48,77.97,76.38
73.28,73.28,72.39,75.65,76.02
76.20,76.20,70.85,75.29,76.28
80.07,80.07,71.77,76.33,75.62
78.79,78.79,73.44,77.90,75.02
81.61,81.61,80.41,68.82,74.70
71.39,71.39,92.33,73.08,71.70
77.84,77.84,84.14,69.09,73.70
74.97,74.97,86.22,72.06,71.78
75.16,75.16,76.57,72.78,74.84
77.54,77.54,76.70,73.10,74.17
79.63,79.63,77.98,69.92,76.13
78.29,78.29,72.17,72.75,77.46
76.16,76.16,70.66,76.98,75.85
74.44,74.44,72.48,79.02,76.71
75.29,75.29,71.50,76.61,77.09
77.09,77.09,69.37,78.81,77.25
75.98,75.98,68.81,79.03,76.15
75.66,75.66,71.32,75.46,74.74
73.37,73.37,79.88,69.55,77.40
66.85,66.85,91.33,74.13,73.79
73.03,73.03,76.06,62.95,75.09
79.54,79.54,80.10,75.83,74.25
83.26,83.26,76.39,78.51,73.89
76.05,76.05,75.10,80.92,75.07
77.81,77.81,75.70,81.00,76.48
78.84,78.84,76.17,79.78,74.11
77.42,77.42,74.06,79.29,75.85
79.25,79.25,71.81,74.54,76.65
82.86,82.86,70.62,79.81,75.80
78.91,78.91,70.40,81.02,75.06
78.98,78.98,70.85,79.90,76.18
79.97,79.97,77.32,71.48,75.79
79.34,79.34,82.83,71.15,76.42
79.11,79.11,79.49,68.37,73.82
80.55,80.55,76.59,71.03,75.04
78.20,78.20,77.60,74.43,76.60
79.47,79.47,74.17,72.24,77.02
82.29,82.29,74.05,77.28,75.78
82.27,82.27,73.59,79.14,75.39
82.45,82.45,76.87,76.08,75.85
82.32,82.32,69.60,77.82,75.87
79.31,79.31,68.68,77.77,76.86
76.66,76.66,68.28,77.09,76.57
77.80,77.80,69.04,76.43,75.38
77.97,77.97,71.48,77.14,73.55
79.01,79.01,84.39,74.92,74.80
79.34,79.34,84.47,74.21,74.67
75.33,75.33,79.39,75.33,75.17
74.14,74.14,76.63,80.36,76.44
83.57,83.57,74.53,75.21,75.42
81.70,81.70,72.63,81.00,75.01
76.03,76.03,71.35,81.24,75.09
80.19,80.19,73.54,81.66,76.60
81.22,81.22,70.63,83.36,74.02
80.90,80.90,70.64,82.33,74.30
81.25,81.25,69.33,81.18,74.88
80.88,80.88,69.58,83.64,74.91
82.46,82.46,72.56,81.35,76.17
82.28,82.28,80.94,77.25,77.79
78.09,78.09,89.29,77.75,74.22
77.74,77.74,81.11,74.74,73.69
76.15,76.15,81.30,72.55,76.45
74.63,74.63,77.62,65.84,76.51
74.28,74.28,78.24,68.59,75.88
76.34,76.34,76.43,72.29,76.00
78.51,78.51,77.50,70.03,77.11
79.33,79.33,75.48,68.11,77.26
76.43,76.43,76.14,76.91,76.76
75.52,75.52,72.97,69.91,76.98
75.69,75.69,72.72,72.46,75.72
71.00,71.00,72.70,72.95,74.88
68.97,68.97,80.54,73.50,74.61
68.16,68.16,83.45,67.51,75.43
69.34,69.34,90.16,72.19,72.25
74.03,74.03,82.81,69.10,72.38
79.26,79.26,80.92,66.11,73.59
76.52,76.52,85.14,72.84,74.63
78.86,78.86,79.84,69.50,73.50
78.88,78.88,82.03,69.08,75.06
80.19,80.19,78.72,70.46,76.18
81.12,81.12,81.47,74.13,75.19
81.74,81.74,80.13,73.71,75.09
81.05,81.05,79.75,75.33,75.00
77.48,77.48,79.62,75.43,73.33
71.06,71.06,76.58,71.64,73.63
69.71,69.71,83.97,73.70,74.49
70.11,70.11,84.78,69.71,74.43
75.95,75.95,80.75,71.26,73.67
70.93,70.93,82.77,72.25,74.22
74.54,74.54,85.57,73.85,75.57
75.92,75.92,76.65,72.39,76.18
76.69,76.69,82.64,72.31,76.24
73.81,73.81,80.16,69.66,75.39
76.47,76.47,82.20,67.18,74.21
79.49,79.49,78.29,72.68,74.68
77.68,77.68,80.54,74.66,75.23
77.63,77.63,84.78,73.46,75.84
77.13,77.13,83.12,72.39,75.53
75.18,75.18,79.23,73.12,74.09
73.42,73.42,89.84,69.00,71.89
67.14,67.14,81.23,68.90,73.57
72.95,72.95,84.99,75.10,74.12
69.95,69.95,82.46,78.13,75.65
72.06,72.06,78.55,77.76,76.43
75.80,75.80,76.01,76.33,75.89
74.64,74.64,73.89,71.19,76.01
72.68,72.68,72.28,67.21,76.17
77.23,77.23,73.00,78.60,75.77
75.35,75.35,77.03,81.27,75.68
76.81,76.81,75.46,80.12,75.18
75.47,75.47,72.34,80.52,75.15
78.56,78.56,75.89,81.28,74.29
71.01,71.01,82.60,79.70,74.37
67.39,67.39,80.01,75.64,74.17
68.10,68.10,80.66,80.40,75.61
68.98,68.98,77.07,80.85,76.15
68.23,68.23,75.20,81.51,75.96
68.62,68.62,74.97,79.60,75.20
67.58,67.58,74.22,77.43,76.45
68.61,68.61,76.04,73.75,76.45
68.82,68.82,79.62,74.79,76.65
70.29,70.29,72.09,76.49,76.95
72.92,72.92,67.98,74.73,77.12
73.38,73.38,73.29,73.67,78.09
75.75,75.75,73.27,75.01,76.62
73.13,73.13,71.33,71.78,75.21
72.22,72.22,80.31,69.44,75.65
66.87,66.87,91.01,70.97,71.48
67.58,67.58,83.34,69.95,73.41
71.36,71.36,76.91,72.68,74.66
76.20,76.20,73.83,73.34,73.99
78.26,78.26,79.67,73.37,74.17
77.84,77.84,72.85,72.18,73.79
78.15,78.15,78.51,73.71,74.52
77.39,77.39,77.69,73.78,74.89
77.87,77.87,73.63,74.09,76.18
74.69,74.69,71.25,74.83,76.35
75.23,75.23,70.51,76.05,75.10
78.12,78.12,70.29,72.80,74.73
77.96,77.96,71.06,73.00,74.34
73.46,73.46,83.83,72.66,73.91
73.92,73.92,87.15,72.66,74.50
75.61,75.61,81.65,73.18,74.72
75.89,75.89,77.88,71.34,74.20
76.47,76.47,73.67,72.93,73.53
76.45,76.45,75.97,74.32,73.49
71.65,71.65,86.92,76.19,73.60
73.50,73.50,81.40,75.17,75.06
71.25,71.25,81.39,75.07,74.83
68.75,68.75,73.10,76.83,74.63
65.28,65.28,71.89,76.66,74.27
60.46,60.46,71.02,77.02,74.27
67.94,67.94,76.91,77.90,74.77
70.82,70.82,86.74,73.53,74.13
76.99,76.99,79.48,71.07,74.09
81.92,81.92,73.91,77.11,76.04
80.94,80.94,71.09,73.64,75.95
81.89,81.89,74.89,72.63,77.61
81.39,81.39,81.27,74.13,76.40
83.18,83.18,83.63,71.30,72.54
80.40,80.40,80.36,76.91,73.13
81.51,81.51,71.75,78.33,72.88
81.63,81.63,74.71,80.02,74.26
79.92,79.92,74.24,77.90,72.63
82.46,82.46,76.34,68.56,72.54
79.69,79.69,87.87,71.29,73.08
78.03,78.03,86.29,69.48,71.27
78.88,78.88,85.64,71.46,72.18
78.43,78.43,82.67,70.04,73.56
78.62,78.62,76.22,72.29,72.16
79.61,79.61,80.68,76.35,73.69
74.37,74.37,73.29,78.05,73.39
71.79,71.79,82.74,75.89,74.32
66.97,66.97,84.37,77.37,74.20
68.48,68.48,77.22,69.49,75.55
67.79,67.79,75.22,69.35,75.20
67.32,67.32,72.32,78.79,76.10
67.66,67.66,72.83,79.33,74.78
68.52,68.52,80.08,77.50,76.20
63.17,63.17,92.04,69.86,69.45
68.01,68.01,86.29,68.91,73.62
73.24,73.24,86.57,78.74,72.63
75.47,75.47,79.91,74.93,74.32
79.88,79.88,82.40,71.82,74.09
81.02,81.02,80.42,72.95,74.46
79.28,79.28,83.29,73.99,74.49
80.72,80.72,83.39,73.34,74.56
81.29,81.29,86.75,70.57,75.82
80.07,80.07,82.41,72.16,76.73
79.61,79.61,77.99,72.96,75.79
79.73,79.73,69.88,71.52,76.30
79.22,79.22,80.62,69.44,74.83
73.83,73.83,91.25,67.41,71.52
77.80,77.80,84.37,69.89,73.63
81.96,81.96,80.83,70.26,73.33
83.15,83.15,83.46,73.32,75.04
82.79,82.79,82.45,74.96,74.64
82.70,82.70,85.20,76.84,74.49
82.39,82.39,83.88,77.49,73.95
82.66,82.66,82.95,76.95,73.85
80.72,80.72,77.76,75.76,74.92
80.16,80.16,73.19,76.25,74.46
78.26,78.26,74.62,78.26,75.92
75.91,75.91,77.46,77.45,75.72
73.13,73.13,79.92,77.77,75.04
73.38,73.38,83.76,76.33,73.39
71.08,71.08,87.60,78.28,73.76
75.07,75.07,80.21,77.48,72.91
81.57,81.57,79.10,75.12,73.06
84.32,84.32,76.46,77.63,72.70
78.45,78.45,78.11,82.48,73.39
80.15,80.15,76.93,80.31,71.45
79.33,79.33,80.23,75.98,70.83
79.20,79.20,74.43,74.37,69.70
79.19,79.19,76.05,73.07,70.16
82.80,82.80,80.27,75.16,70.83
82.71,82.71,77.50,72.79,70.74
82.12,82.12,76.63,63.17,70.65
81.29,81.29,77.78,59.31,71.16
78.45,78.45,85.53,64.68,72.53
75.64,75.64,83.88,72.02,72.93
79.11,79.11,80.38,71.04,74.62
78.72,78.72,74.47,74.09,76.51
80.21,80.21,73.02,77.55,74.42
80.50,80.50,74.78,77.52,75.33
79.09,79.09,77.89,77.12,74.91
79.20,79.20,74.20,76.38,74.89
76.80,76.80,67.88,75.85,75.44
73.69,73.69,70.65,72.66,72.88
73.03,73.03,76.57,65.52,69.53
70.96,70.96,69.13,60.56,67.85
64.41,64.41,72.13,61.17,66.46
61.00,61.00,78.23,61.81,69.26
65.90,65.90,90.03,65.90,73.85
65.55,65.55,87.09,62.69,70.85
72.95,72.95,84.73,66.13,76.73
79.29,79.29,82.77,71.01,75.23
78.27,78.27,82.91,72.64,75.31
80.62,80.62,83.05,71.50,77.05
81.03,81.03,80.64,75.16,76.90
76.63,76.63,81.05,77.37,75.81
79.41,79.41,77.85,77.10,76.33
82.19,82.19,73.19,75.63,77.37
81.07,81.07,75.41,76.74,75.74
79.86,79.86,80.30,76.27,76.11
82.11,82.11,83.81,71.41,76.60
75.93,75.93,91.58,71.48,74.55
76.73,76.73,82.60,69.06,75.55
80.36,80.36,83.44,70.47,74.89
77.26,77.26,79.14,69.72,76.42
80.42,80.42,83.12,74.02,77.36
80.33,80.33,83.83,74.49,77.77
75.20,75.20,84.99,74.35,75.91
77.86,77.86,83.86,71.50,76.34
73.64,73.64,82.70,73.05,76.65
70.91,70.91,82.22,75.03,76.43
75.08,75.08,73.37,74.46,76.83
77.67,77.67,81.79,74.73,76.81
77.46,77.46,82.95,77.13,75.18
73.72,73.72,82.60,77.85,72.92
70.50,70.50,88.80,75.36,74.01
70.26,70.26,80.25,75.62,72.65
77.74,77.74,79.07,68.52,74.98
81.59,81.59,79.00,77.64,74.92
80.90,80.90,78.43,79.20,73.96
78.74,78.74,74.92,80.32,73.91
80.58,80.58,74.35,76.51,73.67
82.16,82.16,70.64,74.73,73.18
82.40,82.40,76.35,74.79,71.62
82.65,82.65,76.35,74.61,68.64
81.72,81.72,76.35,73.73,70.59
81.28,81.28,74.74,70.97,67.82
84.00,84.00,75.69,66.34,68.94
80.12,80.12,85.47,69.85,73.23
80.46,80.46,82.59,65.57,71.19
75.63,75.63,79.55,69.69,72.87
77.90,77.90,74.94,76.56,75.52
78.08,78.08,73.93,74.76,74.43
75.82,75.82,74.81,77.52,74.06
77.00,77.00,74.53,76.02,72.70
76.73,76.73,73.81,74.07,70.45
76.82,76.82,73.80,71.16,68.53
73.74,73.74,71.46,65.15,68.15
77.72,77.72,76.19,54.87,67.26
73.65,73.65,69.93,60.79,65.71
67.82,67.82,72.49,64.46,66.29
66.51,66.51,86.98,74.89,71.05
67.14,67.14,88.19,74.92,72.45
69.92,69.92,85.25,75.42,71.24
77.79,77.79,83.21,69.39,74.27
78.76,78.76,83.14,70.25,73.62
79.01,79.01,82.94,69.86,73.87
80.00,80.00,76.74,69.43,75.52
80.35,80.35,81.16,72.73,75.35
79.55,79.55,76.91,75.48,74.72
80.13,80.13,77.82,74.23,75.39
79.69,79.69,73.41,73.42,75.32
81.45,81.45,74.18,73.47,74.79
81.11,81.11,81.36,72.13,74.21
78.13,78.13,85.60,70.47,75.04
76.44,76.44,92.19,71.72,71.52
75.65,75.65,83.26,68.07,73.04
74.82,74.82,82.00,65.67,74.38
76.00,76.00,82.05,74.77,74.89
74.48,74.48,82.49,76.17,76.38
79.09,79.09,78.99,76.07,75.87
82.85,82.85,78.59,77.07,75.86
81.33,81.33,78.80,78.51,76.02
78.68,78.68,78.63,77.52,75.09
78.01,78.01,77.33,76.11,74.89
79.78,79.78,77.21,77.95,73.33
73.96,73.96,83.97,79.00,72.33
72.85,72.85,78.46,79.57,71.45
72.88,72.88,88.60,78.41,71.04
70.87,70.87,80.99,74.30,72.59
63.78,63.78,80.98,74.88,72.68
61.08,61.08,79.75,75.71,73.50
60.55,60.55,83.70,80.55,73.90
57.47,57.47,81.88,79.97,74.15
51.85,51.85,80.06,78.78,72.66
51.37,51.37,75.56,78.20,72.54
52.57,52.57,76.61,73.56,71.44
52.84,52.84,80.34,71.27,71.15
52.76,52.76,75.13,65.74,69.78
51.55,51.55,77.56,57.53,67.16
44.38,44.38,76.21,60.42,66.32
44.86,44.86,88.16,69.53,66.64
51.16,51.16,88.91,67.11,64.29
59.10,59.10,89.72,64.25,68.86
69.22,69.22,85.36,64.64,73.67
77.51,77.51,81.60,73.69,75.14
79.45,79.45,81.86,71.93,75.71
81.79,81.79,77.11,69.03,76.58
80.76,80.76,80.34,69.04,77.02
79.34,79.34,84.13,68.28,74.38
80.98,80.98,82.34,68.00,73.62
80.51,80.51,79.80,69.36,74.38
79.77,79.77,77.52,70.91,73.93
76.86,76.86,75.50,72.45,73.03
79.12,79.12,74.01,71.94,72.94
79.74,79.74,80.17,71.33,72.72
74.84,74.84,90.77,69.36,71.53
75.08,75.08,81.04,68.10,72.79
76.96,76.96,78.77,78.03,74.49
76.66,76.66,75.86,80.28,74.10
79.45,79.45,74.54,80.74,75.53
79.65,79.65,79.27,80.19,74.87
77.67,77.67,75.39,81.55,76.44
77.47,77.47,73.91,82.04,75.33
76.22,76.22,72.29,81.62,76.48
73.05,73.05,72.77,81.51,75.30
70.88,70.88,74.57,80.40,76.00
67.60,67.60,72.40,77.78,76.66
64.25,64.25,76.41,76.60,76.06
62.90,62.90,88.09,79.97,73.91
60.96,60.96,88.95,80.51,72.67
69.02,69.02,84.40,78.78,75.90
75.36,75.36,78.83,79.78,74.14
75.36,75.36,74.95,80.24,74.45
77.12,77.12,78.85,77.22,74.00
80.52,80.52,84.80,75.18,73.47
74.54,74.54,89.43,79.20,74.13
71.81,71.81,86.92,79.94,72.93
69.07,69.07,84.69,77.83,72.54
67.84,67.84,81.18,70.95,73.30
64.29,64.29,79.40,69.91,73.22
62.52,62.52,79.07,78.54,74.64
60.35,60.35,83.10,81.23,75.23
58.19,58.19,89.70,81.06,71.71
67.40,67.40,83.07,81.12,74.66
75.13,75.13,80.06,81.45,75.08
79.44,79.44,81.38,80.33,76.15
80.07,80.07,82.73,80.47,75.06
79.47,79.47,79.51,79.95,74.30
79.50,79.50,80.26,75.99,73.17
78.75,78.75,82.05,74.94,74.64
79.91,79.91,79.36,75.87,71.82
80.26,80.26,81.87,78.49,72.18
77.84,77.84,79.44,78.79,72.92
77.78,77.78,77.32,76.83,73.00
80.93,80.93,79.49,75.37,72.31
79.56,79.56,83.32,75.92,73.59
80.82,80.82,87.64,77.32,73.07
81.04,81.04,79.24,74.86,73.42
76.89,76.89,82.40,68.10,74.30
77.60,77.60,83.94,64.92,74.98
78.43,78.43,79.96,60.81,75.49
77.34,77.34,82.56,59.96,75.47
71.13,71.13,79.98,57.75,76.12
67.03,67.03,83.95,66.50,75.35
61.65,61.65,80.88,76.64,75.85
55.86,55.86,77.70,78.36,77.10
52.35,52.35,78.34,76.50,75.23
53.80,53.80,77.64,80.74,74.05
57.69,57.69,82.05,77.88,74.60
62.23,62.23,87.47,79.74,73.65
70.10,70.10,80.51,74.54,73.92
78.33,78.33,75.63,73.20,76.23
79.59,79.59,76.56,77.86,75.66
78.94,78.94,77.35,79.14,74.60
75.06,75.06,77.39,78.83,75.08
75.51,75.51,81.31,77.69,74.07
77.00,77.00,80.43,79.74,74.02
75.93,75.93,78.01,80.83,73.99
77.59,77.59,77.84,81.38,74.86
77.72,77.72,77.00,80.17,74.06
75.11,75.11,76.29,81.35,73.87
75.16,75.16,76.43,83.12,75.03
77.64,77.64,78.11,84.26,74.88
79.64,79.64,77.68,81.41,75.09
76.18,76.18,80.00,78.44,74.39
75.22,75.22,80.87,75.88,74.07
72.56,72.56,80.42,76.86,74.04
72.30,72.30,79.35,80.42,73.73
69.12,69.12,79.34,83.27,73.87
74.04,74.04,77.24,83.88,74.99
73.61,73.61,77.00,83.19,74.08
73.77,73.77,75.88,83.35,74.67
74.12,74.12,73.75,84.85,73.77
72.65,72.65,73.78,83.65,73.90
73.22,73.22,75.15,82.79,74.48
71.76,71.76,75.35,81.06,72.70
74.12,74.12,89.48,78.56,73.41
79.99,79.99,83.03,81.91,73.20
82.54,82.54,78.14,69.12,74.20
79.66,79.66,76.69,78.10,74.91
76.19,76.19,76.75,76.90,72.68
76.79,76.79,76.96,77.21,74.45
78.02,78.02,75.02,76.90,75.23
76.19,76.19,73.46,78.19,75.56
77.60,77.60,73.85,78.35,75.34
77.91,77.91,73.86,78.00,76.26
80.43,80.43,73.24,77.89,76.14
80.68,80.68,72.40,79.63,74.85
78.30,78.30,72.93,80.93,75.30
77.49,77.49,79.05,80.50,76.20
77.34,77.34,89.36,82.29,73.45
77.99,77.99,82.89,76.21,74.41
75.22,75.22,82.82,77.95,74.65
78.46,78.46,73.70,68.78,75.27
78.81,78.81,75.60,77.22,75.26
80.16,80.16,76.33,78.29,76.22
78.25,78.25,72.29,80.08,74.93
79.19,79.19,68.84,80.93,75.14
77.90,77.90,67.69,82.94,74.46
77.80,77.80,67.43,82.51,75.38
79.52,79.52,68.47,81.87,73.96
76.10,76.10,70.05,82.25,74.29
76.12,76.12,76.86,83.54,74.39
72.22,72.22,85.88,83.90,74.03
80.92,80.92,83.32,82.81,72.54
77.53,77.53,79.60,81.05,72.15
83.64,83.64,74.37,81.09,71.97
80.54,80.54,77.78,81.63,71.88
80.48,80.48,73.96,81.75,72.63
80.08,80.08,74.07,81.28,74.05
78.93,78.93,76.87,77.69,73.13
78.68,78.68,72.33,81.58,74.38
80.20,80.20,70.84,81.10,75.19
79.29,79.29,68.74,81.02,75.26
77.58,77.58,70.83,80.69,73.60
74.96,74.96,80.76,76.42,75.06
76.10,76.10,84.46,66.26,75.47
76.96,76.96,83.77,72.86,72.95
77.32,77.32,78.64,77.22,74.78
75.45,75.45,76.81,83.96,75.13
78.07,78.07,74.86,84.54,75.99
78.38,78.38,73.42,84.35,75.35
79.92,79.92,76.91,84.80,76.40
81.07,81.07,76.20,86.04,74.60
79.52,79.52,68.75,86.37,75.02
79.12,79.12,64.99,86.64,73.98
81.05,81.05,66.61,86.87,74.66
83.96,83.96,69.97,86.27,72.71
78.45,78.45,73.18,84.58,72.77
77.56,77.56,86.96,84.16,73.06
79.26,79.26,80.22,84.15,72.69
77.83,77.83,77.97,80.90,73.79
75.79,75.79,74.96,79.54,74.32
73.97,73.97,75.87,81.51,73.87
72.22,72.22,74.99,82.11,74.14
75.74,75.74,74.08,83.33,74.92
71.10,71.10,72.57,84.19,75.87
73.41,73.41,72.05,84.67,75.58
64.51,64.51,71.64,84.40,75.36
69.49,69.49,70.59,86.19,75.99
66.69,66.69,70.62,85.70,75.01
62.68,62.68,77.29,82.35,75.25
62.50,62.50,87.75,79.17,75.69
58.19,58.19,84.86,77.86,73.32
57.00,57.00,87.88,75.38,75.18
51.73,51.73,81.71,71.83,74.55
49.35,49.35,78.33,74.01,75.17
50.74,50.74,81.75,80.08,73.40
50.72,50.72,74.34,81.32,75.46
49.81,49.81,73.44,82.39,76.73
49.73,49.73,75.59,83.91,76.50
47.28,47.28,74.09,80.88,76.17
46.87,46.87,70.14,82.80,76.81
46.77,46.77,70.18,84.00,76.19
46.73,46.73,75.75,80.65,76.59
49.92,49.92,84.73,78.41,77.27
48.36,48.36,87.04,76.22,75.00
49.17,49.17,86.40,77.71,73.42
48.19,48.19,82.30,77.70,75.35
47.29,47.29,77.87,80.77,75.31
46.64,46.64,76.66,80.05,76.47
45.21,45.21,79.08,79.74,77.56
41.92,41.92,77.53,82.38,77.14
38.28,38.28,76.67,84.70,76.01
37.17,37.17,73.86,82.37,75.24
36.32,36.32,74.39,83.43,75.41
37.28,37.28,72.34,85.70,74.04
37.16,37.16,73.47,87.33,74.16
46.65,46.65,78.71,83.32,74.12
59.39,59.39,87.90,77.16,76.50
61.98,61.98,87.09,75.09,72.58
68.39,68.39,82.76,75.61,74.74
74.65,74.65,87.06,80.21,75.07
72.48,72.48,76.28,79.48,74.06
73.68,73.68,80.86,79.32,75.08
74.80,74.80,72.96,79.58,74.71
71.84,71.84,83.70,81.59,76.44
70.95,70.95,80.10,83.70,75.30
66.48,66.48,79.41,83.00,75.25
66.54,66.54,80.12,82.95,75.18
66.12,66.12,82.19,82.86,75.05
69.06,69.06,81.90,83.66,74.54
68.34,68.34,80.43,82.18,74.58
66.26,66.26,89.34,80.70,73.90
62.78,62.78,81.66,83.06,74.10
63.45,63.45,80.82,82.26,74.92
65.12,65.12,79.42,78.87,76.82
68.98,68.98,77.59,77.31,77.94
71.90,71.90,78.16,79.03,76.11
75.07,75.07,73.58,81.04,75.88
75.98,75.98,75.07,83.05,76.87
69.44,69.44,73.77,83.48,76.27
68.78,68.78,75.02,83.18,77.12
71.57,71.57,74.12,83.71,76.44
67.22,67.22,74.41,84.27,75.18
67.13,67.13,74.64,84.29,76.09
67.16,67.16,88.97,85.45,72.03
72.87,72.87,87.16,82.42,75.14
72.09,72.09,86.86,80.00,76.15
71.70,71.70,82.08,80.00,75.35
73.60,73.60,74.20,82.33,74.65
74.93,74.93,77.18,82.46,74.01
74.94,74.94,77.74,82.99,74.44
77.49,77.49,72.52,81.01,74.32
77.61,77.61,71.47,75.24,74.45
78.22,78.22,73.63,78.96,74.41
77.59,77.59,71.46,81.80,74.66
79.40,79.40,67.83,80.37,74.15
81.72,81.72,73.77,78.80,73.57
81.60,81.60,80.94,76.14,74.35
73.56,73.56,88.77,80.79,70.26
77.70,77.70,78.47,72.88,71.53
79.23,79.23,83.64,79.22,71.56
81.46,81.46,81.05,80.97,71.68
81.16,81.16,80.75,81.34,70.36
82.85,82.85,73.30,82.01,71.90
82.07,82.07,74.41,81.76,73.03
80.33,80.33,70.31,79.70,74.24
83.17,83.17,69.70,69.03,76.18
85.29,85.29,71.72,79.63,73.87
86.46,86.46,68.33,80.82,73.19
84.11,84.11,70.62,78.08,72.11
76.95,76.95,77.18,71.12,72.22
75.32,75.32,88.89,76.32,72.58
78.06,78.06,78.47,67.43,71.67
81.48,81.48,79.69,73.80,74.93
82.68,82.68,76.98,75.00,74.96
80.05,80.05,75.74,79.28,74.08
82.45,82.45,74.84,79.47,73.88
83.07,83.07,76.70,79.03,74.98
80.82,80.82,72.70,79.43,74.79
76.00,76.00,71.06,82.71,74.43
75.83,75.83,67.81,80.16,74.10
70.60,70.60,67.36,81.32,74.48
70.19,70.19,68.21,82.10,73.85
69.12,69.12,69.83,84.06,71.09
66.44,66.44,84.70,78.94,72.97
65.22,65.22,83.26,82.35,72.40
70.76,70.76,80.82,82.35,74.32
77.42,77.42,75.95,75.29,74.18
80.56,80.56,75.68,80.96,73.63
81.22,81.22,72.87,80.89,73.62
81.98,81.98,72.32,79.79,73.70
79.41,79.41,73.24,80.51,73.21
78.19,78.19,72.45,78.11,74.25
77.59,77.59,72.97,77.24,75.38
75.68,75.68,72.45,82.46,74.87
80.23,80.23,71.87,80.40,75.42
82.44,82.44,76.16,73.34,74.87
78.18,78.18,81.77,77.67,80.59
67.66,67.66,77.22,73.50,73.86
70.80,70.80,77.57,80.95,74.24
71.97,71.97,73.22,81.69,74.76
75.78,75.78,73.00,81.62,73.29
79.06,79.06,74.22,80.34,74.36
78.63,78.63,71.91,82.28,74.15
77.85,77.85,71.34,84.28,72.66
77.37,77.37,71.37,76.47,76.04
77.26,77.26,71.81,77.33,75.41
79.29,79.29,75.29,85.33,74.52
79.09,79.09,78.90,81.32,74.64
77.48,77.48,79.28,84.13,73.63
77.24,77.24,81.88,82.28,74.68
66.77,66.77,90.20,82.91,71.91
67.74,67.74,80.16,79.05,73.45
73.34,73.34,77.17,80.12,74.85
74.91,74.91,75.95,82.04,74.75
80.65,80.65,77.25,83.44,73.45
74.19,74.19,75.11,83.48,73.04
75.68,75.68,77.80,84.37,73.73
76.69,76.69,73.27,84.24,72.01
77.70,77.70,72.49,83.90,72.71
75.29,75.29,72.50,84.29,73.37
77.05,77.05,69.44,84.04,71.84
78.59,78.59,71.54,83.55,72.93
79.16,79.16,73.53,82.63,71.95
78.77,78.77,85.34,79.44,73.17
77.86,77.86,89.63,68.62,71.14
78.72,78.72,83.44,70.25,73.97
76.10,76.10,76.18,68.60,74.24
76.01,76.01,77.81,70.66,74.16
77.63,77.63,73.86,77.35,72.45
77.39,77.39,73.11,78.40,73.15
76.45,76.45,73.90,78.52,71.99
76.11,76.11,76.06,78.46,71.60
76.34,76.34,68.59,78.82,74.03
77.83,77.83,68.92,80.02,72.92
79.43,79.43,66.91,80.26,72.44
80.72,80.72,66.50,79.40,71.72
78.04,78.04,69.09,79.56,72.21
75.03,75.03,79.79,77.36,72.90
75.41,75.41,86.37,75.87,71.61
71.64,71.64,79.40,75.80,73.20
71.89,71.89,76.04,75.84,73.42
73.38,73.38,74.75,77.20,74.68
75.82,75.82,72.00,75.52,74.14
74.77,74.77,70.39,76.31,74.24
75.83,75.83,70.28,75.72,75.82
75.68,75.68,70.79,77.09,74.57
73.79,73.79,70.38,79.02,74.47
73.20,73.20,69.75,78.09,75.05
75.81,75.81,69.64,80.59,75.82
75.82,75.82,69.50,76.09,76.73
77.29,77.29,71.38,77.53,77.22
72.87,72.87,89.69,79.63,72.87
74.97,74.97,85.89,77.49,74.70
74.13,74.13,86.30,75.12,74.49
72.07,72.07,78.33,67.70,76.08
74.52,74.52,79.22,76.99,76.14
76.80,76.80,77.24,78.06,75.78
76.40,76.40,70.49,77.74,75.51
74.17,74.17,70.04,77.22,75.32
71.88,71.88,76.54,76.58,74.81
74.72,74.72,69.66,82.60,74.45
72.68,72.68,68.04,83.10,75.00
71.62,71.62,68.49,82.99,76.09
72.17,72.17,70.85,82.68,75.58
67.64,67.64,85.53,81.23,75.14
74.32,74.32,87.54,78.13,73.86
81.48,81.48,77.59,78.27,73.67
80.92,80.92,74.64,80.21,73.50
79.33,79.33,74.05,80.20,74.85
78.41,78.41,76.38,80.92,73.17
79.92,79.92,73.77,81.59,75.33
80.01,80.01,73.29,80.44,74.29
80.14,80.14,73.87,75.12,74.92
77.60,77.60,68.96,73.36,74.47
78.68,78.68,69.05,81.86,73.32
76.64,76.64,67.62,82.02,74.16
77.80,77.80,70.47,82.11,74.01
76.85,76.85,73.52,82.25,72.92
75.75,75.75,88.97,82.44,72.61
78.40,78.40,81.23,81.75,71.99
73.32,73.32,78.73,79.98,71.77
79.19,79.19,75.94,79.93,75.29
81.71,81.71,78.03,82.64,75.27
80.71,80.71,73.50,83.75,74.48
80.72,80.72,78.54,84.22,74.37
80.16,80.16,72.10,84.47,75.18
80.01,80.01,67.47,84.77,76.45
79.80,79.80,67.39,85.00,75.19
78.90,78.90,66.99,85.52,74.41
78.93,78.93,69.08,86.41,72.91
77.70,77.70,80.51,86.36,73.33
75.71,75.71,83.76,85.18,74.49
78.06,78.06,77.70,85.25,73.46
80.34,80.34,74.32,84.43,74.90
82.19,82.19,72.60,80.29,76.57
81.20,81.20,71.36,80.39,75.26
77.79,77.79,71.02,77.48,74.60
74.04,74.04,70.94,78.95,74.40
76.22,76.22,71.50,77.66,75.90
80.33,80.33,71.22,76.36,74.16
79.93,79.93,71.23,77.45,73.85
80.76,80.76,70.87,79.29,72.81
80.15,80.15,73.10,81.01,72.82
74.31,74.31,83.15,83.14,74.34
74.54,74.54,87.83,81.83,72.80
71.44,71.44,84.98,80.50,74.80
72.12,72.12,77.73,81.63,74.76
71.44,71.44,73.95,81.32,74.97
65.80,65.80,76.28,79.17,75.76
59.65,59.65,75.31,81.98,74.91
61.71,61.71,74.47,82.88,73.01
62.26,62.26,80.88,81.94,74.37
60.84,60.84,85.63,79.97,75.31
59.62,59.62,76.44,78.42,76.82
59.84,59.84,72.49,81.38,75.25
60.60,60.60,71.38,82.23,75.30
57.19,57.19,73.96,83.21,75.84
56.40,56.40,83.87,83.70,77.66
51.47,51.47,86.60,85.72,71.91
50.68,50.68,82.25,85.40,74.08
52.51,52.51,84.62,81.06,74.65
49.97,49.97,84.00,78.22,75.00
47.25,47.25,82.30,76.70,74.57
49.74,49.74,77.25,80.43,75.73
48.42,48.42,79.65,83.31,75.21
46.21,46.21,77.96,83.89,74.64
47.43,47.43,79.63,84.11,74.66
46.03,46.03,72.51,83.81,73.24
51.86,51.86,73.41,84.88,73.11
56.54,56.54,80.08,84.88,74.30
64.12,64.12,81.63,79.92,74.47
69.34,69.34,91.29,75.54,71.35
74.16,74.16,89.44,78.32,71.85
76.91,76.91,84.02,81.45,73.40
77.19,77.19,80.38,81.96,73.64
74.70,74.70,80.84,81.92,74.71
74.95,74.95,81.60,81.83,74.09
73.06,73.06,80.89,80.07,74.60
72.24,72.24,80.98,79.81,74.36
69.97,69.97,71.02,81.02,74.45
68.46,68.46,78.61,82.14,74.08
68.39,68.39,81.03,82.17,74.13
60.08,60.08,80.78,82.55,74.97
57.04,57.04,80.35,81.85,72.82
62.46,62.46,84.42,79.86,76.05
59.30,59.30,85.08,79.72,73.92
69.32,69.32,81.91,81.56,72.69
71.81,71.81,78.90,79.73,74.17
70.57,70.57,76.75,76.46,73.92
73.10,73.10,79.88,75.45,74.74
75.73,75.73,75.59,72.58,75.45
76.09,76.09,72.99,75.37,77.60
69.58,69.58,76.96,74.12,75.88
70.83,70.83,73.11,69.22,76.21
61.54,61.54,78.85,77.28,77.33
55.41,55.41,78.64,79.08,78.15
54.74,54.74,75.94,80.01,77.29
55.17,55.17,85.43,80.56,74.83
57.25,57.25,91.06,79.10,70.50
61.07,61.07,87.55,73.66,72.06
65.26,65.26,80.86,67.76,74.22
78.05,78.05,76.16,77.68,76.20
80.72,80.72,77.35,76.16,75.61
81.80,81.80,74.30,74.79,74.82
80.62,80.62,73.07,71.94,74.31
81.15,81.15,71.70,73.19,75.22
82.35,82.35,72.29,76.02,76.07
82.47,82.47,69.31,78.71,75.03
79.69,79.69,68.64,79.37,73.71
76.71,76.71,70.01,79.26,74.32
75.73,75.73,75.55,76.30,75.58
73.38,73.38,86.27,69.04,75.85
75.99,75.99,88.90,70.47,72.24
77.31,77.31,79.09,75.83,72.78
73.04,73.04,77.61,80.66,74.55
75.22,75.22,75.56,80.84,78.62
75.59,75.59,74.26,80.88,75.40
78.28,78.28,76.96,82.16,76.05
76.67,76.67,77.15,82.44,76.00
79.12,79.12,74.17,80.77,77.43
79.44,79.44,77.12,80.87,75.35
76.81,76.81,74.87,82.91,76.93
77.19,77.19,72.96,82.13,75.35
78.56,78.56,71.45,80.99,75.01
78.29,78.29,75.60,77.78,74.43
73.14,73.14,89.07,71.87,74.47
71.72,71.72,87.82,69.25,72.67
81.42,81.42,74.48,70.82,74.57
81.49,81.49,76.90,75.42,77.67
79.83,79.83,79.56,79.65,78.98
81.27,81.27,71.62,81.01,77.09
80.25,80.25,74.42,82.00,75.98
81.10,81.10,77.72,82.64,73.72
80.25,80.25,70.66,82.54,75.30
78.81,78.81,71.29,82.69,75.26
72.85,72.85,70.52,83.18,77.37
69.82,69.82,68.38,83.49,76.79
72.27,72.27,70.67,83.24,74.05
73.19,73.19,78.63,82.53,73.99
68.00,68.00,88.18,82.23,74.34
76.70,76.70,78.97,82.39,74.89
79.13,79.13,75.69,85.28,74.59
75.49,75.49,73.75,84.99,75.72
74.89,74.89,72.29,85.40,75.03
78.03,78.03,71.28,85.20,75.70
74.18,74.18,71.93,84.96,75.54
76.58,76.58,71.26,84.68,77.63
76.19,76.19,70.58,82.94,77.06
77.33,77.33,72.02,83.46,76.48
80.18,80.18,70.67,84.28,75.99
80.60,80.60,73.65,83.55,73.56
78.59,78.59,82.85,79.72,73.60
73.38,73.38,88.96,67.62,74.55
70.34,70.34,87.71,72.13,73.62
72.62,72.62,82.36,76.54,74.06
71.04,71.04,80.82,77.59,74.51
71.41,71.41,83.68,80.27,74.25
70.99,70.99,79.85,82.54,73.54
75.04,75.04,82.69,79.86,74.13
79.14,79.14,80.56,78.24,75.67
79.35,79.35,76.12,70.80,74.41
79.08,79.08,73.09,81.64,72.50
80.45,80.45,74.12,80.64,72.73
80.00,80.00,71.72,85.35,74.21
77.32,77.32,74.88,82.01,73.49
75.27,75.27,76.47,75.56,74.34
69.47,69.47,89.67,74.71,70.84
65.14,65.14,84.20,66.47,72.29
71.28,71.28,86.58,72.91,73.69
79.12,79.12,80.74,78.24,74.22
77.26,77.26,75.70,78.93,73.85
73.69,73.69,79.93,76.92,74.60
74.40,74.40,78.81,76.36,74.91
75.67,75.67,74.75,73.43,75.21
77.46,77.46,74.44,72.25,75.46
79.60,79.60,73.78,76.77,77.05
77.80,77.80,73.95,77.37,75.93
76.96,76.96,72.66,78.22,77.22
74.83,74.83,73.43,80.60,76.88
71.76,71.76,78.47,80.44,75.99
69.66,69.66,89.53,81.01,73.26
73.78,73.78,83.32,76.90,73.77
77.46,77.46,80.86,73.39,74.43
78.64,78.64,72.93,70.75,74.02
77.06,77.06,74.13,71.59,75.05
73.17,73.17,74.63,68.62,75.12
72.09,72.09,76.68,68.42,76.15
77.39,77.39,71.70,67.24,75.20
76.76,76.76,70.92,72.36,75.98
78.62,78.62,69.45,74.34,75.92
77.18,77.18,70.60,75.42,74.87
70.43,70.43,73.28,75.04,75.02
73.45,73.45,85.05,72.64,75.61
71.01,71.01,85.21,79.24,73.26
65.92,65.92,80.06,74.76,75.03
67.01,67.01,74.47,74.57,76.77
70.00,70.00,76.66,80.35,76.22
69.22,69.22,73.29,78.86,76.51
70.60,70.60,71.23,79.15,75.84
72.45,72.45,70.41,77.37,78.19
72.02,72.02,70.47,81.50,78.55
73.66,73.66,68.89,83.20,77.35
76.23,76.23,69.17,80.50,78.21
77.96,77.96,67.70,81.40,77.45
77.17,77.17,72.35,80.48,77.14
75.25,75.25,75.96,72.00,77.27
68.91,68.91,81.22,72.87,76.76
67.55,67.55,78.63,76.47,77.25
68.46,68.46,74.34,80.28,77.25
74.67,74.67,72.30,82.76,77.06
75.89,75.89,72.34,80.65,77.40
79.61,79.61,73.66,79.94,78.21
84.87,84.87,71.47,79.96,77.97
84.37,84.37,70.57,80.81,75.92
82.10,82.10,68.53,79.35,75.73
80.11,80.11,67.71,76.83,75.74
80.98,80.98,68.14,81.22,75.77
77.43,77.43,66.53,80.00,75.49
81.79,81.79,71.78,79.15,76.11
78.92,78.92,87.51,81.37,73.92
77.90,77.90,85.63,77.97,71.55
80.22,80.22,84.32,74.22,73.33
81.54,81.54,81.81,71.99,73.30
81.77,81.77,79.79,75.82,72.92
80.51,80.51,78.97,76.64,74.39
80.76,80.76,75.64,74.24,74.42
78.65,78.65,74.88,79.54,76.10
69.28,69.28,72.43,79.26,76.41
64.77,64.77,72.51,79.51,76.90
62.14,62.14,70.94,81.34,76.40
60.69,60.69,71.08,82.30,76.48
60.83,60.83,77.42,78.08,76.47
66.05,66.05,84.81,72.01,76.15
68.33,68.33,84.40,68.33,73.51
69.25,69.25,76.31,72.94,74.89
73.11,73.11,78.60,81.00,75.19
77.14,77.14,75.96,82.26,76.64
80.53,80.53,74.96,82.53,77.05
80.21,80.21,74.46,83.55,75.04
81.21,81.21,74.69,81.80,76.36
78.62,78.62,68.97,82.88,75.05
80.02,80.02,67.43,83.75,74.50
76.27,76.27,67.55,82.77,76.44
80.74,80.74,67.59,85.15,73.05
79.79,79.79,70.64,83.18,73.31
78.62,78.62,81.92,80.01,74.16
82.09,82.09,83.44,81.25,73.44
77.06,77.06,76.65,80.48,74.50
76.30,76.30,75.00,82.39,72.38
81.65,81.65,74.65,81.70,75.79
83.43,83.43,72.08,79.30,74.83
79.57,79.57,70.73,79.44,76.14
73.80,73.80,68.93,81.02,75.23
71.38,71.38,70.55,80.35,74.94
71.41,71.41,70.86,73.70,76.49
69.95,69.95,71.57,76.40,75.63
66.11,66.11,71.78,81.43,77.00
60.68,60.68,71.04,82.69,77.67
57.13,57.13,85.56,83.14,77.44
60.85,60.85,79.89,79.34,77.84
65.57,65.57,89.62,76.31,75.94
69.87,69.87,87.54,80.15,74.18
78.01,78.01,83.14,80.96,74.41
77.14,77.14,80.28,81.03,76.11
78.37,78.37,73.39,78.07,73.63
79.60,79.60,74.50,78.37,75.47
75.49,75.49,73.34,82.27,74.14
68.29,68.29,74.43,85.24,74.33
65.89,65.89,76.29,80.46,74.89
60.63,60.63,74.24,70.56,75.55
60.44,60.44,74.16,76.04,74.72
60.31,60.31,72.01,70.11,73.45
67.09,67.09,80.82,62.91,74.39
68.40,68.40,91.31,72.66,71.28
70.64,70.64,86.08,73.31,73.85
74.34,74.34,85.51,76.21,73.78
75.29,75.29,79.33,78.76,74.25
75.24,75.24,78.82,74.34,75.69
76.00,76.00,77.01,74.33,75.11
76.20,76.20,74.72,74.90,76.75
74.64,74.64,72.02,76.61,77.35
76.02,76.02,75.46,78.09,75.44
74.74,74.74,70.56,77.53,76.32
75.69,75.69,70.33,77.65,76.29
80.45,80.45,73.35,79.44,77.09
82.06,82.06,75.43,79.95,76.51
81.74,81.74,84.82,78.52,74.53
76.51,76.51,87.60,77.66,72.09
73.08,73.08,74.83,70.59,74.65
76.28,76.28,73.43,73.87,75.79
75.17,75.17,76.91,76.43,75.84
74.04,74.04,72.41,76.50,77.27
74.44,74.44,74.50,77.51,77.25
72.80,72.80,75.14,73.28,76.13
75.71,75.71,69.69,71.99,76.73
77.47,77.47,67.25,74.59,76.20
77.32,77.32,67.76,76.31,75.12
77.90,77.90,67.77,77.42,75.49
75.75,75.75,67.08,78.83,75.59
75.30,75.30,73.93,79.25,75.80
77.82,77.82,78.93,78.93,75.69
75.62,75.62,85.77,75.29,74.17
74.56,74.56,83.35,78.46,74.44
74.36,74.36,75.68,79.72,75.15
75.87,75.87,74.51,76.41,75.98
76.28,76.28,72.05,69.82,76.65
77.40,77.40,70.54,75.13,76.35
78.02,78.02,70.59,76.62,75.96
75.11,75.11,70.42,80.13,76.05
78.00,78.00,70.50,80.15,76.14
79.26,79.26,70.06,77.45,74.99
78.18,78.18,71.51,77.49,75.14
78.01,78.01,71.83,74.25,75.10
73.44,73.44,82.26,70.01,75.98
72.19,72.19,91.76,73.89,73.04
76.54,76.54,87.08,72.78,75.95
77.61,77.61,84.14,70.02,75.71
76.88,76.88,77.70,71.26,76.26
75.50,75.50,77.64,74.55,75.56
74.71,74.71,74.63,72.44,75.74
73.47,73.47,74.77,77.04,74.59
75.29,75.29,71.78,75.49,76.76
75.80,75.80,66.39,78.77,78.19
77.58,77.58,68.35,77.93,78.07
77.38,77.38,69.12,78.53,78.25
76.09,76.09,70.69,78.34,77.62
75.37,75.37,77.01,68.94,76.26
72.56,72.56,89.15,71.61,74.71
69.63,69.63,85.21,74.34,72.09
67.26,67.26,76.46,72.83,74.13
76.13,76.13,76.33,75.37,74.39
74.48,74.48,78.78,77.86,75.52
76.71,76.71,74.98,79.82,76.05
77.45,77.45,79.43,78.74,75.64
75.67,75.67,73.85,77.75,75.92
74.53,74.53,72.55,77.89,77.66
76.53,76.53,71.73,75.93,77.07
76.00,76.00,70.82,76.78,78.18
75.26,75.26,71.08,73.63,76.42
75.74,75.74,75.39,68.34,76.78
74.05,74.05,89.36,73.48,73.89
72.60,72.60,85.45,73.06,71.23
73.94,73.94,78.37,74.35,75.13
73.47,73.47,73.36,74.35,75.59
75.89,75.89,76.42,77.23,75.84
76.15,76.15,72.87,77.91,75.58
76.53,76.53,78.07,79.16,74.90
77.94,77.94,73.84,77.16,75.03
78.10,78.10,70.45,78.17,77.11
76.44,76.44,70.17,79.02,75.26
74.54,74.54,69.16,79.24,75.87
75.23,75.23,71.08,80.33,76.38
71.43,71.43,77.14,79.47,76.22
67.42,67.42,88.37,76.37,74.28
71.38,71.38,79.39,78.85,74.44
74.41,74.41,76.99,77.55,77.43
78.38,78.38,73.06,80.48,77.87
77.70,77.70,73.74,78.93,77.74
77.67,77.67,71.43,78.05,77.47
76.47,76.47,69.58,74.54,75.85
79.02,79.02,70.84,75.99,74.78
79.31,79.31,68.41,78.60,75.43
79.50,79.50,67.90,79.78,74.40
81.85,81.85,68.82,78.03,75.62
78.24,78.24,73.04,72.88,74.25
81.33,81.33,79.55,68.35,75.12
83.20,83.20,79.01,72.47,73.93
80.36,80.36,78.20,71.03,74.37
75.16,75.16,77.46,73.39,75.78
79.60,79.60,73.52,74.88,76.91
76.53,76.53,71.75,77.96,76.29
79.40,79.40,69.79,79.33,74.55
78.10,78.10,67.12,79.55,73.08
76.24,76.24,68.12,78.52,75.26
75.77,75.77,70.70,81.50,75.71
69.94,69.94,70.24,79.43,75.37
65.69,65.69,69.19,75.03,74.03
64.64,64.64,70.42,73.86,74.73
63.66,63.66,77.15,71.65,74.26
67.11,67.11,89.83,69.67,75.82
66.90,66.90,87.56,71.60,72.50
69.55,69.55,82.00,67.65,73.30
77.55,77.55,77.42,68.75,74.76
76.26,76.26,78.03,71.60,76.83
80.04,80.04,84.38,75.49,76.53
77.66,77.66,84.78,75.03,77.45
75.50,75.50,82.53,71.58,77.10
77.97,77.97,77.29,71.92,75.70
79.88,79.88,76.58,73.58,75.64
75.11,75.11,73.69,73.74,77.62
78.93,78.93,73.60,75.59,77.88
79.77,79.77,82.10,76.38,75.75
79.88,79.88,87.46,74.08,73.63
75.61,75.61,89.72,71.90,73.31
77.94,77.94,80.87,64.00,73.85
74.94,74.94,83.49,70.86,73.95
76.43,76.43,84.50,70.60,76.38
81.91,81.91,80.55,71.67,75.44
80.18,80.18,83.60,73.19,76.50
80.67,80.67,76.30,74.85,75.69
74.33,74.33,76.60,73.30,75.57
77.80,77.80,75.14,73.11,76.89
80.11,80.11,78.35,75.63,76.22
81.19,81.19,80.45,76.11,75.56
80.97,80.97,77.76,71.95,73.75
81.68,81.68,75.64,73.08,73.48
74.50,74.50,89.35,70.46,72.61
79.01,79.01,84.82,70.39,71.21
76.09,76.09,78.32,66.78,71.48
79.24,79.24,75.24,72.96,74.24
80.48,80.48,75.35,77.49,74.98
80.83,80.83,80.91,74.04,75.34
83.64,83.64,82.67,69.03,74.26
82.06,82.06,74.62,68.00,70.80
76.56,76.56,75.71,66.93,72.13
77.14,77.14,77.88,70.66,72.54
82.32,82.32,77.40,71.19,73.81
83.63,83.63,77.73,76.53,71.18
81.90,81.90,76.99,74.04,69.12
84.33,84.33,82.79,73.19,69.83
82.95,82.95,87.74,69.25,69.82
80.92,80.92,88.22,69.10,70.97
76.16,76.16,86.24,69.05,71.09
81.12,81.12,81.81,69.43,74.70
79.75,79.75,81.14,72.02,72.72
78.44,78.44,74.47,74.77,71.39
74.59,74.59,83.02,78.30,71.93
68.69,68.69,79.51,79.07,70.85
65.76,65.76,83.15,74.40,74.94
61.52,61.52,79.81,71.72,77.50
57.47,57.47,85.22,78.91,78.49
57.56,57.56,84.08,80.77,78.19
57.50,57.50,80.41,81.01,76.18
61.28,61.28,84.80,81.04,76.13
58.90,58.90,90.11,79.42,72.54
64.32,64.32,80.30,77.42,71.61
75.82,75.82,80.71,79.79,73.81
81.21,81.21,80.19,79.89,75.26
79.09,79.09,73.68,78.19,76.77
78.16,78.16,79.59,77.06,75.50
78.17,78.17,77.85,76.49,74.50
76.57,76.57,87.51,72.78,73.74
79.33,79.33,76.22,75.46,75.85
76.39,76.39,82.45,79.95,75.57
77.91,77.91,82.72,80.48,73.64
81.30,81.30,82.18,79.90,74.03
77.47,77.47,86.89,80.19,73.03
73.91,73.91,88.64,79.37,72.57
79.82,79.82,81.96,77.89,71.85
77.41,77.41,86.24,75.83,73.02
83.30,83.30,83.44,73.14,74.33
84.80,84.80,82.01,68.35,74.52
81.44,81.44,82.82,68.24,74.73
80.36,80.36,77.24,67.52,73.71
79.35,79.35,82.34,72.68,72.79
80.47,80.47,78.70,73.82,73.41
83.87,83.87,80.99,72.97,73.09
84.00,84.00,81.85,73.64,72.99
77.56,77.56,83.01,73.81,70.80
82.48,82.48,77.45,74.17,70.87
76.27,76.27,89.12,74.19,72.94
79.66,79.66,85.73,73.28,73.40
80.04,80.04,82.53,72.94,73.31
77.02,77.02,83.63,73.62,73.57
77.82,77.82,83.28,72.07,74.60
76.10,76.10,80.91,70.12,71.94
80.85,80.85,81.44,67.52,69.61
78.51,78.51,76.25,64.51,72.29
81.03,81.03,75.87,67.63,73.91
80.85,80.85,72.84,61.99,74.19
82.08,82.08,77.06,73.04,73.55
85.78,85.78,81.88,78.75,72.61
86.29,86.29,74.33,73.85,71.66
82.22,82.22,80.63,63.40,72.18
79.20,79.20,90.87,61.92,69.92
78.48,78.48,84.84,68.41,71.34
79.43,79.43,87.72,72.53,72.56
81.39,81.39,81.77,73.61,73.77
80.64,80.64,73.04,72.51,71.70
75.26,75.26,80.18,74.42,68.94
74.45,74.45,75.50,73.24,67.97
66.19,66.19,79.37,72.74,72.08
64.88,64.88,76.62,66.52,74.79
63.51,63.51,81.16,71.39,73.99
66.15,66.15,78.90,69.88,72.19
56.07,56.07,81.40,67.79,70.06
55.43,55.43,79.59,69.71,69.29
57.66,57.66,90.79,74.14,71.96
60.15,60.15,81.64,71.43,71.34
64.94,64.94,83.64,69.53,74.90
76.28,76.28,83.52,70.62,75.90
79.01,79.01,81.48,72.29,76.75
80.24,80.24,84.97,74.81,77.15
76.14,76.14,87.44,75.83,76.37
77.25,77.25,77.41,75.72,76.10
78.88,78.88,77.55,75.26,75.83
79.22,79.22,72.40,75.12,75.28
78.51,78.51,81.63,74.08,75.18
78.91,78.91,83.00,72.89,75.01
81.18,81.18,81.26,72.80,75.37
78.34,78.34,91.85,71.36,73.64
78.17,78.17,84.00,68.38,73.52
79.04,79.04,82.84,71.05,71.58
80.47,80.47,83.25,72.60,74.88
81.60,81.60,82.98,77.58,73.74
79.53,79.53,75.86,78.71,75.51
74.91,74.91,77.92,79.72,74.37
75.66,75.66,72.20,78.91,74.73
76.11,76.11,75.60,77.77,75.16
67.98,67.98,72.63,78.71,74.55
67.46,67.46,81.84,78.97,75.56
62.60,62.60,77.02,78.49,76.54
60.89,60.89,85.40,78.35,75.72
60.38,60.38,77.55,78.87,72.88
61.34,61.34,86.70,79.81,72.44
56.58,56.58,85.34,79.88,70.09
56.69,56.69,81.09,76.12,71.30
57.95,57.95,82.55,64.30,74.33
56.45,56.45,84.69,76.21,72.01
55.15,55.15,82.15,76.12,71.26
51.64,51.64,74.03,71.02,70.10
49.35,49.35,74.92,69.37,68.21
51.57,51.57,80.44,64.54,70.13
56.69,56.69,78.47,66.38,76.34
52.66,52.66,78.25,73.81,75.59
51.59,51.59,79.28,74.64,71.75
49.03,49.03,79.28,74.85,68.88
49.84,49.84,91.66,78.62,68.05
48.16,48.16,88.78,76.84,70.05
55.65,55.65,87.04,75.47,70.70
69.56,69.56,86.07,71.30,73.08
78.67,78.67,80.27,63.87,73.25
78.71,78.71,80.99,70.21,72.81
74.91,74.91,78.15,71.31,73.02
72.75,72.75,77.22,66.07,74.83
73.70,73.70,77.83,61.39,75.88
78.94,78.94,82.49,68.91,78.59
81.06,81.06,80.63,73.76,77.00
79.45,79.45,80.98,76.42,75.48
80.99,80.99,81.44,77.38,75.39
79.87,79.87,81.21,76.76,74.13
78.86,78.86,87.98,71.87,75.82
77.77,77.77,87.62,70.64,74.07
76.70,76.70,82.47,74.78,74.02
78.43,78.43,79.29,74.72,73.39
81.19,81.19,75.58,70.73,73.02
79.27,79.27,75.40,72.38,74.38
78.11,78.11,79.78,72.68,75.80
74.07,74.07,87.45,71.26,75.32
75.80,75.80,83.77,72.49,74.77
77.95,77.95,73.78,74.87,73.93
76.84,76.84,69.33,77.78,75.95
76.56,76.56,70.01,79.04,76.00
77.76,77.76,73.83,79.72,76.69
73.64,73.64,85.66,81.35,79.26
67.28,67.28,80.12,78.11,78.18
75.08,75.08,78.63,73.74,76.52
75.90,75.90,74.12,66.17,76.02
76.26,76.26,76.06,62.23,76.61
77.38,77.38,73.98,68.21,76.56
77.62,77.62,72.37,68.43,77.21
81.07,81.07,75.92,71.60,76.43
77.75,77.75,70.93,71.59,76.07
77.13,77.13,73.94,70.44,77.19
77.22,77.22,72.55,69.32,75.95
76.15,76.15,76.31,68.35,76.17
71.70,71.70,75.04,70.10,77.18
69.63,69.63,80.42,76.73,75.99
68.69,68.69,82.72,79.78,75.51
69.97,69.97,89.12,70.30,73.12
73.93,73.93,83.68,71.22,76.07
77.82,77.82,80.25,71.68,75.74
81.00,81.00,76.78,76.68,76.57
78.61,78.61,77.59,78.01,76.17
79.71,79.71,76.34,77.70,75.27
80.61,80.61,85.05,77.42,76.83
81.65,81.65,86.01,76.70,75.55
83.14,83.14,78.65,77.07,75.48
80.01,80.01,71.73,78.84,76.05
74.88,74.88,77.95,78.62,76.69
75.51,75.51,75.61,77.58,78.05
80.15,80.15,87.20,76.25,77.78
80.97,80.97,88.83,72.96,76.50
82.71,82.71,86.54,74.84,76.04
81.53,81.53,82.69,75.31,75.47
79.30,79.30,79.86,71.73,74.81
74.66,74.66,73.86,70.25,75.37
74.43,74.43,77.90,71.91,75.60
75.14,75.14,88.18,72.43,75.39
75.02,75.02,84.76,70.79,74.27
66.58,66.58,76.44,72.13,74.97
70.93,70.93,74.34,83.57,76.00
74.07,74.07,74.94,81.85,76.72
67.88,67.88,72.75,81.45,75.97
75.51,75.51,76.96,82.33,75.92
60.03,60.03,86.75,83.61,73.72
61.38,61.38,81.69,82.16,74.26
62.37,62.37,79.67,79.41,76.09
67.75,67.75,79.59,81.48,76.63
73.88,73.88,77.34,81.44,77.77
78.51,78.51,76.88,82.82,76.04
76.67,76.67,77.50,82.24,75.98
76.27,76.27,77.02,82.42,76.07
77.28,77.28,75.36,82.00,75.64
78.99,78.99,72.98,83.06,78.18
77.79,77.79,72.65,85.20,75.85
79.11,79.11,73.09,83.96,74.71
78.24,78.24,76.56,80.16,74.71
77.07,77.07,81.43,72.15,76.10
75.05,75.05,83.20,71.09,74.18
76.40,76.40,80.27,72.51,75.03
76.68,76.68,74.25,79.70,77.82
76.37,76.37,75.70,76.08,76.92
79.44,79.44,75.79,79.42,75.84
80.44,80.44,73.42,82.98,77.80
81.26,81.26,73.75,81.68,77.49
78.84,78.84,70.11,81.86,77.78
77.37,77.37,67.75,83.12,79.82
75.89,75.89,67.35,83.48,77.88
76.27,76.27,67.86,83.54,79.69
79.55,79.55,68.40,83.20,81.81
79.98,79.98,69.72,82.27,80.21
78.54,78.54,82.68,80.69,77.04
74.57,74.57,82.14,78.82,76.16
80.60,80.60,78.36,81.52,77.96
76.75,76.75,73.66,82.27,79.08
76.35,76.35,71.95,82.83,80.37
78.33,78.33,70.56,82.79,79.73
79.01,79.01,67.51,83.17,77.65
73.41,73.41,66.47,83.57,78.62
75.38,75.38,66.29,83.75,81.36
75.64,75.64,67.41,81.93,82.89
79.77,79.77,67.00,81.84,80.97
80.28,80.28,66.03,82.12,81.79
80.15,80.15,70.28,81.52,82.51
81.92,81.92,74.72,76.14,80.39
81.62,81.62,76.57,74.50,78.81
79.35,79.35,73.84,78.90,78.41
78.12,78.12,69.48,81.50,77.84
77.06,77.06,67.11,82.32,79.22
77.42,77.42,70.60,84.35,78.86
74.40,74.40,67.70,85.39,78.79
76.58,76.58,66.29,84.09,78.63
77.97,77.97,65.15,84.49,78.79
76.94,76.94,67.44,84.46,77.21
79.01,79.01,66.01,85.18,79.71
77.29,77.29,64.90,84.77,79.37
78.54,78.54,67.29,84.68,79.04
75.98,75.98,68.72,84.16,77.59
72.29,72.29,84.55,84.57,76.93
73.92,73.92,85.63,84.63,73.56
79.83,79.83,77.45,82.81,77.49
77.88,77.88,74.82,81.93,76.97
78.13,78.13,78.26,83.59,77.36
74.78,74.78,80.89,84.52,78.24
76.88,76.88,79.40,83.62,77.70
72.86,72.86,81.90,82.72,75.92
75.40,75.40,80.11,82.02,76.00
82.22,82.22,79.67,77.13,77.49
83.48,83.48,77.28,74.27,77.49
83.46,83.46,80.24,76.72,77.60
80.94,80.94,81.45,70.01,77.58
78.02,78.02,84.56,73.69,77.45
77.88,77.88,86.00,73.96,74.95
77.66,77.66,81.75,63.74,76.01
79.33,79.33,74.20,69.38,76.68
76.02,76.02,78.12,73.35,78.00
77.53,77.53,80.46,79.66,77.34
76.92,76.92,80.67,83.53,77.03
79.02,79.02,81.26,82.90,79.04
76.86,76.86,77.30,80.20,77.87
75.77,75.77,70.77,79.78,77.68
76.63,76.63,77.04,82.36,78.55
75.99,75.99,82.50,83.87,78.14
76.75,76.75,80.88,82.40,77.30
77.53,77.53,78.33,80.94,74.84
73.22,73.22,85.04,81.02,75.62
72.41,72.41,78.87,77.16,74.20
75.40,75.40,79.80,66.77,77.39
77.81,77.81,76.93,75.31,76.72
75.73,75.73,79.32,77.45,77.20
78.14,78.14,76.44,74.78,77.62
75.05,75.05,73.35,77.99,78.26
75.29,75.29,70.88,77.70,79.37
73.32,73.32,73.93,78.57,78.35
76.72,76.72,68.96,79.56,77.45
75.61,75.61,72.83,79.71,77.83
75.16,75.16,75.97,80.37,77.36
74.24,74.24,77.35,79.88,76.69
74.77,74.77,75.85,83.36,76.76
71.97,71.97,79.09,82.88,74.96
73.75,73.75,76.83,78.13,77.05
74.10,74.10,81.20,69.76,77.06
70.77,70.77,76.76,81.08,77.36
77.18,77.18,79.13,83.09,78.26
76.66,76.66,72.15,79.41,77.94
77.61,77.61,67.64,74.90,78.55
78.19,78.19,73.64,76.10,79.50
74.78,74.78,72.56,74.23,80.37
74.80,74.80,69.34,73.78,80.25
82.82,82.82,68.73,75.73,79.69
82.41,82.41,68.80,68.13,79.53
81.80,81.80,72.34,74.23,79.20
79.54,79.54,86.36,79.86,76.69
76.37,76.37,84.67,73.38,75.48
74.49,74.49,85.26,73.60,76.49
70.41,70.41,82.18,73.48,76.86
69.51,69.51,78.40,81.14,76.98
67.33,67.33,80.41,83.31,76.78
68.67,68.67,73.75,84.40,78.67
67.58,67.58,69.77,84.49,77.22
72.34,72.34,67.93,85.80,78.49
73.08,73.08,69.39,86.05,76.94
71.75,71.75,67.21,86.83,78.16
68.84,68.84,68.25,86.05,78.48
65.52,65.52,73.19,84.65,78.04
64.88,64.88,81.36,82.67,78.75
62.06,62.06,84.84,82.88,75.20
68.59,68.59,76.47,80.94,77.54
78.17,78.17,74.50,79.05,78.53
81.48,81.48,70.87,81.98,78.98
73.28,73.28,75.53,83.55,79.88
81.24,81.24,73.66,83.95,81.04
79.70,79.70,71.99,84.07,81.12
77.94,77.94,72.15,84.56,80.49
73.74,73.74,66.56,85.69,81.45
65.68,65.68,66.16,85.65,81.46
64.56,64.56,65.24,85.32,80.30
65.47,65.47,66.29,85.54,76.53
76.45,76.45,67.80,85.98,78.13
77.30,77.30,85.35,79.23,78.11
76.37,76.37,82.40,82.63,77.55
70.14,70.14,77.51,83.11,76.55
72.92,72.92,70.63,85.48,77.15
74.49,74.49,70.50,85.17,77.61
69.37,69.37,69.80,84.90,77.45
73.39,73.39,67.97,85.28,78.59
73.94,73.94,67.84,85.88,78.88
73.89,73.89,68.08,85.50,78.44
70.16,70.16,67.58,85.64,78.17
65.71,65.71,66.14,85.25,78.92
70.36,70.36,66.86,85.29,78.13
76.11,76.11,67.79,85.69,80.99
75.91,75.91,76.01,87.26,77.72
70.79,70.79,85.22,87.29,74.22
69.07,69.07,83.25,83.26,78.77
66.24,66.24,80.26,75.35,78.43
64.36,64.36,75.79,80.65,78.93
66.96,66.96,79.97,83.25,79.41
67.14,67.14,83.85,81.98,76.43
70.36,70.36,78.19,80.98,74.84
72.60,72.60,75.05,76.34,75.62
75.23,75.23,72.14,76.79,78.43
72.86,72.86,72.31,84.61,79.04
75.87,75.87,71.12,86.03,78.07
72.68,72.68,74.25,84.55,78.11
70.67,70.67,77.54,81.45,78.71
75.69,75.69,86.77,82.16,76.41
72.27,72.27,80.02,79.12,74.95
74.96,74.96,82.89,83.79,77.42
72.70,72.70,76.77,85.51,77.24
74.55,74.55,72.13,83.81,78.82
71.40,71.40,79.01,83.17,77.74
76.36,76.36,72.42,84.39,78.14
77.08,77.08,76.64,83.54,78.16
76.40,76.40,72.90,82.50,77.05
78.01,78.01,76.44,83.57,78.48
79.40,79.40,80.17,83.18,79.69
78.74,78.74,81.03,82.16,77.70
80.71,80.71,80.29,81.39,77.77
71.83,71.83,88.31,84.45,75.98
73.25,73.25,78.01,81.66,75.96
74.49,74.49,78.86,74.55,77.73
76.06,76.06,74.25,68.47,79.08
75.97,75.97,77.46,71.23,78.35
78.68,78.68,74.84,78.67,76.42
80.33,80.33,76.11,81.63,77.20
79.73,79.73,78.37,78.77,78.19
81.73,81.73,71.67,74.57,76.08
84.37,84.37,72.14,76.73,76.33
85.99,85.99,74.56,79.65,77.86
85.63,85.63,80.21,80.15,75.33
84.33,84.33,76.46,80.63,76.53
82.62,82.62,76.73,77.21,75.58
78.27,78.27,87.01,76.14,75.03
74.96,74.96,78.68,80.61,74.87
75.53,75.53,76.71,68.96,78.37
74.79,74.79,73.99,78.76,79.06
74.92,74.92,72.46,79.46,78.23
78.64,78.64,73.94,79.43,78.27
74.71,74.71,71.75,81.10,77.51
78.99,78.99,75.06,83.78,79.84
83.12,83.12,72.12,84.57,79.21
83.18,83.18,70.85,84.00,77.49
83.36,83.36,66.63,82.55,75.73
80.98,80.98,69.96,80.72,76.07
78.58,78.58,81.32,76.43,78.29
74.27,74.27,89.09,76.55,74.96
73.52,73.52,85.00,66.05,74.47
75.05,75.05,85.44,74.69,74.80
75.46,75.46,76.18,78.83,76.48
75.61,75.61,77.25,82.98,79.02
77.23,77.23,74.49,82.65,77.63
73.75,73.75,72.59,83.69,75.02
76.45,76.45,70.29,83.51,77.10
80.70,80.70,72.46,83.50,76.50
83.05,83.05,71.53,85.00,75.95
81.75,81.75,71.07,83.04,75.48
77.53,77.53,72.87,84.21,75.87
76.91,76.91,73.72,82.50,76.23
76.31,76.31,88.62,83.20,74.57
73.45,73.45,83.26,80.89,74.35
76.19,76.19,73.46,82.08,76.72
77.57,77.57,75.49,80.07,76.32
79.29,79.29,75.22,79.04,78.01
80.83,80.83,75.34,77.77,75.96
77.02,77.02,75.25,72.43,75.31
77.81,77.81,75.54,70.98,76.52
78.17,78.17,73.27,79.38,77.38
77.01,77.01,71.76,76.65,78.42
77.38,77.38,72.43,77.38,78.11
77.75,77.75,73.37,75.38,77.41
79.05,79.05,74.37,75.58,75.90
79.57,79.57,82.63,75.86,77.30
78.76,78.76,86.40,76.64,74.40
78.64,78.64,74.27,67.75,76.08
74.56,74.56,79.49,70.76,77.19
75.12,75.12,74.87,76.00,75.65
74.11,74.11,73.75,77.16,76.38
76.44,76.44,75.44,76.54,76.86
74.39,74.39,73.10,76.73,78.54
73.63,73.63,73.14,78.99,78.16
73.09,73.09,69.55,80.07,78.72
74.04,74.04,67.88,78.26,80.62
81.62,81.62,68.13,77.81,81.25
81.76,81.76,68.48,80.21,79.92
74.52,74.52,72.12,78.76,78.57
80.60,80.60,80.94,78.39,77.86
77.76,77.76,85.36,77.40,75.46
75.03,75.03,79.77,79.57,77.22
77.08,77.08,72.72,83.62,78.03
79.59,79.59,69.73,79.37,79.28
77.79,77.79,69.14,77.10,77.81
78.14,78.14,68.48,77.05,74.31
78.35,78.35,69.28,78.52,76.31
79.04,79.04,69.27,79.28,77.10
78.28,78.28,67.67,73.83,76.34
75.95,75.95,68.94,78.18,75.41
75.94,75.94,69.28,80.33,75.26
78.30,78.30,71.66,77.22,76.61
81.44,81.44,77.86,73.48,76.80
80.26,80.26,80.79,71.05,76.15
78.85,78.85,78.56,71.68,78.65
77.66,77.66,72.11,71.85,77.97
79.36,79.36,69.57,75.52,78.23
77.47,77.47,69.43,75.61,77.89
81.38,81.38,68.05,78.65,79.14
85.13,85.13,68.00,74.98,78.85
85.82,85.82,66.91,73.31,79.70
78.16,78.16,66.33,73.02,77.66
81.13,81.13,65.77,72.19,77.54
79.34,79.34,67.05,71.43,77.73
78.10,78.10,69.80,73.38,77.27
77.41,77.41,84.74,74.19,80.63
72.81,72.81,91.18,71.46,74.52
75.56,75.56,80.94,71.46,74.81
73.53,73.53,84.12,71.04,76.69
74.31,74.31,80.87,72.78,78.63
74.01,74.01,81.42,73.40,79.48
76.28,76.28,77.77,74.39,78.04
79.93,79.93,78.54,74.66,77.76
81.67,81.67,72.81,69.64,79.71
76.42,76.42,78.46,69.18,78.05
75.96,75.96,74.33,73.64,78.54
78.78,78.78,77.81,74.93,79.25
79.19,79.19,75.79,74.53,79.05
79.03,79.03,74.36,70.27,80.40
74.13,74.13,85.37,73.35,77.66
75.45,75.45,90.55,69.86,76.02
77.73,77.73,78.83,70.75,77.06
77.24,77.24,85.80,73.07,77.53
79.09,79.09,82.66,73.73,80.16
77.31,77.31,71.29,73.62,80.07
74.67,74.67,76.31,74.81,77.39
74.52,74.52,71.51,74.74,79.02
74.78,74.78,68.86,77.63,78.74
71.22,71.22,79.82,77.57,76.78
73.96,73.96,78.42,77.94,78.29
73.44,73.44,81.36,76.79,79.23
75.78,75.78,75.34,76.03,78.19
77.73,77.73,85.26,75.98,78.03
76.98,76.98,81.85,70.93,77.10
75.04,75.04,79.47,70.76,76.98
72.08,72.08,74.67,68.74,77.40
73.55,73.55,73.73,75.13,79.08
74.55,74.55,70.48,76.30,80.45
72.17,72.17,68.62,74.23,78.99
72.20,72.20,73.51,70.57,78.35
74.21,74.21,75.45,72.08,79.10
73.87,73.87,72.67,74.51,78.14
71.67,71.67,68.59,72.01,78.48
72.93,72.93,75.61,72.93,78.44
72.12,72.12,79.68,75.33,78.05
73.69,73.69,78.21,74.18,78.40
76.64,76.64,76.55,69.66,79.62
73.42,73.42,76.79,73.47,79.71
72.82,72.82,72.98,76.83,79.10
73.83,73.83,70.30,78.64,79.83
75.31,75.31,72.45,78.09,79.22
78.45,78.45,70.17,78.83,80.17
74.81,74.81,70.51,78.11,79.87
71.94,71.94,70.40,75.01,76.81
76.78,76.78,68.22,71.08,76.53
79.74,79.74,68.72,77.26,78.80
77.91,77.91,66.47,76.29,79.85
77.01,77.01,70.03,75.23,78.11
79.85,79.85,75.92,71.61,78.07
77.76,77.76,90.89,72.87,75.71
70.50,70.50,81.49,72.74,75.67
70.95,70.95,77.11,73.86,78.16
70.67,70.67,75.79,75.76,77.66
67.55,67.55,78.35,80.24,77.03
72.29,72.29,71.71,78.27,77.12
71.42,71.42,76.90,78.25,79.08
71.22,71.22,72.64,77.08,78.57
74.77,74.77,69.66,76.14,78.74
74.10,74.10,68.01,76.53,78.95
68.66,68.66,68.48,80.91,78.33
69.90,69.90,71.13,77.95,76.55
72.09,72.09,79.00,71.18,77.27
71.86,71.86,88.92,68.21,76.18
71.12,71.12,86.42,68.43,75.76
78.31,78.31,81.74,69.22,75.52
73.77,73.77,81.33,70.75,76.39
76.40,76.40,78.27,74.67,77.33
75.43,75.43,79.77,76.34,78.24
79.68,79.68,71.12,74.78,77.99
77.75,77.75,70.16,77.23,78.69
81.33,81.33,69.17,76.95,77.89
83.43,83.43,66.18,75.18,77.33
81.19,81.19,64.96,74.25,76.74
85.52,85.52,64.76,75.81,76.63
84.48,84.48,68.23,78.19,76.09
74.61,74.61,75.01,76.46,76.20
72.75,72.75,89.47,73.69,75.40
73.52,73.52,78.45,75.53,74.80
77.23,77.23,74.18,75.68,75.52
78.86,78.86,73.07,77.44,75.38
78.36,78.36,71.90,80.19,76.29
82.13,82.13,66.83,78.07,75.41
83.43,83.43,67.07,78.41,75.35
79.77,79.77,69.26,78.88,76.32
78.32,78.32,68.56,78.32,77.80
82.79,82.79,67.25,81.29,75.52
85.93,85.93,67.53,81.34,76.87
82.77,82.77,68.49,80.08,76.75
73.97,73.97,82.45,72.93,76.31
76.93,76.93,89.19,73.56,71.87
75.36,75.36,80.59,68.79,73.95
75.30,75.30,85.30,71.00,75.03
74.74,74.74,79.20,75.87,76.37
76.10,76.10,76.83,77.34,76.94
77.11,77.11,70.98,77.13,76.35
78.13,78.13,69.76,77.91,78.15
76.59,76.59,71.35,76.01,76.42
78.37,78.37,69.66,76.03,77.26
80.02,80.02,66.98,71.41,78.63
81.59,81.59,66.59,72.96,78.31
81.10,81.10,65.49,72.79,76.44
80.00,80.00,70.72,74.90,76.95
78.89,78.89,76.67,73.70,77.70
75.53,75.53,89.85,67.69,76.11
73.48,73.48,84.34,68.60,75.04
75.94,75.94,82.86,70.93,75.12
76.99,76.99,82.60,72.01,77.38
80.00,80.00,82.40,73.71,79.69
81.47,81.47,75.82,73.74,77.19
74.07,74.07,79.47,68.33,77.27
77.76,77.76,73.19,71.99,78.87
76.21,76.21,73.77,73.10,80.34
82.44,82.44,73.24,72.48,79.35
78.12,78.12,74.05,76.86,79.07
81.01,81.01,77.14,76.79,79.44
77.71,77.71,76.31,77.61,78.93
76.56,76.56,84.00,77.78,76.05
80.21,80.21,86.94,71.98,77.63
78.26,78.26,83.63,72.77,77.92
75.20,75.20,78.61,70.79,78.09
76.04,76.04,76.53,72.53,78.36
75.84,75.84,78.08,70.18,77.50
80.63,80.63,79.58,74.27,77.32
81.09,81.09,82.65,76.37,77.30
79.71,79.71,82.95,75.89,75.47
77.61,77.61,76.72,76.10,77.47
82.49,82.49,73.45,76.47,78.98
83.36,83.36,76.60,78.16,80.06
82.21,82.21,76.06,79.51,78.95
78.17,78.17,83.06,77.37,77.76
72.59,72.59,82.58,79.25,77.70
76.84,76.84,77.95,64.88,75.59
81.20,81.20,80.18,76.62,75.99
83.72,83.72,74.62,79.49,76.89
82.17,82.17,73.28,80.25,75.97
78.39,78.39,72.41,79.72,77.71
80.39,80.39,83.81,76.99,78.46
79.25,79.25,82.56,78.28,79.29
78.07,78.07,77.57,80.74,76.98
79.65,79.65,71.42,81.35,76.56
81.06,81.06,70.43,81.60,76.55
84.35,84.35,72.68,82.15,77.52
80.98,80.98,76.56,84.51,78.48
76.40,76.40,82.16,83.46,78.85
74.59,74.59,81.14,81.52,77.60
75.95,75.95,77.62,80.99,77.05
77.92,77.92,75.83,73.92,76.59
77.64,77.64,75.83,74.35,76.37
80.35,80.35,69.96,76.21,76.50
82.68,82.68,81.31,74.53,78.29
82.66,82.66,82.22,72.23,75.15
79.61,79.61,76.89,75.81,74.77
75.51,75.51,74.09,75.95,75.55
75.84,75.84,72.11,75.69,76.63
73.08,73.08,71.24,71.02,76.85
72.80,72.80,73.35,73.59,77.97
69.42,69.42,89.43,73.85,75.05
69.57,69.57,85.21,69.10,74.55
72.02,72.02,81.16,71.22,76.98
71.92,71.92,83.70,71.22,77.99
76.16,76.16,79.10,74.75,79.05
71.97,71.97,80.88,71.91,76.38
73.91,73.91,70.87,77.46,76.82
76.72,76.72,72.19,78.78,77.47
75.18,75.18,70.89,80.65,78.30
74.07,74.07,70.62,79.87,79.85
72.90,72.90,70.82,81.88,79.83
78.63,78.63,69.75,78.99,79.90
79.22,79.22,72.79,79.36,78.47
79.49,79.49,78.53,72.11,78.09
76.17,76.17,82.53,69.74,76.21
77.27,77.27,81.09,70.52,74.51
76.31,76.31,79.08,69.41,76.43
77.31,77.31,80.92,74.34,77.67
78.58,78.58,77.77,79.17,78.11
78.66,78.66,73.99,78.40,81.43
78.33,78.33,76.90,74.25,82.98
74.52,74.52,70.99,69.14,81.08
74.96,74.96,66.26,68.40,79.65
77.22,77.22,66.85,71.38,80.21
72.53,72.53,66.87,73.30,79.70
74.17,74.17,66.95,69.08,79.94
71.20,71.20,71.00,71.03,80.60
77.12,77.12,76.78,72.37,80.95
77.19,77.19,87.52,68.67,78.42
75.97,75.97,79.89,69.81,77.65
79.01,79.01,74.99,72.01,77.65
82.74,82.74,71.05,81.36,78.60
72.41,72.41,70.84,81.74,78.50
76.21,76.21,68.77,79.27,78.43
81.56,81.56,65.28,81.96,79.43
78.74,78.74,63.39,80.97,77.74
76.48,76.48,64.37,79.93,77.44
73.47,73.47,65.21,82.59,78.02
80.28,80.28,64.39,82.62,77.01
77.85,77.85,69.61,79.15,78.63
79.31,79.31,75.99,70.34,78.19
77.57,77.57,89.16,71.77,75.43
77.63,77.63,85.96,70.79,76.20
75.38,75.38,84.20,69.57,76.54
78.87,78.87,81.51,75.85,78.57
75.72,75.72,74.23,71.85,81.19
78.41,78.41,73.70,71.40,80.15
71.99,71.99,73.09,70.91,80.94
71.76,71.76,70.45,71.21,80.85
76.54,76.54,67.32,77.38,81.94
75.83,75.83,68.31,81.12,79.73
76.75,76.75,67.46,79.45,80.17
74.05,74.05,65.60,80.50,79.89
72.29,72.29,66.75,79.16,77.20
73.71,73.71,76.67,80.14,79.12
75.48,75.48,89.03,82.20,74.91
79.22,79.22,83.99,78.58,78.04
73.94,73.94,84.83,77.50,78.77
72.58,72.58,82.47,79.31,77.07
72.38,72.38,79.77,78.99,77.12
75.63,75.63,71.23,78.96,78.23
80.30,80.30,78.40,78.97,77.57
79.87,79.87,79.49,80.70,78.73
76.89,76.89,74.64,79.75,77.44
75.05,75.05,72.49,80.33,78.84
74.25,74.25,77.39,82.89,78.23
71.98,71.98,81.40,84.88,76.20
77.48,77.48,79.99,78.97,76.10
78.51,78.51,87.49,78.97,74.76
79.72,79.72,81.25,76.19,75.19
80.28,80.28,85.16,75.45,76.42
81.87,81.87,78.09,77.56,78.58
81.07,81.07,81.19,80.27,77.64
83.61,83.61,81.55,79.16,76.10
83.66,83.66,73.03,81.41,75.67
81.92,81.92,76.86,77.94,75.14
77.09,77.09,72.38,77.17,75.85
82.29,82.29,73.25,76.96,75.82
85.32,85.32,78.05,79.63,76.77
83.67,83.67,80.79,81.56,76.76
81.17,81.17,77.30,76.53,77.76
78.52,78.52,80.68,71.69,78.12
76.90,76.90,84.96,70.82,76.21
81.29,81.29,78.07,70.21,78.81
82.31,82.31,75.07,70.19,78.30
79.41,79.41,75.74,70.34,78.94
74.86,74.86,73.44,69.74,79.07
76.91,76.91,69.16,69.96,79.82
76.61,76.61,69.61,69.84,79.67
74.66,74.66,72.06,72.78,79.86
71.41,71.41,70.80,74.29,77.66
73.15,73.15,68.55,75.53,79.65
72.70,72.70,70.53,73.67,78.76
71.70,71.70,78.00,75.77,77.92
74.95,74.95,82.25,74.60,78.43
71.74,71.74,81.05,71.33,78.44
72.09,72.09,73.19,73.89,77.94
77.62,77.62,76.59,73.25,78.67
75.51,75.51,70.57,72.82,78.72
76.05,76.05,73.01,73.29,79.40
73.21,73.21,68.28,74.04,77.33
78.71,78.71,66.98,72.83,77.09
80.21,80.21,67.97,73.96,78.63
83.43,83.43,68.66,78.93,76.76
84.78,84.78,71.44,79.84,77.21
84.77,84.77,67.49,79.68,76.87
75.35,75.35,73.46,80.29,76.58
76.64,76.64,77.69,80.64,76.26
69.05,69.05,90.67,81.51,71.71
74.92,74.92,85.76,76.58,75.75
73.03,73.03,84.08,74.62,77.09
77.60,77.60,81.21,71.46,77.94
78.74,78.74,81.25,76.96,77.65
75.92,75.92,75.97,78.39,77.54
75.96,75.96,74.01,81.41,77.79
72.64,72.64,69.48,78.70,78.15
67.63,67.63,71.19,80.73,77.53
66.08,66.08,70.01,80.29,77.59
67.96,67.96,73.62,79.82,79.95
66.38,66.38,80.56,79.75,77.11
68.89,68.89,76.78,79.77,76.29
66.06,66.06,85.63,82.01,75.98
65.71,65.71,86.22,79.25,74.83
73.04,73.04,76.88,70.37,77.68
74.63,74.63,74.78,72.92,78.21
77.08,77.08,70.61,74.56,75.88
76.32,76.32,77.97,76.49,78.24
77.54,77.54,72.37,77.04,77.43
74.13,74.13,76.68,73.50,75.75
78.49,78.49,69.33,78.92,77.09
80.33,80.33,68.54,77.34,76.53
84.08,84.08,66.00,75.30,78.84
80.70,80.70,64.50,78.80,80.12
74.72,74.72,65.88,79.50,80.81
71.50,71.50,69.73,76.31,76.83
70.43,70.43,82.67,76.47,76.50
74.93,74.93,85.39,74.16,75.01
75.03,75.03,80.88,75.09,76.24
73.96,73.96,74.20,77.45,77.19
78.81,78.81,70.33,79.36,77.58
76.60,76.60,70.40,77.13,77.97
76.06,76.06,69.79,80.38,79.24
76.06,76.06,68.62,79.81,78.07
74.55,74.55,69.96,79.91,80.32
75.16,75.16,69.86,79.92,79.57
76.51,76.51,69.82,82.03,78.23
77.29,77.29,69.11,82.04,78.86
77.17,77.17,70.02,80.87,80.96
67.81,67.81,83.35,82.63,75.33
68.95,68.95,88.60,79.41,74.51
70.91,70.91,85.51,74.07,75.63
73.35,73.35,81.52,72.35,75.65
72.69,72.69,78.55,75.16,75.46
72.28,72.28,75.70,78.49,76.49
76.58,76.58,73.71,78.50,79.10
78.72,78.72,69.23,78.70,80.27
78.32,78.32,71.41,81.02,81.43
73.65,73.65,72.80,83.12,81.39
74.76,74.76,70.17,81.03,79.76
77.59,77.59,67.67,80.39,80.96
76.47,76.47,67.39,80.73,79.88
71.81,71.81,74.07,79.46,79.46
73.89,73.89,89.11,79.10,79.45
72.80,72.80,89.80,72.85,74.82
71.57,71.57,85.70,76.50,76.99
77.50,77.50,83.91,81.69,77.30
76.04,76.04,79.04,83.74,74.45
76.11,76.11,71.53,85.01,74.73
71.16,71.16,76.62,82.98,75.27
77.80,77.80,79.52,83.65,76.70
83.83,83.83,81.13,79.56,76.68
82.66,82.66,80.06,75.55,76.23
83.12,83.12,77.22,79.34,78.21
80.31,80.31,79.00,82.48,76.67
76.67,76.67,81.44,80.72,75.59
77.08,77.08,78.59,72.82,76.26
71.94,71.94,88.28,71.93,74.82
72.41,72.41,85.72,70.60,75.53
76.69,76.69,85.95,71.51,77.83
80.42,80.42,82.93,76.98,76.02
80.84,80.84,76.46,77.53,75.39
78.64,78.64,77.57,77.80,77.27
80.69,80.69,88.24,77.55,75.39
79.63,79.63,87.73,78.42,75.73
78.20,78.20,86.17,80.60,74.91
76.25,76.25,84.28,78.26,77.43
76.11,76.11,76.58,79.83,76.00
76.73,76.73,81.34,80.03,76.76
79.08,79.08,83.63,74.81,76.83
80.67,80.67,85.84,71.29,75.74
74.72,74.72,79.30,70.71,76.82
78.76,78.76,76.78,75.24,78.66
78.57,78.57,81.46,78.71,78.80
76.11,76.11,79.62,75.10,78.24
75.46,75.46,84.33,74.76,78.66
75.37,75.37,85.89,74.85,76.94
76.49,76.49,88.07,77.07,77.84
77.10,77.10,85.40,77.36,78.78
78.28,78.28,80.65,78.48,78.44
77.00,77.00,76.91,77.91,79.11
79.95,79.95,73.09,76.80,77.53
80.23,80.23,81.76,74.41,75.97
76.29,76.29,88.78,76.33,73.36
75.09,75.09,82.64,73.18,75.46
73.93,73.93,85.52,78.57,75.95
77.06,77.06,78.48,78.10,76.96
79.06,79.06,75.50,72.01,76.09
83.90,83.90,80.06,80.43,76.22
86.69,86.69,76.60,78.11,78.09
87.18,87.18,71.32,79.17,77.10
86.10,86.10,75.01,77.61,77.46
85.53,85.53,68.40,75.35,78.13
86.03,86.03,75.96,73.68,77.90
85.13,85.13,76.36,73.63,78.84
85.35,85.35,71.95,74.33,77.61
83.97,83.97,86.13,73.94,79.26
79.71,79.71,81.01,73.45,76.28
78.69,78.69,77.14,74.14,78.43
79.68,79.68,79.94,74.77,79.62
80.80,80.80,75.99,74.35,78.06
81.22,81.22,78.33,72.88,78.74
79.59,79.59,74.95,72.77,80.10
79.27,79.27,75.55,77.53,80.47
78.87,78.87,71.22,78.78,80.93
78.15,78.15,70.63,79.51,78.14
79.73,79.73,74.19,80.74,76.98
78.73,78.73,70.33,80.78,76.64
74.24,74.24,75.28,80.27,76.50
77.17,77.17,79.97,77.37,75.37
81.27,81.27,86.78,73.70,77.87
82.78,82.78,81.84,60.93,78.33
82.85,82.85,78.59,68.12,79.84
80.59,80.59,77.40,72.61,82.41
77.22,77.22,81.39,75.81,82.55
76.28,76.28,73.59,77.75,82.37
72.79,72.79,72.94,78.06,79.19
73.62,73.62,77.85,78.50,77.70
77.80,77.80,67.33,77.22,78.09
82.72,82.72,71.25,77.03,80.11
82.19,82.19,68.96,77.37,78.50
81.86,81.86,72.27,76.97,77.69
82.45,82.45,73.70,74.52,79.35
79.73,79.73,89.90,70.93,75.69
76.35,76.35,83.08,75.28,77.79
70.44,70.44,83.19,72.92,76.67
70.75,70.75,78.30,76.04,78.56
74.59,74.59,72.79,76.78,77.23
73.24,73.24,72.15,76.32,79.21
74.27,74.27,74.17,76.35,79.35
73.09,73.09,73.96,77.38,79.43
75.31,75.31,73.60,76.42,79.82
77.96,77.96,73.06,76.76,78.89
79.65,79.65,74.33,80.44,79.55
78.10,78.10,75.27,79.99,78.88
76.87,76.87,72.13,79.78,79.16
75.54,75.54,84.31,81.98,78.26
75.56,75.56,87.11,80.91,77.14
70.28,70.28,86.93,74.35,78.30
74.42,74.42,81.05,76.80,77.74
81.71,81.71,77.04,79.18,78.03
77.11,77.11,76.23,79.06,79.22
74.55,74.55,72.43,77.54,78.58
72.82,72.82,71.10,77.01,76.78
74.25,74.25,68.87,75.74,77.68
70.55,70.55,68.61,75.55,79.24
67.76,67.76,70.49,72.32,79.43
67.76,67.76,69.49,73.32,79.77
66.91,66.91,69.16,69.34,79.93
65.48,65.48,70.75,73.50,79.34
67.73,67.73,87.58,78.75,80.28
68.61,68.61,82.85,76.27,79.45
68.10,68.10,85.25,71.06,78.95
67.61,67.61,82.44,65.59,78.52
68.81,68.81,78.80,69.61,77.84
70.77,70.77,73.66,69.87,79.03
72.05,72.05,76.68,77.29,79.69
70.24,70.24,80.53,81.14,80.70
64.52,64.52,80.09,80.55,81.94
63.19,63.19,76.26,80.60,79.38
66.68,66.68,72.83,80.06,80.81
67.41,67.41,82.06,77.13,80.65
66.44,66.44,77.92,79.26,80.02
63.72,63.72,77.46,78.21,80.40
55.82,55.82,88.01,78.44,78.59
57.84,57.84,83.06,70.51,76.71
57.33,57.33,85.86,69.95,81.02
55.51,55.51,85.59,73.51,82.41
54.51,54.51,75.18,74.64,82.70
57.40,57.40,73.58,73.39,81.40
61.08,61.08,76.44,73.71,81.17
59.08,59.08,76.31,74.85,79.02
56.89,56.89,71.60,77.26,81.03
57.60,57.60,74.52,79.80,80.40
56.67,56.67,80.57,80.01,79.22
57.79,57.79,76.35,79.01,79.05
55.21,55.21,72.98,78.69,79.73
48.71,48.71,87.50,79.48,78.38
45.05,45.05,80.90,80.76,78.13
42.20,42.20,77.01,77.33,79.01
46.36,46.36,77.39,78.93,79.42
46.59,46.59,74.55,79.10,78.33
50.35,50.35,74.48,77.92,79.73
47.25,47.25,75.51,77.41,80.08
45.54,45.54,76.24,76.84,77.95
49.94,49.94,73.48,76.53,78.66
49.71,49.71,75.42,73.86,79.80
44.82,44.82,73.14,71.52,80.16
42.92,42.92,73.10,70.00,79.18
41.62,41.62,77.79,64.09,80.78
41.33,41.33,82.49,70.85,81.11
46.30,46.30,73.11,72.08,81.64
44.85,44.85,79.86,73.74,80.85
47.56,47.56,80.47,73.00,81.08
47.88,47.88,80.68,70.90,80.04
42.33,42.33,76.87,73.74,80.39
41.50,41.50,74.71,77.24,80.64
42.46,42.46,70.81,76.93,80.56
44.46,44.46,70.61,77.09,82.30
41.49,41.49,66.52,71.49,81.17
38.24,38.24,69.71,73.84,80.51
30.47,30.47,71.94,73.54,81.18
32.08,32.08,74.12,70.74,78.24
29.73,29.73,71.30,67.10,80.53
24.18,24.18,85.22,69.80,79.75
26.88,26.88,89.77,69.59,76.18
37.57,37.57,87.20,70.62,78.65
37.23,37.23,84.95,71.63,78.07
23.01,23.01,78.98,75.62,79.20
18.15,18.15,81.02,76.42,79.94
24.32,24.32,70.13,77.41,80.81
26.24,26.24,69.41,77.53,80.84
23.54,23.54,70.16,78.18,80.10
19.28,19.28,71.80,77.79,81.21
20.77,20.77,72.73,74.67,81.48
20.25,20.25,71.51,71.15,82.61
18.22,18.22,71.61,71.02,81.59
18.47,18.47,73.42,72.51,81.95
19.84,19.84,90.33,74.75,77.91
20.38,20.38,86.52,70.09,80.01
26.16,26.16,83.86,69.88,81.55
22.08,22.08,76.93,69.51,80.31
18.77,18.77,81.62,69.13,79.93
13.60,13.60,77.32,71.07,79.15
14.92,14.92,73.51,73.35,78.86
17.14,17.14,73.57,73.80,80.90
15.76,15.76,69.02,77.96,79.36
19.95,19.95,67.21,81.87,79.34
18.23,18.23,64.37,81.90,79.33
14.91,14.91,67.12,81.86,78.33
11.14,11.14,72.08,81.10,79.60
12.88,12.88,83.82,78.85,79.46
22.07,22.07,83.50,77.76,77.41
23.12,23.12,83.62,77.49,78.70
22.79,22.79,75.73,76.49,80.74
26.01,26.01,73.79,76.43,80.62
25.97,25.97,76.67,73.53,81.34
17.78,17.78,75.92,69.94,79.23
14.62,14.62,75.08,68.44,79.39
12.67,12.67,73.21,70.73,79.03
8.65,8.65,72.93,68.71,80.77
15.39,15.39,74.89,71.41,80.43
21.00,21.00,76.36,70.38,79.98
16.62,16.62,73.71,73.46,79.02
10.05,10.05,84.34,73.68,79.98
17.10,17.10,88.04,68.47,78.19
23.69,23.69,76.14,69.04,79.03
19.30,19.30,76.13,74.08,81.08
21.32,21.32,77.49,70.89,80.28
18.87,18.87,75.42,70.11,81.03
21.47,21.47,74.88,74.08,79.74
14.92,14.92,80.99,72.94,79.34
16.75,16.75,81.91,78.11,79.64
17.71,17.71,76.23,75.22,79.60
10.49,10.49,73.85,75.45,81.00
10.75,10.75,75.29,76.40,80.51
17.87,17.87,77.62,79.59,80.90
16.44,16.44,89.04,80.23,77.16
12.03,12.03,85.94,76.98,78.42
14.12,14.12,88.59,75.69,79.71
10.26,10.26,83.92,77.41,78.18
17.18,17.18,76.62,77.57,77.76
12.89,12.89,74.87,77.38,77.69
7.84,7.84,73.74,77.96,77.99
9.00,9.00,79.85,75.85,80.32
7.58,7.58,89.10,76.05,78.03
11.85,11.85,88.36,73.17,77.38
11.67,11.67,87.41,78.85,78.35
8.38,8.38,83.04,80.32,79.74
7.08,7.08,78.90,78.50,83.18
7.14,7.14,79.84,79.93,83.25
11.17,11.17,78.04,79.42,80.78
6.78,6.78,90.03,81.55,78.94
10.55,10.55,86.11,78.04,79.36
15.16,15.16,74.73,75.36,79.36
17.87,17.87,81.17,71.34,77.83
21.04,21.04,82.94,72.79,79.36
22.11,22.11,81.58,73.13,79.92
18.78,18.78,81.12,74.99,79.67
15.40,15.40,82.91,74.24,78.66
13.89,13.89,84.58,78.49,80.29
12.95,12.95,76.24,74.46,82.05
11.40,11.40,74.59,77.27,80.92
11.99,11.99,77.67,76.22,79.40
10.43,10.43,81.04,78.36,79.65
7.30,7.30,86.87,77.57,79.12
3.00,3.00,87.15,72.31,77.38
10.42,10.42,78.20,70.12,78.57
13.25,13.25,77.52,63.88,79.52
15.37,15.37,84.25,71.16,79.76
21.41,21.41,82.66,74.27,79.30
18.60,18.60,75.37,77.48,80.42
24.87,24.87,86.51,80.09,78.24
11.82,11.82,87.00,78.59,80.47
14.53,14.53,86.07,80.68,81.24
20.79,20.79,80.03,82.19,82.86
22.08,22.08,74.54,76.82,83.21
19.43,19.43,71.74,72.12,82.15
16.64,16.64,76.93,73.97,80.80
10.71,10.71,88.14,74.60,78.29
12.00,12.00,85.32,68.58,79.00
15.75,15.75,76.97,75.36,81.33
17.98,17.98,76.61,78.09,82.47
19.06,19.06,80.30,82.08,80.40
19.09,19.09,78.19,81.92,81.07
17.28,17.28,84.64,79.57,80.42
16.76,16.76,78.12,80.73,79.79
13.84,13.84,80.19,81.55,82.74
12.41,12.41,78.97,80.33,79.94
10.71,10.71,75.39,75.94,79.47
10.93,10.93,83.14,74.67,79.56
6.52,6.52,85.92,74.44,79.82
4.09,4.09,87.24,72.64,77.93
6.65,6.65,83.93,73.05,78.76
8.61,8.61,79.32,71.36,79.59
7.88,7.88,80.05,73.04,79.78
11.92,11.92,78.79,74.76,80.49
20.15,20.15,81.55,80.11,79.13
23.17,23.17,83.15,81.44,79.34
20.04,20.04,77.26,83.11,80.58
11.79,11.79,75.59,83.20,80.03
19.62,19.62,75.48,84.19,79.71
16.85,16.85,75.01,82.51,80.73
17.86,17.86,76.36,81.13,78.93
16.85,16.85,77.77,80.47,78.71
22.10,22.10,84.71,82.67,77.73
15.16,15.16,84.11,78.59,78.12
15.22,15.22,80.36,74.06,78.72
22.21,22.21,78.49,83.17,80.16
17.65,17.65,80.20,82.59,80.26
19.01,19.01,76.00,81.68,79.95
17.31,17.31,73.66,83.14,80.26
15.44,15.44,78.55,84.76,80.14
23.69,23.69,74.65,84.69,78.62
23.64,23.64,73.64,83.38,79.57
19.73,19.73,73.03,82.25,79.67
11.72,11.72,72.22,81.82,80.79
11.96,11.96,72.90,76.33,79.77
15.23,15.23,73.19,72.09,81.48
18.85,18.85,86.74,72.79,80.97
21.96,21.96,83.16,77.37,80.03
23.06,23.06,78.84,76.80,79.97
17.71,17.71,73.72,85.29,80.62
7.08,7.08,77.65,83.57,80.44
11.94,11.94,72.49,82.75,81.98
18.85,18.85,72.21,81.27,79.87
15.73,15.73,72.51,76.60,82.16
17.19,17.19,70.86,72.23,82.71
19.54,19.54,71.90,77.35,81.04
14.82,14.82,70.93,78.94,80.76
8.46,8.46,70.82,78.10,82.84
17.51,17.51,72.46,78.95,80.49
13.80,13.80,86.52,79.67,81.78
15.16,15.16,79.86,78.13,81.31
20.27,20.27,80.65,76.82,79.52
16.49,16.49,76.13,81.05,80.07
14.10,14.10,77.10,77.37,80.68
12.24,12.24,72.01,74.18,80.17
9.49,9.49,73.35,79.32,81.29
14.91,14.91,75.36,76.75,80.81
17.48,17.48,73.10,76.67,80.85
15.27,15.27,72.90,82.25,80.46
7.70,7.70,69.23,83.63,80.34
5.08,5.08,69.23,84.26,80.77
14.05,14.05,71.59,82.22,81.06
19.61,19.61,80.14,76.40,83.18
21.39,21.39,82.45,70.08,81.93
15.34,15.34,83.09,73.97,79.77
12.87,12.87,78.93,80.19,79.53
17.93,17.93,74.97,84.09,80.03
8.82,8.82,75.95,83.68,80.69
14.59,14.59,76.22,84.47,80.28
22.94,22.94,73.55,84.74,81.20
24.40,24.40,74.42,83.74,82.10
20.13,20.13,72.83,80.97,80.95
19.99,19.99,70.56,74.27,79.15
12.66,12.66,70.22,85.35,80.82
10.18,10.18,76.24,86.19,79.97
12.03,12.03,79.20,81.79,79.77
15.16,15.16,86.59,77.16,79.81
18.07,18.07,86.78,78.26,75.10
21.89,21.89,79.79,80.27,78.14
26.29,26.29,84.14,78.54,78.28
18.69,18.69,78.05,79.97,80.63
13.61,13.61,72.57,78.96,79.56
11.78,11.78,76.20,78.56,79.67
15.63,15.63,76.78,84.45,79.85
17.19,17.19,73.39,84.69,80.47
16.19,16.19,79.91,84.95,79.07
10.70,10.70,78.69,82.79,80.23
7.61,7.61,81.44,84.93,79.30
12.29,12.29,82.46,82.57,80.52
21.82,21.82,87.63,78.05,78.55
17.34,17.34,81.09,81.31,79.60
23.66,23.66,80.18,83.76,79.36
22.20,22.20,76.88,83.16,80.75
23.44,23.44,78.05,82.01,83.41
16.41,16.41,75.68,81.35,82.74
11.50,11.50,75.07,82.34,81.57
16.75,16.75,73.74,83.98,82.27
20.52,20.52,71.65,79.12,81.39
27.69,27.69,72.46,78.46,84.37
30.23,30.23,73.15,81.28,82.65
29.17,29.17,75.64,80.61,80.17
28.54,28.54,72.22,81.31,79.15
25.84,25.84,83.86,83.61,78.18
18.48,18.48,86.43,82.78,77.59
17.89,17.89,84.57,80.55,80.84
20.27,20.27,81.41,79.67,82.06
25.93,25.93,79.07,79.46,80.13
22.64,22.64,77.88,81.26,82.26
29.13,29.13,70.05,81.81,79.75
25.30,25.30,68.77,82.95,80.13
16.37,16.37,74.73,83.66,79.94
14.99,14.99,72.69,82.47,80.96
16.28,16.28,70.04,81.36,80.28
17.24,17.24,71.71,83.95,79.85
21.42,21.42,70.72,84.91,79.54
25.55,25.55,69.16,84.81,80.50
29.54,29.54,80.03,87.15,78.80
33.01,33.01,81.45,87.74,76.89
37.08,37.08,74.89,84.84,79.66
38.36,38.36,72.51,83.49,80.96
40.11,40.11,73.37,82.85,81.41
39.41,39.41,77.18,80.45,82.67
33.35,33.35,71.91,81.83,80.63
31.39,31.39,73.49,84.22,82.24
30.61,30.61,72.49,83.85,81.85
24.65,24.65,68.27,85.20,80.30
19.78,19.78,68.46,85.46,81.64
22.08,22.08,68.01,85.01,83.15
22.73,22.73,70.73,85.49,83.15
23.33,23.33,75.03,85.24,82.75
22.41,22.41,85.30,84.93,78.92
30.32,30.32,85.05,82.27,78.51
27.27,27.27,74.83,78.89,80.12
25.26,25.26,75.09,80.15,80.09
27.07,27.07,74.05,77.85,81.44
31.49,31.49,72.63,81.29,80.79
29.99,29.99,77.82,82.20,81.40
22.56,22.56,74.23,82.86,80.46
14.79,14.79,67.36,84.56,82.56
18.61,18.61,68.28,82.81,81.85
20.14,20.14,66.82,84.56,80.03
15.66,15.66,69.37,85.44,80.66
12.26,12.26,71.29,84.94,79.65
15.35,15.35,85.06,82.47,80.35
24.74,24.74,79.08,83.66,79.58
33.93,33.93,76.77,83.97,80.78
37.21,37.21,75.32,82.32,79.45
30.46,30.46,73.55,73.03,81.18
34.40,34.40,72.43,77.65,82.06
28.62,28.62,71.28,80.91,81.18
19.86,19.86,70.84,81.10,81.77
18.62,18.62,70.38,82.77,81.37
25.35,25.35,69.69,81.34,82.27
26.68,26.68,69.85,79.24,82.15
26.70,26.70,70.37,76.55,80.99
22.94,22.94,74.19,70.61,81.08
21.20,21.20,82.79,74.38,80.35
23.81,23.81,76.89,73.44,82.15
25.58,25.58,78.31,72.12,81.16
25.65,25.65,77.46,81.83,83.24
28.02,28.02,77.70,73.32,80.03
26.31,26.31,73.61,79.84,81.42
23.53,23.53,71.66,80.58,82.14
21.07,21.07,70.61,80.71,82.54
25.58,25.58,66.67,83.08,81.78
32.87,32.87,68.75,83.24,81.35
29.09,29.09,68.43,81.14,81.89
18.26,18.26,67.37,78.55,82.56
17.81,17.81,74.48,76.58,80.47
13.47,13.47,83.32,73.48,82.07
9.93,9.93,88.45,70.34,78.29
18.78,18.78,86.64,69.84,77.52
17.36,17.36,85.30,70.52,78.84
18.54,18.54,81.48,73.43,80.40
23.60,23.60,81.96,76.56,80.35
34.95,34.95,80.92,76.17,79.87
43.16,43.16,75.26,77.81,80.26
44.44,44.44,79.16,71.33,81.93
42.39,42.39,72.21,76.83,80.72
35.06,35.06,75.70,76.31,82.37
26.69,26.69,76.81,79.40,80.02
25.34,25.34,75.33,83.97,80.93
20.50,20.50,81.86,83.16,80.82
18.18,18.18,78.34,72.00,82.39
18.86,18.86,85.96,70.39,80.79
20.92,20.92,81.84,76.66,80.48
28.51,28.51,77.42,77.76,80.49
28.13,28.13,78.59,78.09,81.69
20.32,20.32,71.68,76.37,80.88
23.24,23.24,77.69,73.71,81.18
26.62,26.62,74.78,80.17,81.28
24.89,24.89,83.63,80.91,81.29
15.73,15.73,80.82,77.28,80.16
15.19,15.19,80.74,74.82,80.61
18.77,18.77,80.00,78.17,82.96
28.41,28.41,81.61,78.38,81.50
32.09,32.09,79.26,77.63,81.87
30.70,30.70,87.67,78.37,80.29
28.01,28.01,78.25,82.57,79.33
27.80,27.80,75.92,83.95,79.72
27.90,27.90,72.22,78.21,81.14
30.36,30.36,71.89,78.73,81.10
24.51,24.51,72.49,78.26,80.54
22.47,22.47,71.92,78.53,80.95
21.79,21.79,72.69,77.70,80.47
23.28,23.28,73.69,85.04,81.81
24.90,24.90,73.00,84.21,80.08
21.16,21.16,74.01,84.83,80.89
14.15,14.15,75.67,84.39,80.13
14.80,14.80,80.28,84.79,78.93
19.29,19.29,88.80,83.99,76.08
26.24,26.24,86.83,77.13,78.74
23.08,23.08,84.84,75.82,79.39
24.84,24.84,77.66,75.48,79.74
20.09,20.09,80.64,78.50,79.51
18.88,18.88,76.98,77.32,80.41
15.77,15.77,70.20,77.08,80.76
11.99,11.99,69.35,81.26,81.00
10.71,10.71,70.97,82.06,81.34
13.39,13.39,70.21,80.06,80.59
11.77,11.77,73.93,76.54,82.68
25.53,25.53,77.98,78.84,81.18
36.48,36.48,80.95,77.39,80.24
36.66,36.66,87.79,75.81,79.30
25.07,25.07,75.55,76.03,79.53
10.72,10.72,80.27,70.67,81.97
16.01,16.01,77.53,72.71,82.11
13.37,13.37,74.14,75.28,81.88
12.88,12.88,74.50,78.30,81.66
13.66,13.66,77.23,78.26,81.38
20.13,20.13,72.78,78.05,82.06
19.40,19.40,72.09,78.74,81.29
22.80,22.80,72.62,77.93,82.49
17.35,17.35,72.38,78.91,81.58
16.94,16.94,73.10,77.19,79.66
17.80,17.80,72.00,74.93,80.47
13.06,13.06,79.17,75.26,80.03
11.92,11.92,91.31,74.25,75.98
16.60,16.60,78.12,71.46,80.26
14.53,14.53,75.69,71.47,80.51
15.16,15.16,75.84,76.23,80.36
20.12,20.12,73.72,76.07,80.76
19.74,19.74,76.48,77.60,80.44
19.31,19.31,73.28,77.02,81.06
20.04,20.04,72.94,76.99,79.86
22.80,22.80,68.25,77.49,80.86
19.43,19.43,67.49,78.73,82.54
15.71,15.71,67.50,78.54,82.15
16.55,16.55,68.78,77.50,82.53
10.91,10.91,71.15,78.33,82.53
22.00,22.00,79.12,80.38,81.49
20.47,20.47,86.87,78.65,80.78
22.76,22.76,80.98,77.76,80.54
13.10,13.10,75.36,72.40,81.28
17.37,17.37,75.85,78.88,82.07
15.41,15.41,73.54,78.67,81.60
17.16,17.16,73.51,78.02,79.77
19.07,19.07,72.21,80.08,80.21
13.56,13.56,72.05,80.71,80.22
18.58,18.58,71.13,81.34,81.17
16.49,16.49,72.16,81.35,82.22
10.61,10.61,70.77,75.65,82.46
10.44,10.44,74.33,75.99,81.93
14.87,14.87,82.89,74.96,80.66
12.06,12.06,86.99,72.70,78.48
19.41,19.41,74.81,69.94,78.78
24.55,24.55,79.35,69.71,80.39
25.32,25.32,75.12,72.89,80.54
18.66,18.66,78.63,75.99,81.08
13.28,13.28,73.64,74.63,80.98
8.17,8.17,72.47,74.83,82.11
9.10,9.10,71.13,78.32,81.76
12.95,12.95,68.28,76.44,79.76
15.53,15.53,68.01,78.60,81.73
18.36,18.36,68.37,82.43,82.05
15.46,15.46,72.25,79.23,82.62
20.08,20.08,77.51,76.80,81.73
9.45,9.45,88.32,76.30,79.69
18.15,18.15,84.34,72.62,80.14
23.37,23.37,82.88,69.22,80.79
7.67,7.67,79.29,69.71,82.79
5.89,5.89,81.62,74.77,82.37
14.16,14.16,80.57,79.31,81.93
12.16,12.16,76.42,79.63,79.41
13.44,13.44,70.45,79.87,81.57
11.07,11.07,75.42,79.63,81.27
10.61,10.61,70.45,76.26,81.12
8.23,8.23,70.09,74.70,80.25
14.68,14.68,71.18,78.81,81.88
11.66,11.66,71.30,77.92,80.86
12.37,12.37,82.90,81.62,80.27
12.25,12.25,86.63,79.94,78.46
14.91,14.91,84.00,77.62,77.06
17.17,17.17,85.34,74.50,78.27
17.63,17.63,86.23,73.61,81.16
15.55,15.55,77.58,77.90,80.39
10.49,10.49,79.46,77.06,79.28
7.50,7.50,80.01,71.27,78.53
6.50,6.50,76.54,69.96,79.84
13.54,13.54,71.99,70.41,80.21
9.52,9.52,73.74,80.83,81.62
12.47,12.47,69.21,85.56,81.47
11.78,11.78,75.69,85.23,81.22
9.08,9.08,70.11,84.85,81.26
16.04,16.04,87.33,83.16,79.63
15.82,15.82,80.95,83.01,80.13
24.63,24.63,79.40,78.08,80.27
15.89,15.89,74.46,74.26,81.00
22.48,22.48,74.00,80.93,80.61
14.76,14.76,73.72,78.90,79.50
17.14,17.14,71.31,76.23,80.76
3.99,3.99,72.83,73.10,78.56
9.76,9.76,73.54,74.43,80.36
11.51,11.51,73.07,80.59,82.19
12.70,12.70,70.44,80.36,82.13
15.93,15.93,70.33,74.18,83.06
14.87,14.87,73.07,72.58,82.76
14.14,14.14,76.46,79.90,82.48
10.94,10.94,75.85,73.07,80.32
23.09,23.09,74.16,74.61,81.41
19.42,19.42,74.03,76.08,80.90
18.82,18.82,73.01,78.81,80.67
14.86,14.86,72.74,79.18,81.87
17.90,17.90,75.30,76.23,81.63
23.05,23.05,86.91,73.93,79.79
20.34,20.34,76.81,72.04,78.92
23.97,23.97,76.04,72.59,79.10
21.10,21.10,75.40,76.82,81.48
15.77,15.77,68.83,83.61,82.06
12.71,12.71,70.59,82.65,81.84
12.52,12.52,74.11,79.79,81.72
11.97,11.97,89.68,76.63,76.12
10.52,10.52,82.09,67.57,77.85
15.88,15.88,84.83,70.40,79.00
19.25,19.25,84.06,74.87,80.36
19.47,19.47,77.31,73.53,79.97
20.40,20.40,75.08,77.97,81.27
22.62,22.62,75.58,77.53,81.33
29.41,29.41,75.54,76.67,81.60
31.44,31.44,75.01,73.93,80.29
23.50,23.50,71.60,75.14,80.73
18.28,18.28,71.33,73.48,82.64
19.97,19.97,71.76,74.20,81.86
14.64,14.64,74.42,73.58,81.49
11.54,11.54,91.55,71.90,77.36
20.02,20.02,82.02,67.84,80.00
29.68,29.68,84.85,65.51,80.42
30.84,30.84,81.93,65.90,80.17
25.95,25.95,78.70,69.57,81.49
21.22,21.22,76.83,72.48,81.25
27.38,27.38,73.83,70.50,82.26
22.93,22.93,75.49,73.74,81.53
20.54,20.54,68.64,75.32,81.45
19.67,19.67,68.00,76.49,81.98
19.81,19.81,68.55,77.30,82.58
15.20,15.20,66.97,76.44,83.28
14.19,14.19,68.33,74.77,82.83
11.45,11.45,71.72,72.05,80.86
21.15,21.15,88.10,69.70,79.74
29.27,29.27,83.78,73.24,79.33
18.12,18.12,79.48,73.52,79.78
25.28,25.28,75.01,76.99,79.91
17.85,17.85,73.13,83.14,79.85
30.87,30.87,72.81,81.41,78.90
31.75,31.75,73.18,80.66,79.86
23.77,23.77,72.29,78.83,79.65
13.70,13.70,71.49,76.98,79.91
15.17,15.17,70.85,77.26,79.10
21.41,21.41,70.98,77.13,79.45
30.67,30.67,74.68,74.62,79.63
36.65,36.65,75.88,72.23,80.13
35.64,35.64,92.02,75.59,74.99
24.57,24.57,87.69,75.57,78.14
23.96,23.96,86.14,73.58,77.86
18.34,18.34,78.49,71.09,80.48
20.39,20.39,79.56,71.58,81.44
25.42,25.42,74.04,73.42,82.11
22.93,22.93,74.30,73.09,81.77
18.12,18.12,71.77,73.20,81.60
16.69,16.69,70.58,72.53,82.83
19.90,19.90,70.70,77.95,82.10
21.00,21.00,69.38,78.22,83.89
19.86,19.86,68.60,77.02,82.25
18.46,18.46,69.11,72.31,82.46
15.97,15.97,77.59,71.73,83.38
16.59,16.59,85.51,74.64,80.84
21.36,21.36,83.25,72.68,81.59
23.82,23.82,82.41,70.43,82.48
21.89,21.89,78.58,75.37,82.90
13.55,13.55,78.75,75.43,82.46
18.24,18.24,75.72,75.99,82.23
20.27,20.27,74.87,74.44,82.17
20.55,20.55,70.76,74.78,82.87
25.30,25.30,70.92,78.46,82.02
27.09,27.09,70.11,78.43,82.98
27.17,27.17,70.89,75.84,83.45
24.41,24.41,71.70,70.97,82.86
22.79,22.79,73.11,74.66,82.06
19.46,19.46,90.15,74.04,79.37
20.37,20.37,81.48,72.50,79.24
17.26,17.26,81.80,69.47,81.71
9.75,9.75,84.89,74.05,82.05
15.65,15.65,83.43,74.84,80.72
14.78,14.78,77.95,72.93,82.24
12.82,12.82,80.05,78.64,82.08
14.13,14.13,77.92,74.74,82.38
17.03,17.03,76.62,77.65,81.91
23.61,23.61,75.69,80.35,82.21
25.77,25.77,75.73,83.29,82.21
21.45,21.45,78.61,83.59,80.41
17.17,17.17,81.09,84.76,81.29
20.55,20.55,86.03,81.95,80.28
22.77,22.77,79.76,75.18,80.42
29.36,29.36,77.19,74.09,79.74
32.79,32.79,74.89,82.02,81.50
31.77,31.77,74.19,85.31,82.03
23.63,23.63,73.32,82.47,82.71
14.14,14.14,72.26,76.76,81.40
14.28,14.28,72.09,76.73,82.52
16.86,16.86,70.12,78.38,81.57
21.44,21.44,71.29,74.82,82.74
28.93,28.93,70.15,75.46,81.69
29.04,29.04,72.22,78.64,82.29
23.85,23.85,76.90,77.01,81.89
26.36,26.36,89.13,75.51,78.45
32.68,32.68,83.82,73.33,80.40
31.37,31.37,82.99,71.90,82.08
25.13,25.13,80.52,70.76,79.35
19.55,19.55,76.68,77.63,82.24
15.19,15.19,76.70,78.20,79.96
12.48,12.48,72.33,78.00,81.74
16.88,16.88,70.95,75.32,79.13
15.22,15.22,71.73,73.19,82.69
11.81,11.81,68.49,76.63,83.13
17.11,17.11,69.02,77.76,81.64
15.05,15.05,70.34,78.85,82.60
11.50,11.50,71.58,80.46,81.41
8.83,8.83,81.03,71.98,81.22
7.31,7.31,89.03,70.67,77.92
8.83,8.83,84.05,71.02,77.25
13.88,13.88,80.84,68.17,77.36
13.40,13.40,83.31,72.89,79.00
14.61,14.61,79.54,68.59,81.67
15.69,15.69,78.94,74.90,81.21
12.60,12.60,72.57,75.91,81.69
17.71,17.71,73.52,78.07,81.18
20.66,20.66,72.49,79.08,81.68
18.15,18.15,72.14,73.65,80.13
21.58,21.58,72.48,81.53,82.46
26.06,26.06,72.78,80.41,80.63
27.85,27.85,75.55,76.81,80.65
28.34,28.34,82.24,72.00,82.21
24.84,24.84,85.62,73.12,77.64
18.27,18.27,76.64,67.75,80.65
12.59,12.59,80.35,72.09,82.12
17.86,17.86,76.10,74.80,81.66
21.36,21.36,76.82,80.97,79.63
17.99,17.99,73.99,80.15,80.72
19.35,19.35,75.51,79.38,80.32
18.64,18.64,72.51,78.33,82.04
15.35,15.35,68.38,76.79,79.96
15.00,15.00,67.57,80.70,81.38
22.06,22.06,68.34,79.83,81.29
18.17,18.17,69.39,81.49,80.92
13.01,13.01,71.80,80.47,82.12
17.47,17.47,84.43,82.36,79.65
16.02,16.02,82.89,81.25,79.33
19.14,19.14,77.95,78.60,80.02
27.02,27.02,73.61,80.91,79.98
24.84,24.84,74.49,80.98,82.06
7.55,7.55,72.53,81.60,81.75
11.43,11.43,73.49,78.62,80.46
20.46,20.46,71.22,80.29,81.19
12.59,12.59,70.24,80.19,79.89
7.86,7.86,70.45,82.14,80.30
8.97,8.97,70.96,82.57,81.32
11.77,11.77,72.67,83.50,80.90
16.30,16.30,73.36,80.52,82.17
6.62,6.62,85.43,79.77,80.49
7.60,7.60,81.84,77.22,79.10
14.89,14.89,76.87,78.39,78.12
16.19,16.19,75.24,82.93,80.00
12.42,12.42,72.20,79.10,80.69
15.49,15.49,74.54,81.03,81.10
3.70,3.70,74.33,82.29,81.29
-0.00,-0.00,72.71,81.64,81.13
5.32,5.32,68.11,83.76,80.21
10.79,10.79,68.38,85.17,83.45
16.85,16.85,67.26,81.83,82.07
18.73,18.73,66.78,80.38,81.41
17.37,17.37,68.11,80.11,81.17
16.44,16.44,77.85,80.93,80.76
12.87,12.87,87.13,81.08,80.50
14.43,14.43,88.63,78.25,77.49
16.83,16.83,82.39,75.98,77.76
13.87,13.87,78.72,79.28,78.13
18.18,18.18,79.86,84.27,79.00
19.79,19.79,75.16,82.14,79.75
14.19,14.19,75.62,82.59,79.22
16.89,16.89,78.28,84.88,79.04
12.26,12.26,73.22,83.48,79.35
11.93,11.93,71.03,85.64,80.15
8.97,8.97,73.00,83.92,80.97
13.13,13.13,69.87,80.68,81.50
11.66,11.66,76.47,82.60,81.00
14.70,14.70,83.13,82.71,79.91
8.01,8.01,90.37,82.00,75.04
15.25,15.25,81.98,76.45,77.20
17.67,17.67,84.30,80.21,78.48
20.26,20.26,82.34,80.99,80.40
15.80,15.80,77.44,83.25,79.68
14.37,14.37,73.98,82.80,80.02
15.24,15.24,76.66,83.99,80.98
8.45,8.45,73.92,86.42,80.20
8.17,8.17,71.46,82.81,81.18
15.24,15.24,69.65,74.27,81.13
13.38,13.38,69.75,84.90,80.36
16.48,16.48,73.45,85.10,80.24
18.03,18.03,75.86,85.46,79.34
19.19,19.19,87.33,80.27,78.08
20.09,20.09,80.15,73.13,77.85
18.18,18.18,78.32,81.02,79.26
22.36,22.36,75.05,84.13,79.25
14.82,14.82,76.37,74.35,79.51
19.48,19.48,73.62,86.25,79.30
15.65,15.65,73.11,83.54,80.67
23.98,23.98,71.73,82.56,80.60
30.05,30.05,71.93,82.56,79.41
30.52,30.52,72.67,84.00,80.32
24.31,24.31,72.11,81.12,80.11
19.01,19.01,74.64,80.34,79.02
12.56,12.56,78.89,74.81,80.67
16.93,16.93,81.03,76.90,80.10
16.80,16.80,77.66,70.92,80.26
22.46,22.46,76.52,73.70,81.03
7.27,7.27,74.19,70.81,80.60
9.95,9.95,74.69,78.77,80.47
12.98,12.98,72.18,81.25,79.99
13.26,13.26,72.77,82.21,80.82
7.30,7.30,72.98,81.57,80.14
2.76,2.76,72.53,83.90,78.35
8.46,8.46,72.31,82.59,79.77
14.25,14.25,69.41,84.50,81.26
15.63,15.63,70.58,84.46,81.28
8.78,8.78,74.44,84.26,81.57
8.08,8.08,77.00,86.94,80.56
10.99,10.99,88.13,86.03,75.92
16.09,16.09,78.61,86.02,77.19
16.06,16.06,78.05,82.54,79.99
9.68,9.68,78.24,80.32,78.41
17.43,17.43,74.56,73.80,81.41
8.31,8.31,77.63,69.04,79.57
8.34,8.34,74.16,70.73,79.02
10.58,10.58,74.03,74.96,81.06
18.47,18.47,72.05,71.72,79.47
8.53,8.53,69.22,72.19,80.98
14.75,14.75,69.65,70.39,81.47
21.59,21.59,69.52,74.32,81.12
12.80,12.80,74.53,76.11,80.77
11.29,11.29,90.10,77.00,76.63
9.60,9.60,85.64,72.98,77.80
23.63,23.63,83.48,74.08,80.18
30.18,30.18,83.15,73.73,78.59
31.43,31.43,79.30,79.36,78.70
25.47,25.47,77.93,78.46,80.13
18.42,18.42,75.21,78.52,80.98
12.00,12.00,74.95,80.16,79.43
9.51,9.51,69.00,81.48,81.42
24.10,24.10,67.53,83.12,80.37
32.94,32.94,67.21,81.01,80.54
29.98,29.98,68.60,82.44,80.63
19.01,19.01,73.08,81.47,79.35
31.96,31.96,80.35,76.12,81.33
31.84,31.84,86.56,78.65,78.65
25.88,25.88,79.55,78.13,79.82
19.36,19.36,74.01,76.39,79.38
20.52,20.52,73.98,79.08,80.37
21.41,21.41,72.99,79.96,81.27
15.10,15.10,70.50,79.71,81.22
13.61,13.61,70.21,78.13,78.29
25.75,25.75,71.22,79.21,78.62
28.52,28.52,74.85,81.12,81.01
20.17,20.17,76.18,76.20,82.52
10.38,10.38,70.68,74.83,81.83
12.33,12.33,71.81,72.84,81.77
17.32,17.32,75.39,70.33,80.61
19.82,19.82,92.66,73.21,76.43
23.11,23.11,85.98,69.90,78.24
22.59,22.59,84.32,72.45,77.79
22.32,22.32,81.05,75.28,79.29
21.14,21.14,76.25,78.21,81.44
24.74,24.74,75.15,80.12,80.86
24.36,24.36,69.66,78.69,80.69
18.14,18.14,71.46,82.77,80.94
15.91,15.91,75.25,81.67,80.55
14.99,14.99,73.20,81.98,81.36
17.50,17.50,70.28,81.45,80.78
10.68,10.68,68.84,79.91,81.16
11.69,11.69,70.89,81.99,79.86
12.06,12.06,77.70,79.66,81.68
14.06,14.06,89.31,75.85,79.09
10.50,10.50,85.84,77.55,76.32
15.58,15.58,88.92,73.96,78.97
21.04,21.04,83.02,70.74,78.32
10.62,10.62,79.17,71.56,79.17
10.94,10.94,72.66,76.50,79.10
11.15,11.15,73.96,76.65,79.86
9.39,9.39,73.25,79.80,81.28
8.45,8.45,75.38,78.21,80.70
15.43,15.43,77.62,77.19,79.97
10.28,10.28,71.91,78.07,80.79
12.11,12.11,78.04,81.85,80.44
10.50,10.50,75.04,83.49,80.02
10.92,10.92,83.17,80.85,80.06
7.73,7.73,82.95,78.85,80.29
15.23,15.23,85.67,77.38,80.02
24.31,24.31,80.76,80.15,78.78
37.05,37.05,82.10,83.80,80.44
36.09,36.09,78.27,83.57,79.51
22.70,22.70,78.43,82.53,79.87
16.96,16.96,86.72,79.28,78.42
12.37,12.37,83.27,74.80,79.10
14.93,14.93,79.67,80.08,77.74
14.10,14.10,73.39,83.44,79.14
12.42,12.42,77.40,83.43,79.53
12.34,12.34,75.82,79.16,79.88
9.74,9.74,80.03,72.81,80.37
11.62,11.62,85.92,71.38,79.87
18.83,18.83,84.64,70.59,78.79
22.14,22.14,80.48,78.47,81.04
17.63,17.63,76.87,82.20,79.05
16.97,16.97,77.34,81.90,78.66
21.12,21.12,77.64,77.57,81.05
17.26,17.26,84.74,78.97,79.32
16.85,16.85,80.39,78.30,80.03
16.62,16.62,73.31,77.93,78.57
18.15,18.15,72.20,81.35,80.19
15.80,15.80,73.48,80.04,79.75
11.36,11.36,70.36,74.22,80.40
15.07,15.07,76.94,73.95,79.93
14.19,14.19,88.82,66.92,78.23
17.09,17.09,83.95,69.08,77.80
15.43,15.43,76.89,67.82,77.62
10.64,10.64,79.34,78.16,80.71
13.65,13.65,74.36,76.39,80.50
16.52,16.52,77.99,77.97,80.86
18.77,18.77,84.34,78.56,80.21
21.10,21.10,80.19,79.76,81.22
19.37,19.37,73.31,77.73,79.61
11.48,11.48,77.32,77.08,80.41
11.00,11.00,78.34,76.36,81.14
9.89,9.89,75.40,74.27,80.32
4.02,4.02,77.55,68.50,80.52
5.38,5.38,80.14,68.11,79.79
8.43,8.43,90.19,70.52,74.40
9.47,9.47,81.77,63.75,77.99
11.06,11.06,87.06,66.60,78.49
11.55,11.55,80.39,70.89,79.27
3.87,3.87,79.50,72.95,79.56
8.38,8.38,73.09,74.99,80.10
15.47,15.47,75.84,76.13,81.15
22.84,22.84,72.39,76.43,81.63
14.40,14.40,70.08,73.46,81.79
4.65,4.65,69.35,71.75,80.88
4.26,4.26,71.99,74.53,79.95
11.69,11.69,73.99,75.32,81.09
11.15,11.15,78.33,71.76,80.79
9.30,9.30,91.29,68.21,78.43
10.16,10.16,80.16,66.11,78.57
8.17,8.17,77.16,74.15,79.60
9.87,9.87,78.82,69.15,80.49
6.92,6.92,73.86,72.41,80.32
8.97,8.97,76.19,73.70,82.12
9.60,9.60,73.08,74.77,82.14
13.32,13.32,71.94,76.28,81.44
7.99,7.99,68.71,76.03,80.89
9.34,9.34,67.51,73.27,80.11
1.49,1.49,67.95,75.72,81.61
2.73,2.73,74.06,73.56,79.91
9.18,9.18,72.32,70.88,80.58
13.04,13.04,74.34,69.06,81.29
19.97,19.97,88.80,70.61,78.30
21.88,21.88,82.12,73.36,77.28
17.80,17.80,83.76,78.92,78.39
14.33,14.33,76.56,76.69,79.27
19.59,19.59,72.15,78.78,82.62
16.25,16.25,71.98,79.62,82.01
17.06,17.06,70.25,80.00,80.33
15.20,15.20,74.48,80.47,80.65
7.05,7.05,71.85,78.32,81.25
10.53,10.53,69.40,82.65,80.92
7.56,7.56,69.66,79.77,81.28
3.26,3.26,69.30,79.14,81.07
4.44,4.44,78.16,81.65,79.60
16.60,16.60,89.31,79.79,76.90
15.35,15.35,84.88,71.81,78.86
16.11,16.11,85.64,74.71,79.12
14.97,14.97,80.72,78.08,80.16
15.99,15.99,78.88,77.60,78.87
12.17,12.17,76.57,79.90,79.26
12.48,12.48,74.50,81.06,82.76
12.05,12.05,77.56,81.05,82.84
19.20,19.20,78.50,80.29,81.68
13.75,13.75,76.08,80.96,79.35
13.33,13.33,72.50,78.03,79.61
12.92,12.92,69.18,79.58,80.65
16.93,16.93,70.48,80.86,81.58
18.99,18.99,79.79,80.43,80.19
17.22,17.22,87.89,80.08,76.67
15.39,15.39,81.29,82.09,77.41
10.75,10.75,81.40,80.64,80.67
16.93,16.93,81.33,81.19,79.51
12.12,12.12,80.08,82.16,77.26
8.72,8.72,78.71,81.79,77.51
4.36,4.36,81.82,79.37,78.16
6.18,6.18,78.25,79.42,79.68
15.61,15.61,78.03,79.84,78.47
7.36,7.36,79.95,70.05,79.28
17.36,17.36,78.11,68.58,80.48
18.70,18.70,80.03,75.15,80.74
12.60,12.60,78.72,69.03,80.87
10.04,10.04,89.19,70.57,78.86
13.33,13.33,90.13,69.71,77.46
13.75,13.75,81.21,69.49,77.80
10.79,10.79,80.89,65.91,79.78
10.45,10.45,87.01,70.78,78.79
6.69,6.69,74.99,68.05,79.55
1.48,1.48,85.40,76.57,80.07
3.00,3.00,79.92,78.54,79.12
14.74,14.74,78.76,76.09,79.18
13.45,13.45,78.18,71.95,78.78
13.93,13.93,78.56,75.39,78.33
20.41,20.41,81.05,79.43,78.37
16.78,16.78,79.94,79.70,79.68
15.51,15.51,88.33,71.35,79.24
17.79,17.79,81.59,73.40,79.74
21.84,21.84,78.54,72.95,80.88
13.54,13.54,78.61,77.53,79.89
15.88,15.88,79.23,77.97,80.75
15.77,15.77,78.71,77.54,77.43
17.09,17.09,79.40,76.06,79.36
19.65,19.65,78.90,74.42,79.29
20.04,20.04,83.39,74.19,77.88
18.88,18.88,80.04,67.26,79.83
16.88,16.88,74.32,69.25,81.08
12.10,12.10,78.57,74.21,80.60
11.29,11.29,78.75,69.78,80.15
12.67,12.67,90.61,69.16,77.56
15.96,15.96,82.17,72.94,78.53
17.24,17.24,83.95,71.18,78.93
25.16,25.16,80.35,66.85,80.27
16.78,16.78,76.92,65.91,81.87
16.39,16.39,82.79,75.63,79.32
9.46,9.46,72.80,71.39,79.89
9.43,9.43,78.32,72.25,78.97
6.71,6.71,78.61,74.02,80.31
17.93,17.93,80.89,78.32,79.53
10.08,10.08,71.77,82.31,78.37
11.09,11.09,73.13,85.80,80.40
9.99,9.99,72.47,85.39,80.05
10.45,10.45,78.20,82.98,79.52
12.96,12.96,88.76,74.76,75.67
11.92,11.92,82.55,79.35,77.73
21.70,21.70,80.63,81.25,80.31
12.74,12.74,78.24,80.37,78.91
11.30,11.30,77.70,84.66,79.11
16.28,16.28,77.77,83.26,80.52
16.27,16.27,86.82,78.69,80.98
13.10,13.10,86.23,81.58,80.64
19.37,19.37,82.11,83.17,79.07
20.99,20.99,74.94,83.87,78.31
18.36,18.36,72.30,84.51,80.64
14.74,14.74,72.22,84.90,80.08
15.71,15.71,77.72,83.46,79.90
11.93,11.93,78.78,84.13,78.13
10.60,10.60,77.28,85.15,81.24
16.16,16.16,76.72,83.96,80.42
12.26,12.26,73.68,82.53,81.87
11.92,11.92,72.60,82.94,82.11
13.53,13.53,73.52,82.25,80.47
24.98,24.98,78.66,80.18,79.91
28.78,28.78,89.39,79.42,78.88
31.50,31.50,85.23,81.25,77.67
39.13,39.13,82.14,84.18,79.06
38.79,38.79,82.33,86.16,78.60
30.00,30.00,80.47,84.93,78.09
24.22,24.22,80.33,84.03,78.17
15.97,15.97,88.92,81.53,78.20
16.05,16.05,86.06,80.88,76.73
14.65,14.65,83.74,84.79,76.80
19.52,19.52,81.15,85.18,79.05
22.28,22.28,78.80,81.72,79.60
22.24,22.24,77.76,80.97,80.31
21.94,21.94,75.07,83.24,79.64
15.44,15.44,81.81,84.97,80.20
12.47,12.47,76.52,84.19,78.46
12.12,12.12,81.90,81.42,79.24
10.06,10.06,82.35,79.13,79.66
12.77,12.77,85.40,81.41,81.79
13.66,13.66,84.77,82.57,81.27
11.99,11.99,87.71,81.99,80.05
14.59,14.59,88.29,82.79,76.62
18.10,18.10,84.23,80.18,79.00
16.67,16.67,81.19,76.87,79.76
13.85,13.85,82.21,71.32,78.91
26.04,26.04,79.83,77.71,80.70
32.56,32.56,82.28,79.46,80.41
31.68,31.68,89.81,79.89,76.90
22.64,22.64,74.02,80.13,78.69
17.54,17.54,82.49,81.24,77.74
20.83,20.83,77.47,78.91,80.41
25.09,25.09,77.99,77.60,81.97
22.46,22.46,79.54,80.73,80.24
23.03,23.03,87.76,81.07,79.17
14.70,14.70,87.86,80.39,76.31
14.94,14.94,81.39,81.67,81.02
20.93,20.93,83.12,82.40,79.92
18.67,18.67,83.48,83.21,83.30
14.54,14.54,80.79,83.77,81.16
16.22,16.22,80.21,85.00,81.53
17.24,17.24,81.58,83.72,81.78
25.04,25.04,85.50,82.10,81.84
28.53,28.53,77.59,79.61,81.41
27.97,27.97,78.17,79.15,80.31
25.78,25.78,73.57,82.72,81.65
28.17,28.17,76.94,83.55,82.58
27.81,27.81,78.12,83.10,80.89
30.88,30.88,85.95,80.58,79.48
28.68,28.68,88.52,81.31,73.77
34.78,34.78,79.05,79.78,74.34
39.09,39.09,80.11,81.76,77.08
46.24,46.24,80.74,83.54,78.80
47.64,47.64,84.29,83.75,81.80
39.92,39.92,76.58,84.94,81.14
42.55,42.55,82.75,85.44,81.37
46.94,46.94,79.69,84.70,80.49
50.81,50.81,76.09,78.43,81.03
52.86,52.86,83.10,79.05,80.25
49.82,49.82,80.29,83.87,80.01
41.51,41.51,75.78,83.52,80.13
38.16,38.16,88.93,78.25,77.87
36.49,36.49,90.16,72.86,76.20
40.52,40.52,84.48,79.10,77.33
50.41,50.41,85.80,77.94,78.45
50.90,50.90,80.31,72.68,80.31
54.64,54.64,80.42,76.94,79.55
61.90,61.90,82.62,77.27,80.35
55.38,55.38,82.87,84.49,80.27
50.04,50.04,76.30,86.98,80.98
45.28,45.28,74.87,85.81,81.51
55.22,55.22,78.67,80.98,80.25
56.13,56.13,75.71,81.48,79.76
49.96,49.96,80.12,83.47,78.22
45.58,45.58,85.77,84.22,78.33
37.55,37.55,89.29,83.53,77.25
39.21,39.21,81.98,78.95,78.88
47.00,47.00,82.84,78.54,80.00
45.25,45.25,81.04,73.40,79.92
44.83,44.83,82.03,74.45,80.10
41.40,41.40,75.20,77.43,80.38
40.42,40.42,84.97,74.65,80.45
44.78,44.78,78.88,78.55,78.37
45.36,45.36,75.55,80.49,77.72
45.02,45.02,75.05,76.47,77.01
47.82,47.82,77.46,68.45,78.92
47.71,47.71,76.62,79.49,78.15
52.12,52.12,80.39,79.89,79.01
53.72,53.72,83.55,76.01,80.17
52.40,52.40,85.33,83.54,77.11
56.52,56.52,78.68,77.31,77.14
61.56,61.56,77.05,75.76,77.44
70.70,70.70,73.01,79.12,78.68
72.03,72.03,71.93,74.63,80.48
74.39,74.39,74.96,79.38,78.21
72.62,72.62,76.64,77.15,80.12
66.27,66.27,75.77,75.24,78.15
58.40,58.40,71.40,80.94,80.25
55.64,55.64,72.90,82.44,79.36
55.36,55.36,75.99,82.54,80.17
56.18,56.18,76.47,81.35,80.56
55.44,55.44,76.43,79.40,80.71
55.96,55.96,74.95,79.48,80.42
55.10,55.10,74.14,75.04,81.34
53.74,53.74,74.85,77.00,80.51
61.29,61.29,75.54,73.34,81.32
51.54,51.54,74.99,74.05,79.97
47.41,47.41,74.07,73.13,80.24
48.87,48.87,74.23,78.16,79.47
51.29,51.29,72.73,79.96,80.36
55.00,55.00,71.94,81.59,79.74
58.44,58.44,70.02,82.35,79.89
60.18,60.18,70.72,83.93,79.25
61.78,61.78,69.45,83.62,80.03
61.06,61.06,69.71,82.18,80.60
56.16,56.16,68.77,82.71,78.66
52.50,52.50,67.67,83.21,79.30
48.79,48.79,67.39,82.81,80.45
50.95,50.95,67.47,83.12,79.03
59.57,59.57,67.80,83.34,79.13
64.05,64.05,68.18,84.89,79.45
79.67,79.67,68.85,85.94,78.71
80.99,80.99,66.66,85.67,78.68
79.86,79.86,66.52,85.25,79.23
77.27,77.27,65.99,86.11,78.54
77.19,77.19,65.59,86.68,78.11
78.84,78.84,65.92,85.61,78.84
79.38,79.38,65.98,84.48,78.38
78.30,78.30,65.40,84.62,78.64
76.64,76.64,64.21,84.48,79.17
75.83,75.83,64.03,84.20,78.13
75.81,75.81,61.93,83.88,77.73
75.46,75.46,62.28,84.07,78.68
76.07,76.07,61.32,84.57,79.08
74.84,74.84,61.92,85.25,78.51
70.12,70.12,61.61,86.02,78.24
69.76,69.76,62.10,85.57,77.93
69.86,69.86,62.91,86.95,77.73
65.87,65.87,61.30,86.45,78.12
57.74,57.74,60.26,87.45,78.70
54.52,54.52,60.46,86.41,79.19
52.74,52.74,60.50,87.10,78.55
49.46,49.46,61.27,86.53,77.40
46.56,46.56,61.54,86.98,77.49
48.26,48.26,60.33,86.34,77.59
51.35,51.35,58.65,86.24,77.82
59.61,59.61,58.42,85.96,77.56
70.06,70.06,58.10,86.41,77.13
81.25,81.25,55.09,86.83,77.11
80.24,80.24,56.36,86.11,77.65
77.89,77.89,56.15,86.86,77.32
77.68,77.68,57.19,86.29,77.55
74.13,74.13,56.07,87.44,78.23
74.05,74.05,56.16,86.58,77.97
74.94,74.94,56.43,87.34,78.21
73.68,73.68,55.96,86.99,77.82
75.31,75.31,54.97,87.35,76.54
75.29,75.29,53.47,87.00,76.34
75.24,75.24,54.46,86.78,76.89
75.29,75.29,53.32,86.24,76.00
74.58,74.58,52.79,86.80,76.71
73.98,73.98,51.65,86.36,76.91
74.48,74.48,51.08,86.69,77.71
73.51,73.51,50.52,87.14,77.84
73.29,73.29,50.73,87.20,76.42
74.93,74.93,48.05,87.46,76.31
75.63,75.63,49.11,87.46,77.61
76.55,76.55,49.14,87.55,78.75
75.88,75.88,48.56,87.53,76.50
72.88,72.88,49.23,87.43,76.36
71.67,71.67,47.67,87.60,76.49
72.52,72.52,47.70,87.28,77.51
72.86,72.86,49.07,87.31,77.14
69.94,69.94,48.20,86.97,78.46
70.00,70.00,47.84,86.38,77.87
68.83,68.83,48.77,86.71,77.84
68.54,68.54,49.46,86.43,77.93
69.46,69.46,47.87,86.65,77.18
67.28,67.28,47.85,86.99,77.26
66.01,66.01,49.35,87.13,77.19
64.86,64.86,50.92,86.94,77.61
62.69,62.69,53.59,87.37,77.16
63.58,63.58,50.23,87.19,77.79
62.04,62.04,51.18,87.45,77.57
61.98,61.98,50.91,86.78,77.81
61.13,61.13,49.85,87.26,77.96
59.71,59.71,48.57,86.78,78.87
58.45,58.45,47.42,86.72,77.68
58.00,58.00,47.47,86.48,77.89
56.28,56.28,46.16,86.01,77.41
52.48,52.48,47.07,86.55,79.23
47.32,47.32,46.49,86.45,78.48
45.66,45.66,46.11,86.46,79.17
44.24,44.24,45.25,86.22,78.44
44.53,44.53,44.82,86.56,78.66
45.31,45.31,43.81,86.39,78.55
44.09,44.09,44.38,86.70,77.81
40.44,40.44,43.22,86.02,78.49
38.79,38.79,39.20,86.63,77.88
37.29,37.29,38.19,86.11,78.01
35.84,35.84,38.04,86.57,77.66
39.01,39.01,40.15,85.87,76.84
47.18,47.18,46.28,86.09,78.91
50.33,50.33,47.34,85.80,78.15
51.25,51.25,47.00,85.36,76.34
51.09,51.09,48.31,86.04,76.21
46.31,46.31,45.35,85.71,77.77
40.07,40.07,42.53,86.05,78.50
33.20,33.20,42.03,85.84,78.73
31.74,31.74,42.98,86.17,78.51
35.80,35.80,41.11,85.51,78.57
44.06,44.06,39.22,85.96,78.32
53.30,53.30,36.56,85.53,78.29
70.94,70.94,35.61,86.08,78.04
76.37,76.37,40.93,85.29,78.00
76.06,76.06,42.04,85.38,76.99
74.00,74.00,40.44,85.19,75.76
72.72,72.72,41.30,85.41,75.39
67.99,67.99,35.88,85.12,76.10
55.10,55.10,33.40,84.90,77.60
47.58,47.58,39.81,85.13,77.84
42.79,42.79,34.48,85.29,76.88
43.75,43.75,31.04,85.55,75.76
45.99,45.99,23.46,84.69,76.07
63.59,63.59,34.04,85.10,77.51
69.72,69.72,39.30,84.55,76.98
73.20,73.20,44.15,85.19,75.67
71.92,71.92,45.11,83.77,74.64
78.62,78.62,46.80,84.54,75.75
79.39,79.39,44.18,83.83,76.81
79.77,79.77,36.89,84.14,77.41
72.16,72.16,34.73,82.84,76.63
67.63,67.63,35.96,83.06,76.04
69.98,69.98,29.91,82.49,75.97
71.93,71.93,28.37,83.02,75.32
70.14,70.14,30.07,83.57,74.20
71.57,71.57,29.91,82.81,74.30
68.72,68.72,29.85,84.08,75.52
66.59,66.59,31.09,83.68,76.22
62.00,62.00,36.66,84.43,74.21
65.10,65.10,46.64,83.80,74.92
73.10,73.10,56.90,83.64,74.04
80.06,80.06,57.32,84.46,75.31
80.78,80.78,51.29,84.01,75.05
80.89,80.89,49.53,83.78,70.91
80.35,80.35,41.00,83.37,71.35
79.30,79.30,39.79,83.11,69.60
80.48,80.48,41.93,83.74,62.68
78.67,78.67,37.94,84.16,60.90
79.63,79.63,37.54,84.43,61.85
79.57,79.57,35.69,84.50,61.60
77.88,77.88,31.19,84.70,66.34
75.86,75.86,37.48,84.76,69.70
76.41,76.41,36.83,85.10,71.60
76.37,76.37,33.85,84.75,71.74
76.56,76.56,34.33,85.24,72.32
75.53,75.53,31.57,84.82,73.22
76.84,76.84,36.99,85.11,73.30
76.85,76.85,32.90,84.71,71.90
76.05,76.05,35.33,85.05,70.93
75.03,75.03,37.62,85.50,70.73
76.11,76.11,31.79,85.25,70.69
75.90,75.90,29.21,85.47,71.07
70.86,70.86,33.24,85.02,71.69
72.15,72.15,26.69,85.79,72.22
75.57,75.57,32.89,85.25,71.46
78.49,78.49,35.90,85.85,70.32
77.52,77.52,39.03,85.16,69.49
76.95,76.95,36.89,85.70,68.70
77.68,77.68,34.74,85.16,67.86
77.25,77.25,33.92,85.05,67.02
76.47,76.47,33.88,84.75,65.67
77.67,77.67,35.02,84.99,65.13
78.46,78.46,31.19,85.61,65.79
78.09,78.09,28.97,85.17,66.19
77.00,77.00,32.63,85.66,66.07
75.75,75.75,28.70,84.89,63.78
74.97,74.97,32.05,85.98,62.12
74.01,74.01,37.64,85.41,61.63
76.78,76.78,39.62,85.74,58.35
78.02,78.02,38.32,84.77,54.58
79.84,79.84,38.49,85.48,57.10
79.06,79.06,40.41,84.88,56.78
79.46,79.46,31.62,84.47,53.89
79.24,79.24,24.98,84.39,58.25
78.56,78.56,23.67,84.59,58.18
79.11,79.11,25.21,85.03,55.43
77.11,77.11,23.39,84.55,57.43
75.99,75.99,24.38,85.18,57.69
76.54,76.54,24.98,84.49,62.79
75.22,75.22,24.62,85.11,61.17
68.04,68.04,21.65,84.23,59.02
69.23,69.23,23.37,84.72,59.21
74.44,74.44,25.94,84.71,55.84
75.83,75.83,25.83,85.29,54.92
75.55,75.55,25.64,84.67,55.81
75.37,75.37,24.64,84.76,58.16
75.49,75.49,23.83,86.07,58.55
75.37,75.37,22.46,85.19,63.15
75.12,75.12,22.81,85.59,64.27
75.51,75.51,23.06,84.24,62.66
75.27,75.27,22.29,85.98,65.37
76.27,76.27,22.56,85.67,59.50
76.36,76.36,22.16,83.75,57.48
75.20,75.20,22.03,84.08,54.83
75.16,75.16,23.13,84.52,56.46
78.43,78.43,23.07,79.22,65.15
77.32,77.32,25.56,82.11,68.35
76.28,76.28,22.87,76.57,68.48
77.46,77.46,22.88,76.29,68.89
77.31,77.31,21.41,77.20,68.80
77.35,77.35,21.07,78.56,68.21
78.63,78.63,21.31,76.98,67.78
79.44,79.44,20.69,77.10,67.21
78.98,78.98,20.00,76.26,67.45
76.04,76.04,20.14,78.53,68.09
75.93,75.93,20.48,77.91,67.32
71.41,71.41,23.54,77.42,67.01
59.33,59.33,20.71,78.00,67.37
59.25,59.25,17.54,78.07,66.45
56.66,56.66,18.32,76.49,66.38
59.45,59.45,16.65,78.44,66.56
69.06,69.06,23.61,80.19,65.55
76.48,76.48,37.84,78.39,65.95
74.23,74.23,32.02,79.31,66.78
74.04,74.04,26.53,78.78,65.98
72.46,72.46,20.68,78.31,65.59
68.55,68.55,22.60,74.59,65.54
65.25,65.25,21.78,77.32,63.63
71.19,71.19,19.52,78.35,63.44
80.62,80.62,21.23,77.22,63.19
81.72,81.72,21.77,77.72,63.35
80.90,80.90,19.27,78.01,61.75
78.82,78.82,18.73,76.77,60.92
76.50,76.50,19.80,75.66,61.63
77.89,77.89,22.65,78.20,62.30
77.91,77.91,27.93,78.35,63.25
78.30,78.30,31.74,76.79,63.71
77.42,77.42,35.45,77.58,62.47
77.26,77.26,30.08,78.01,63.17
76.75,76.75,26.80,76.42,63.16
76.74,76.74,20.98,75.97,62.94
76.69,76.69,20.04,78.13,63.32
77.20,77.20,19.51,77.87,63.17
76.32,76.32,22.01,75.52,62.64
77.18,77.18,21.63,77.54,63.02
74.24,74.24,21.87,77.04,63.16
68.50,68.50,20.69,75.95,63.12
63.06,63.06,24.62,75.68,63.09
64.09,64.09,25.32,78.25,61.60
65.30,65.30,33.29,77.48,62.60
64.27,64.27,29.27,75.90,62.97
64.07,64.07,25.18,79.00,62.29
64.55,64.55,28.26,78.73,62.15
65.42,65.42,30.10,77.47,60.75
65.11,65.11,32.88,78.47,61.06
63.23,63.23,36.04,79.51,61.05
73.73,73.73,36.98,78.33,60.31
81.38,81.38,33.66,77.89,60.13
79.83,79.83,29.09,79.41,59.25
81.93,81.93,21.49,78.21,59.95
80.05,80.05,19.84,76.71,59.98
76.99,76.99,17.42,78.59,59.83
77.75,77.75,13.46,78.79,60.40
78.04,78.04,13.82,77.36,61.39
79.39,79.39,15.06,77.72,61.31
78.26,78.26,15.10,78.89,60.90
76.10,76.10,15.22,77.49,60.69
75.07,75.07,15.56,76.50,61.38
74.60,74.60,15.49,78.71,59.73
75.28,75.28,15.12,77.88,59.47
75.78,75.78,12.24,76.33,59.31
77.41,77.41,10.90,78.04,57.40
75.24,75.24,12.94,77.94,57.16
75.72,75.72,13.02,76.59,56.32
76.68,76.68,16.60,76.40,55.98
75.95,75.95,18.02,78.19,54.60
74.47,74.47,22.42,76.73,56.52
75.03,75.03,24.41,76.13,56.39
75.29,75.29,25.49,78.47,57.25
75.54,75.54,28.65,77.98,58.33
75.29,75.29,29.39,76.23,57.40
74.60,74.60,32.07,78.71,57.50
74.62,74.62,35.78,79.18,59.29
73.57,73.57,34.97,77.79,60.27
72.97,72.97,38.37,78.54,59.30
72.31,72.31,38.02,79.78,58.23
71.85,71.85,38.59,79.40,58.69
69.79,69.79,40.00,78.05,58.75
67.81,67.81,38.22,80.59,57.03
67.33,67.33,34.75,80.85,56.72
68.70,68.70,35.42,80.06,56.61
67.63,67.63,33.71,80.97,54.28
68.63,68.63,34.70,81.20,54.20
67.46,67.46,30.85,81.02,53.19
67.88,67.88,28.99,80.12,51.91
65.81,65.81,27.98,81.68,52.83
65.35,65.35,26.16,81.20,54.00
65.69,65.69,24.82,80.35,54.21
66.81,66.81,24.35,81.64,55.21
67.92,67.92,24.18,81.21,55.86
68.84,68.84,24.78,80.92,55.35
67.89,67.89,25.35,80.78,55.69
64.90,64.90,29.26,81.59,57.46
61.27,61.27,27.46,81.20,57.18
52.04,52.04,19.93,80.37,55.74
50.03,50.03,17.85,81.57,56.28
60.47,60.47,24.32,81.08,55.25
67.99,67.99,24.46,80.18,54.71
69.56,69.56,26.05,81.36,53.19
71.37,71.37,25.01,81.06,52.20
70.94,70.94,24.24,79.80,52.52
70.69,70.69,24.68,80.73,51.40
72.21,72.21,23.92,80.48,50.66
73.28,73.28,25.16,80.52,53.29
70.74,70.74,26.22,79.86,51.38
73.21,73.21,28.46,80.54,52.55
75.52,75.52,27.31,80.48,50.35
74.52,74.52,27.64,79.16,51.13
71.47,71.47,26.08,80.65,49.98
67.96,67.96,27.30,80.36,49.20
61.10,61.10,30.97,79.59,51.72
54.50,54.50,33.58,80.81,50.38
53.21,53.21,32.61,81.00,50.09
61.03,61.03,35.48,80.23,51.78
68.83,68.83,37.78,80.77,50.45
74.68,74.68,44.96,80.93,51.20
74.62,74.62,47.90,80.55,49.09
76.15,76.15,48.34,79.56,47.41
74.05,74.05,48.56,80.73,45.99
74.89,74.89,45.36,80.39,43.30
72.58,72.58,41.13,79.16,44.07
69.29,69.29,31.88,80.46,45.44
69.63,69.63,30.92,80.57,46.29
72.15,72.15,26.66,79.85,48.30
71.43,71.43,26.14,80.39,47.98
76.62,76.62,28.74,80.62,48.71
78.12,78.12,33.40,80.30,50.60
78.76,78.76,36.67,79.43,50.65
77.37,77.37,38.03,80.07,49.72
76.29,76.29,37.41,80.13,50.25
77.81,77.81,36.60,79.04,49.86
76.10,76.10,37.66,80.27,50.51
73.01,73.01,31.61,80.28,50.34
73.65,73.65,26.54,79.09,50.55
75.34,75.34,26.55,80.08,51.54
75.42,75.42,27.18,80.10,52.21
73.41,73.41,31.96,80.01,50.90
67.53,67.53,32.18,78.98,48.64
65.43,65.43,35.48,80.18,50.64
58.66,58.66,39.20,80.37,50.23
56.97,56.97,40.71,79.36,49.65
56.06,56.06,38.66,80.53,49.37
62.90,62.90,37.75,80.64,49.69
69.47,69.47,52.42,79.47,49.49
79.28,79.28,60.38,80.01,49.29
81.06,81.06,56.86,79.97,48.18
78.98,78.98,53.64,79.33,47.65
78.07,78.07,43.84,78.47,49.15
75.45,75.45,36.16,79.21,49.47
69.85,69.85,30.93,79.22,50.25
71.29,71.29,30.87,77.67,49.29
70.82,70.82,31.08,79.06,49.28
72.50,72.50,28.51,79.81,49.03
73.02,73.02,34.42,78.46,48.47
73.24,73.24,35.54,79.43,49.01
71.41,71.41,35.02,79.70,49.57
61.38,61.38,28.76,79.49,50.08
56.57,56.57,24.44,78.36,52.24
51.62,51.62,32.02,79.84,49.68
79.15,79.15,52.30,80.47,51.76
81.17,81.17,56.11,77.90,51.76
81.09,81.09,55.13,78.87,51.13
79.77,79.77,54.88,78.83,48.88
79.33,79.33,53.22,77.45,47.81
79.70,79.70,55.12,77.43,46.99
77.45,77.45,54.78,78.27,47.43
78.09,78.09,51.23,77.89,48.05
78.02,78.02,50.80,76.99,49.56
80.57,80.57,48.55,77.90,50.31
81.80,81.80,47.77,77.89,49.80
81.39,81.39,45.02,75.95,48.09
78.77,78.77,44.40,77.22,47.55
78.50,78.50,45.03,78.09,46.32
79.52,79.52,39.68,76.21,46.39
76.99,76.99,37.34,77.14,42.95
77.78,77.78,36.03,77.87,40.09
77.46,77.46,31.75,77.37,41.39
77.81,77.81,27.95,75.67,41.38
80.36,80.36,25.44,77.69,39.16
81.09,81.09,24.43,78.13,38.32
79.24,79.24,22.60,75.81,39.73
78.61,78.61,26.34,77.55,41.80
78.22,78.22,26.68,77.99,43.66
75.99,75.99,24.51,76.41,44.81
76.55,76.55,23.88,76.90,45.29
78.64,78.64,25.22,78.29,43.61
80.55,80.55,25.74,76.94,45.87
72.76,72.76,25.67,76.11,46.22
74.32,74.32,26.84,77.72,46.31
78.20,78.20,25.98,77.51,45.54
80.62,80.62,23.93,75.60,46.37
79.21,79.21,24.54,77.50,45.59
79.68,79.68,29.00,77.35,43.72
78.55,78.55,28.47,75.31,39.61
78.47,78.47,30.17,76.64,38.80
78.91,78.91,29.92,77.28,44.49
79.09,79.09,30.76,76.59,42.73
78.35,78.35,31.03,75.57,33.27
78.02,78.02,33.74,77.13,31.74
78.87,78.87,37.49,76.88,39.84
78.54,78.54,39.28,75.18,34.40
78.67,78.67,37.78,77.48,33.65
77.77,77.77,34.65,77.00,31.95
69.10,69.10,33.20,75.87,34.95
66.36,66.36,31.42,76.99,33.28
63.18,63.18,34.32,76.78,33.39
62.55,62.55,33.04,76.32,35.07
63.48,63.48,31.34,75.58,40.69
62.15,62.15,26.59,77.23,48.93
59.57,59.57,23.81,77.17,55.49
57.13,57.13,19.92,77.82,61.79
58.96,58.96,18.70,79.42,66.12
71.70,71.70,25.66,78.81,67.23
74.77,74.77,34.58,77.79,64.95
77.92,77.92,29.94,75.79,62.09
81.26,81.26,22.57,77.65,58.98
78.85,78.85,26.89,77.57,58.51
79.07,79.07,30.14,76.77,58.87
79.12,79.12,30.41,76.47,58.98
78.58,78.58,28.60,76.34,58.70
79.53,79.53,27.53,75.47,59.87
76.67,76.67,25.87,72.40,61.67
77.41,77.41,28.13,73.56,62.01
80.52,80.52,28.72,75.87,61.89
80.92,80.92,27.31,74.25,60.98
81.70,81.70,26.11,71.35,60.67
80.36,80.36,22.47,73.99,60.87
78.64,78.64,20.97,73.48,61.68
75.21,75.21,25.57,72.45,61.44
75.35,75.35,24.84,71.51,58.12
74.74,74.74,22.75,71.45,60.78
74.13,74.13,24.48,72.12,60.92
76.08,76.08,23.14,69.00,60.32
75.69,75.69,22.63,72.41,60.95
75.67,75.67,22.88,71.02,60.44
78.65,78.65,23.46,71.56,59.64
78.52,78.52,25.16,73.71,58.25
77.49,77.49,28.89,70.01,57.37
77.14,77.14,29.05,73.94,56.18
73.08,73.08,29.62,73.40,55.05
68.77,68.77,35.93,75.44,57.01
76.32,76.32,46.08,76.37,55.62
76.41,76.41,43.21,77.58,55.40
77.88,77.88,37.79,78.48,54.76
75.09,75.09,32.64,76.49,52.27
75.36,75.36,29.52,79.22,50.73
77.62,77.62,27.14,77.89,49.10
78.57,78.57,27.03,78.08,50.72
78.94,78.94,26.59,77.89,52.30
80.08,80.08,26.42,78.23,53.95
79.66,79.66,24.74,78.72,55.07
78.48,78.48,24.61,73.07,56.59
71.63,71.63,27.22,77.17,56.26
73.88,73.88,32.77,75.00,56.37
77.01,77.01,33.76,73.25,54.98
78.05,78.05,31.87,75.46,55.61
78.08,78.08,29.60,74.10,54.00
77.33,77.33,29.35,75.65,54.16
75.54,75.54,29.30,72.09,55.30
75.23,75.23,31.12,76.01,54.07
73.75,73.75,27.74,75.52,54.94
72.50,72.50,26.24,70.94,54.28
71.77,71.77,26.47,77.59,54.36
71.18,71.18,31.04,76.19,54.99
70.27,70.27,34.83,77.34,55.83
70.50,70.50,37.48,77.12,55.71
69.11,69.11,39.46,78.06,55.97
72.33,72.33,43.54,79.53,56.61
77.24,77.24,45.29,75.59,58.72
81.14,81.14,35.89,79.71,59.45
80.51,80.51,30.78,77.77,58.17
81.72,81.72,27.84,77.81,57.89
79.43,79.43,30.12,78.32,59.23
78.48,78.48,30.34,77.52,59.41
78.84,78.84,26.82,79.31,59.17
78.05,78.05,25.99,78.23,60.24
78.10,78.10,30.63,78.88,60.50
78.86,78.86,34.32,78.75,58.27
79.50,79.50,32.74,78.38,59.61
79.52,79.52,30.53,79.19,59.72
79.26,79.26,27.38,77.32,58.63
78.55,78.55,25.75,78.99,59.60
78.40,78.40,23.63,78.79,59.94
77.96,77.96,24.59,77.38,59.85
78.80,78.80,26.12,79.52,58.68
79.44,79.44,27.09,78.08,59.74
78.91,78.91,27.21,79.02,59.30
79.35,79.35,27.78,77.31,58.52
78.90,78.90,27.96,78.97,58.43
77.92,77.92,27.86,79.03,58.96
78.56,78.56,33.20,77.01,57.70
78.72,78.72,33.43,79.84,57.60
78.87,78.87,32.30,78.07,56.92
80.78,80.78,30.47,78.79,56.64
81.50,81.50,29.43,77.70,56.79
80.74,80.74,29.28,78.52,57.36
79.63,79.63,29.23,78.67,56.15
77.99,77.99,28.02,76.19,56.18
79.54,79.54,30.19,79.20,54.82
78.76,78.76,26.61,77.54,55.15
79.54,79.54,25.04,77.35,53.92
79.38,79.38,27.89,78.04,54.53
79.28,79.28,28.16,77.24,53.16
79.86,79.86,33.88,78.46,53.65
79.12,79.12,36.52,75.56,53.40
78.13,78.13,35.17,77.82,52.15
78.72,78.72,31.08,77.61,53.02
78.87,78.87,33.81,76.09,51.28
78.28,78.28,35.92,78.47,54.54
78.17,78.17,35.51,77.12,52.95
78.59,78.59,30.32,79.86,51.22
79.21,79.21,34.36,77.56,51.76
77.93,77.93,40.52,79.07,49.09
78.32,78.32,52.98,77.49,45.52
75.89,75.89,59.97,77.99,47.68
70.82,70.82,69.82,73.58,49.83
68.48,68.48,75.28,74.71,46.18
74.38,74.38,72.35,72.76,51.22
77.96,77.96,70.46,73.65,56.59
74.21,74.21,74.06,75.93,59.02
77.64,77.64,71.16,74.78,58.51
77.90,77.90,70.62,72.28,59.99
79.18,79.18,72.87,72.68,60.71
80.35,80.35,71.66,74.33,60.88
80.06,80.06,73.20,73.14,60.46
79.02,79.02,72.78,77.30,61.40
77.75,77.75,70.87,73.50,61.84
72.04,72.04,74.01,73.35,62.49
64.52,64.52,70.84,73.44,62.77
65.92,65.92,72.10,73.66,63.26
63.70,63.70,76.50,79.20,60.25
67.25,67.25,69.50,76.10,60.50
69.40,69.40,70.99,73.74,59.89
74.16,74.16,73.60,77.28,61.35
75.93,75.93,69.68,71.57,61.81
73.91,73.91,67.44,71.90,62.28
74.67,74.67,62.50,71.74,63.50
72.57,72.57,63.12,68.82,62.04
72.96,72.96,67.15,70.86,61.86
71.69,71.69,71.30,75.58,62.59
70.98,70.98,70.33,69.25,59.76
69.04,69.04,72.53,73.15,56.21
68.17,68.17,79.53,73.82,56.83
70.07,70.07,76.35,72.30,59.76
71.04,71.04,72.57,75.33,59.67
71.39,71.39,73.68,69.91,60.24
70.06,70.06,73.31,74.26,60.38
71.20,71.20,76.66,71.20,59.64
73.33,73.33,76.59,74.36,59.04
74.28,74.28,79.38,78.90,59.23
74.49,74.49,75.73,76.26,59.09
74.54,74.54,75.77,74.98,59.34
73.87,73.87,73.59,74.22,60.48
74.46,74.46,69.60,66.26,59.99
74.41,74.41,69.37,58.32,57.45
74.72,74.72,78.76,64.03,56.57
70.13,70.13,80.42,74.42,57.75
68.61,68.61,80.18,74.82,58.61
68.06,68.06,80.35,76.05,57.73
67.32,67.32,78.55,73.85,58.97
67.90,67.90,81.00,74.67,59.99
64.80,64.80,77.02,74.16,61.04
62.39,62.39,79.08,77.44,61.88
62.70,62.70,77.66,77.03,61.69
62.60,62.60,76.16,73.36,60.91
66.35,66.35,73.93,66.62,60.07
65.21,65.21,72.38,66.08,60.22
64.15,64.15,72.61,68.82,57.16
67.58,67.58,73.85,70.37,53.32
67.16,67.16,82.52,73.87,51.62
66.18,66.18,86.58,75.31,51.50
66.61,66.61,80.91,74.50,51.52
65.00,65.00,83.34,74.34,54.13
71.71,71.71,80.99,73.58,51.53
74.92,74.92,81.66,74.08,52.84
75.92,75.92,80.52,75.03,57.91
76.61,76.61,78.48,75.62,59.39
77.33,77.33,75.51,73.52,58.17
75.75,75.75,74.64,71.64,57.38
75.93,75.93,74.41,69.73,59.43
74.88,74.88,72.76,67.92,59.41
75.16,75.16,73.74,66.12,57.50
74.66,74.66,81.18,69.37,55.56
74.07,74.07,82.87,70.76,52.40
73.80,73.80,83.64,68.29,55.09
73.08,73.08,82.78,68.63,56.18
74.61,74.61,79.23,67.67,57.33
75.53,75.53,80.60,65.92,58.46
76.76,76.76,81.75,69.03,58.52
74.85,74.85,81.59,70.55,56.13
74.17,74.17,78.99,67.92,57.11
76.88,76.88,77.66,67.06,55.06
73.59,73.59,76.06,63.46,55.07
70.39,70.39,76.79,64.02,54.32
64.59,64.59,74.13,59.81,54.63
55.95,55.95,76.55,64.97,54.12
60.01,60.01,86.99,73.71,52.60
58.34,58.34,86.77,67.68,50.17
61.01,61.01,72.00,58.63,48.89
73.22,73.22,75.61,65.13,51.98
79.20,79.20,78.40,65.58,51.15
78.19,78.19,72.65,63.28,52.62
78.96,78.96,70.97,64.06,51.26
76.33,76.33,73.07,62.50,54.61
76.40,76.40,72.84,67.79,55.00
78.91,78.91,72.59,69.32,51.27
78.22,78.22,73.85,67.35,52.02
77.79,77.79,77.36,71.93,53.66
79.11,79.11,76.87,72.99,55.54
76.22,76.22,85.83,72.73,52.50
72.87,72.87,88.86,72.24,48.04
74.09,74.09,81.83,67.96,45.99
74.79,74.79,84.16,59.70,47.78
74.72,74.72,82.76,66.54,46.45
75.46,75.46,74.77,60.89,49.25
71.94,71.94,77.94,61.90,49.62
69.73,69.73,74.93,63.40,50.00
70.92,70.92,68.83,65.34,50.25
71.75,71.75,77.29,67.07,50.03
70.79,70.79,74.06,66.05,52.56
72.11,72.11,72.33,64.13,48.28
72.18,72.18,73.45,64.70,48.91
70.75,70.75,72.93,60.52,49.59
69.92,69.92,87.49,72.32,60.33
72.72,72.72,87.03,70.37,60.83
73.48,73.48,88.18,66.27,65.21
74.00,74.00,79.42,69.64,66.59
73.88,73.88,83.13,73.16,68.10
73.09,73.09,74.42,70.73,68.91
74.54,74.54,82.40,71.62,69.87
76.29,76.29,81.27,71.25,71.20
76.44,76.44,78.77,73.05,67.93
74.63,74.63,77.11,73.34,69.98
75.62,75.62,77.18,74.68,70.01
77.85,77.85,75.88,71.74,67.85
77.68,77.68,73.68,68.54,65.80
78.30,78.30,83.11,71.31,68.00
73.53,73.53,87.18,71.40,65.62
77.55,77.55,83.89,72.12,66.41
78.96,78.96,79.62,75.18,67.45
79.33,79.33,80.46,77.70,69.39
79.12,79.12,82.65,78.23,69.02
79.41,79.41,81.38,79.91,70.54
77.08,77.08,84.56,79.36,70.32
74.25,74.25,81.26,78.49,69.92
76.31,76.31,81.63,77.89,70.40
76.43,76.43,82.45,78.25,70.68
76.38,76.38,81.01,78.84,70.16
74.65,74.65,81.58,77.91,70.26
73.00,73.00,80.85,74.83,67.68
71.12,71.12,89.14,77.75,66.16
75.03,75.03,80.50,75.31,66.54
80.03,80.03,76.56,71.37,66.93
79.39,79.39,77.64,69.96,69.26
79.37,79.37,78.42,67.75,67.95
78.11,78.11,80.01,63.60,71.88
76.83,76.83,91.16,68.27,67.55
77.26,77.26,86.21,67.40,68.33
75.22,75.22,86.76,68.12,69.63
78.95,78.95,82.71,67.97,70.51
77.70,77.70,78.01,72.35,68.49
76.91,76.91,77.62,72.59,68.88
78.06,78.06,78.32,69.41,69.49
76.00,76.00,90.63,67.23,70.09
74.51,74.51,84.81,60.89,67.91
72.65,72.65,80.24,62.96,68.44
75.91,75.91,82.20,67.99,72.40
76.78,76.78,82.62,65.29,73.02
75.70,75.70,78.72,68.72,70.46
75.49,75.49,80.76,67.22,67.72
74.74,74.74,87.70,69.98,70.49
76.59,76.59,81.88,72.40,68.18
75.66,75.66,77.62,71.32,69.29
73.49,73.49,79.82,69.66,69.74
66.68,66.68,75.40,73.57,71.12
61.23,61.23,83.88,76.54,72.85
57.02,57.02,88.36,78.52,69.79
59.17,59.17,81.32,76.37,70.78
64.95,64.95,84.66,71.20,71.10
73.69,73.69,85.63,65.30,69.15
78.10,78.10,81.93,66.85,72.48
76.53,76.53,81.20,72.26,72.89
76.27,76.27,80.73,73.04,74.14
75.27,75.27,81.08,70.20,72.45
75.85,75.85,72.88,66.52,73.85
74.04,74.04,77.68,66.93,73.67
77.63,77.63,80.08,69.21,73.16
77.03,77.03,79.15,67.67,73.44
77.82,77.82,78.65,69.66,73.00
76.16,76.16,88.54,71.36,72.48
74.95,74.95,89.35,66.24,69.54
75.58,75.58,84.48,63.29,71.42
74.73,74.73,82.84,62.59,71.03
73.04,73.04,76.19,64.67,71.56
72.03,72.03,81.23,69.62,73.19
72.31,72.31,74.70,66.85,72.09
74.84,74.84,86.63,66.75,71.81
73.71,73.71,89.71,65.64,73.02
74.52,74.52,87.48,65.18,71.59
72.62,72.62,86.10,65.50,71.97
72.24,72.24,81.63,62.90,73.97
73.15,73.15,74.44,62.23,72.96
75.11,75.11,75.99,66.19,72.56
73.34,73.34,87.70,71.54,71.58
71.29,71.29,84.74,71.91,72.34
65.55,65.55,83.30,67.37,70.77
68.13,68.13,77.84,69.85,73.13
72.25,72.25,77.66,74.30,74.57
77.38,77.38,79.97,75.30,72.85
78.86,78.86,81.61,72.59,71.45
77.13,77.13,86.75,72.31,72.13
76.95,76.95,85.02,74.40,72.07
76.74,76.74,80.38,74.43,71.40
76.41,76.41,80.75,75.44,72.27
78.42,78.42,77.53,74.20,72.95
78.49,78.49,76.91,71.32,72.70
76.76,76.76,81.41,69.41,72.64
76.15,76.15,88.81,67.82,70.48
73.40,73.40,85.91,64.03,71.27
74.11,74.11,84.06,66.86,72.29
71.42,71.42,83.33,67.81,73.46
71.51,71.51,74.79,69.37,73.11
73.16,73.16,72.21,70.10,72.54
74.95,74.95,77.88,71.38,73.31
78.16,78.16,79.10,70.84,72.14
78.77,78.77,76.15,70.56,72.95
73.41,73.41,80.69,70.64,74.54
78.03,78.03,79.46,67.11,73.64
72.46,72.46,78.24,68.70,73.14
64.38,64.38,83.26,66.87,72.23
63.41,63.41,83.18,69.42,72.20
64.47,64.47,88.74,74.47,70.28
66.54,66.54,84.17,73.20,71.84
73.00,73.00,82.35,75.62,72.95
76.20,76.20,80.20,75.48,71.21
76.41,76.41,84.14,72.76,71.99
76.06,76.06,78.41,67.55,74.07
74.87,74.87,84.09,67.96,73.75
73.49,73.49,89.54,68.26,70.17
72.94,72.94,87.27,67.54,70.98
74.37,74.37,84.82,67.88,71.96
74.94,74.94,79.08,68.79,72.26
74.34,74.34,78.45,69.06,71.93
75.01,75.01,84.78,69.37,71.25
74.28,74.28,89.01,68.93,69.69
76.11,76.11,86.13,63.35,70.93
76.07,76.07,85.04,64.24,72.26
75.57,75.57,78.25,64.87,72.07
75.62,75.62,77.92,64.11,72.43
76.79,76.79,82.03,68.53,71.88
76.92,76.92,79.42,71.65,73.17
76.91,76.91,78.43,71.68,74.51
75.70,75.70,80.67,72.51,76.20
76.45,76.45,76.93,71.31,73.52
77.92,77.92,71.95,68.03,73.23
78.16,78.16,75.07,66.14,73.78
80.41,80.41,77.90,68.16,74.60
76.72,76.72,90.46,70.66,71.76
70.61,70.61,85.31,70.10,71.28
61.81,61.81,80.35,70.46,71.46
61.33,61.33,78.85,67.38,73.20
58.53,58.53,76.43,65.71,74.92
57.83,57.83,75.24,63.17,75.34
53.12,53.12,69.86,64.85,74.29
56.14,56.14,75.57,63.68,75.80
57.89,57.89,74.01,67.09,74.62
58.74,58.74,76.45,67.68,73.56
56.18,56.18,80.23,68.91,74.69
56.34,56.34,78.96,67.26,73.69
58.05,58.05,84.29,64.71,73.94
62.03,62.03,80.19,59.74,73.72
68.80,68.80,87.36,70.64,73.73
77.07,77.07,87.88,70.02,70.43
79.56,79.56,85.31,65.77,70.72
77.97,77.97,80.47,64.16,72.37
75.71,75.71,75.79,60.17,73.13
76.29,76.29,74.47,65.69,73.03
75.89,75.89,76.46,69.32,74.08
76.83,76.83,73.24,71.04,73.75
77.10,77.10,81.16,72.57,71.46
76.12,76.12,77.77,70.23,71.14
77.85,77.85,82.10,68.67,72.29
76.98,76.98,74.38,71.27,72.07
76.75,76.75,70.81,70.94,70.91
75.89,75.89,75.37,70.12,71.64
76.79,76.79,73.20,69.66,70.92
75.87,75.87,72.56,68.93,71.84
69.50,69.50,74.25,71.89,71.14
63.28,63.28,76.35,72.18,65.93
60.02,60.02,75.43,69.47,61.41
58.83,58.83,68.09,62.13,60.23
56.76,56.76,61.09,55.72,57.96
53.98,53.98,68.57,65.27,57.17
53.49,53.49,83.72,66.26,58.11
53.57,53.57,79.64,61.73,57.40
48.94,48.94,72.69,57.14,55.67
44.60,44.60,78.42,61.02,54.55
46.89,46.89,71.31,56.32,54.78
58.80,58.80,91.56,71.06,69.42
61.56,61.56,89.75,72.12,66.44
72.57,72.57,81.84,69.49,71.70
75.61,75.61,84.34,70.89,71.56
75.88,75.88,89.02,74.19,71.52
78.40,78.40,83.07,77.31,73.00
79.69,79.69,80.65,77.93,73.18
78.97,78.97,86.59,77.05,75.45
74.84,74.84,80.32,76.61,72.81
73.60,73.60,78.58,77.73,74.27
69.43,69.43,74.90,78.42,74.95
63.59,63.59,78.68,77.02,74.27
62.34,62.34,82.05,77.32,74.18
63.31,63.31,82.35,78.98,74.49
64.68,64.68,90.02,77.98,73.51
66.39,66.39,86.02,74.50,74.07
72.76,72.76,79.90,76.40,74.64
79.16,79.16,85.24,75.95,75.13
79.07,79.07,85.86,72.36,75.92
79.48,79.48,80.58,71.26,74.18
81.10,81.10,77.65,69.06,75.98
79.81,79.81,73.94,67.52,74.80
77.21,77.21,77.44,72.60,73.90
74.98,74.98,81.45,77.32,73.52
76.42,76.42,77.21,79.19,74.19
77.64,77.64,75.61,80.40,74.12
78.57,78.57,74.96,80.21,74.38
78.48,78.48,77.70,76.83,73.95
79.43,79.43,76.63,78.69,73.28
79.68,79.68,76.33,77.74,73.25
80.70,80.70,79.10,76.74,72.25
85.28,85.28,82.29,77.10,73.77
83.64,83.64,79.20,75.04,74.41
80.13,80.13,72.22,80.58,73.91
72.71,72.71,78.58,83.22,73.98
65.42,65.42,75.30,80.80,73.87
63.63,63.63,74.13,78.23,73.97
61.96,61.96,73.32,81.61,74.60
62.09,62.09,72.62,84.86,74.02
57.16,57.16,79.26,83.98,73.01
54.94,54.94,82.01,85.27,73.38
59.53,59.53,86.95,86.83,75.40
69.85,69.85,85.33,83.44,74.75
77.69,77.69,85.89,77.88,75.67
75.41,75.41,79.97,81.58,74.96
72.39,72.39,78.78,79.53,73.57
74.77,74.77,81.26,77.41,73.57
77.47,77.47,79.02,82.24,72.12
78.23,78.23,77.90,84.87,74.42
78.69,78.69,79.28,83.65,75.13
77.41,77.41,77.41,83.48,73.11
78.32,78.32,76.60,82.78,76.04
77.44,77.44,75.87,78.94,74.72
77.85,77.85,75.80,73.32,74.82
78.11,78.11,77.78,73.34,75.01
77.52,77.52,76.79,83.63,76.32
76.34,76.34,75.51,76.93,76.09
74.06,74.06,76.40,76.81,75.94
74.80,74.80,77.06,81.62,74.99
73.56,73.56,75.29,74.28,75.15
68.32,68.32,74.87,81.57,75.39
69.36,69.36,75.74,81.70,76.55
71.10,71.10,75.62,84.46,76.78
70.57,70.57,74.39,86.26,76.06
70.30,70.30,75.42,84.51,74.21
67.59,67.59,74.26,83.54,74.86
68.32,68.32,75.28,86.84,74.47
68.70,68.70,79.61,86.86,74.04
72.29,72.29,85.44,84.64,74.84
75.04,75.04,80.60,83.56,74.94
74.59,74.59,77.72,84.31,74.68
74.84,74.84,76.24,82.47,75.02
75.07,75.07,76.76,85.54,75.39
73.52,73.52,75.55,85.31,74.86
78.78,78.78,75.59,86.46,74.65
76.30,76.30,73.97,85.21,73.66
76.65,76.65,74.81,82.03,76.54
77.70,77.70,72.97,83.97,74.96
76.30,76.30,73.23,85.19,76.10
79.57,79.57,72.36,84.71,75.06
78.29,78.29,77.91,84.58,74.93
74.62,74.62,87.63,84.68,72.22
76.92,76.92,86.61,80.20,73.27
77.14,77.14,84.66,75.17,74.35
76.04,76.04,78.65,74.06,74.36
78.66,78.66,77.38,80.69,74.44
81.56,81.56,73.01,82.30,74.59
81.97,81.97,71.47,82.49,76.05
79.90,79.90,70.86,76.37,75.53
79.67,79.67,70.49,77.72,75.57
76.84,76.84,72.41,81.77,75.40
75.65,75.65,70.40,80.13,74.16
76.37,76.37,72.75,82.37,74.03
75.77,75.77,78.80,84.43,76.35
71.47,71.47,89.15,84.52,73.39
76.09,76.09,78.41,81.55,72.77
81.75,81.75,77.85,80.74,73.01
81.01,81.01,76.11,80.48,73.85
78.97,78.97,75.32,79.51,74.89
82.12,82.12,75.52,76.37,75.13
78.98,78.98,76.73,77.42,75.43
81.72,81.72,76.19,81.85,76.55
80.54,80.54,73.68,83.85,75.04
75.58,75.58,72.01,83.26,76.65
82.36,82.36,71.13,84.35,76.15
83.06,83.06,73.12,82.66,75.30
80.24,80.24,78.34,78.58,75.58
73.72,73.72,88.25,80.15,74.29
75.25,75.25,80.00,71.31,76.26
76.81,76.81,75.68,76.99,77.79
80.98,80.98,75.32,80.98,77.37
82.54,82.54,74.80,80.59,76.93
82.12,82.12,77.64,81.05,76.41
79.60,79.60,75.90,82.92,76.73
82.58,82.58,73.87,84.52,76.76
78.51,78.51,69.85,82.61,75.47
78.52,78.52,70.39,83.62,77.53
79.98,79.98,70.10,85.55,76.20
82.96,82.96,70.78,86.36,76.40
78.28,78.28,70.18,85.03,75.23
78.03,78.03,74.63,83.44,74.52
74.06,74.06,87.41,82.77,74.21
70.01,70.01,79.69,75.97,73.36
71.87,71.87,77.33,78.17,73.39
71.34,71.34,75.09,80.17,74.05
73.68,73.68,74.93,81.85,74.76
71.91,71.91,74.20,82.48,75.06
72.68,72.68,73.14,83.09,75.33
65.53,65.53,74.73,82.37,75.05
69.04,69.04,73.68,75.52,75.11
59.92,59.92,73.64,78.43,75.32
61.61,61.61,73.63,81.87,76.33
62.14,62.14,76.67,80.89,75.45
59.15,59.15,88.27,84.08,73.37
55.47,55.47,86.09,79.00,73.51
48.78,48.78,87.43,77.41,73.52
50.00,50.00,83.92,77.89,75.11
53.08,53.08,77.33,80.65,74.73
52.85,52.85,79.82,83.20,75.44
48.66,48.66,74.80,83.61,74.96
48.10,48.10,72.45,84.99,76.21
50.05,50.05,71.57,83.98,77.57
47.95,47.95,73.55,82.47,77.03
45.95,45.95,71.43,84.87,76.84
43.27,43.27,71.22,85.47,76.24
41.13,41.13,72.20,85.49,75.98
41.68,41.68,76.63,82.45,75.39
40.76,40.76,87.07,81.44,75.08
35.77,35.77,80.36,79.63,72.54
37.54,37.54,78.59,78.35,76.53
35.52,35.52,76.58,83.70,77.40
36.88,36.88,76.90,83.11,76.66
40.37,40.37,75.07,84.69,76.58
40.70,40.70,77.29,85.06,76.17
41.89,41.89,76.16,85.41,76.15
40.33,40.33,74.60,86.04,76.00
35.73,35.73,73.67,86.13,76.12
34.35,34.35,72.92,86.76,76.72
35.05,35.05,71.16,87.00,76.27
44.51,44.51,71.62,87.45,74.57
59.07,59.07,79.63,88.13,75.22
65.24,65.24,86.05,86.57,72.47
65.15,65.15,82.99,81.11,74.70
66.82,66.82,81.63,76.19,72.97
73.40,73.40,81.43,81.69,73.96
71.81,71.81,78.23,82.95,75.47
72.15,72.15,76.09,84.04,77.24
70.08,70.08,76.71,84.04,77.83
68.76,68.76,73.20,84.37,75.80
66.49,66.49,72.29,85.51,76.99
66.77,66.77,71.01,84.66,75.64
61.66,61.66,70.29,84.31,76.44
59.59,59.59,72.44,85.22,74.93
61.12,61.12,74.85,85.44,73.56
60.87,60.87,84.08,80.99,75.50
60.30,60.30,85.79,82.46,72.67
61.49,61.49,78.52,80.56,73.77
69.59,69.59,76.37,80.10,75.56
68.64,68.64,74.89,84.75,77.64
71.34,71.34,71.72,83.21,77.31
70.49,70.49,71.76,84.07,77.35
72.47,72.47,72.38,80.60,77.34
69.30,69.30,71.89,79.65,77.37
63.50,63.50,71.67,83.19,76.90
58.20,58.20,72.63,81.53,73.95
53.99,53.99,73.30,80.28,75.47
54.77,54.77,77.06,76.72,76.63
58.68,58.68,91.25,82.27,74.16
64.46,64.46,83.23,73.45,74.12
71.29,71.29,87.32,77.22,75.95
70.83,70.83,79.04,80.06,76.47
71.78,71.78,75.99,77.06,75.91
72.05,72.05,75.71,74.88,76.53
74.97,74.97,73.20,76.25,75.87
74.68,74.68,77.86,79.81,75.29
78.88,78.88,83.90,74.00,77.28
77.51,77.51,79.49,75.28,75.54
79.78,79.78,72.41,82.27,76.50
75.92,75.92,69.14,82.35,75.86
77.83,77.83,72.56,82.57,75.98
81.58,81.58,76.74,82.50,76.85
79.56,79.56,87.91,83.75,73.52
83.32,83.32,79.36,81.14,72.75
82.65,82.65,77.40,81.64,72.49
78.45,78.45,75.41,83.82,73.13
80.11,80.11,74.31,83.67,73.23
83.32,83.32,75.18,83.38,71.89
82.35,82.35,75.62,83.18,71.46
83.13,83.13,74.29,79.15,72.69
81.80,81.80,75.49,72.55,74.90
83.49,83.49,74.36,74.40,74.28
84.82,84.82,72.23,76.36,72.93
86.35,86.35,73.41,74.33,72.94
85.20,85.20,77.12,72.73,72.51
77.21,77.21,88.65,76.38,74.75
79.96,79.96,78.32,66.09,72.57
81.90,81.90,77.42,73.97,73.09
84.72,84.72,78.57,75.49,74.12
83.12,83.12,74.63,76.34,74.01
80.84,80.84,75.31,81.71,73.49
82.04,82.04,79.78,80.19,73.37
82.45,82.45,74.43,79.30,73.84
81.19,81.19,69.55,79.42,72.25
78.12,78.12,69.90,81.70,74.39
72.57,72.57,68.25,82.67,74.76
72.73,72.73,67.90,82.11,74.87
69.74,69.74,68.78,82.85,74.19
68.96,68.96,70.74,84.01,74.05
71.06,71.06,74.73,84.33,72.79
63.56,63.56,86.03,83.91,73.58
71.30,71.30,81.52,73.44,75.48
74.78,74.78,78.63,81.22,74.48
77.69,77.69,74.45,82.73,75.94
79.62,79.62,72.11,82.81,74.62
79.64,79.64,72.68,81.20,74.68
79.33,79.33,71.73,79.97,75.20
78.42,78.42,72.52,74.04,77.21
79.49,79.49,71.70,84.16,75.59
81.15,81.15,70.05,84.78,74.94
79.22,79.22,70.85,83.40,75.75
78.23,78.23,77.91,82.22,74.30
74.48,74.48,83.78,78.77,74.33
69.47,69.47,85.94,77.88,70.92
69.26,69.26,86.36,67.30,73.92
72.32,72.32,85.80,69.78,74.32
76.66,76.66,76.55,76.88,74.51
78.20,78.20,78.37,81.39,74.57
76.90,76.90,75.48,82.61,75.00
78.95,78.95,72.65,84.00,75.80
77.64,77.64,72.20,86.12,76.52
75.86,75.86,69.45,87.02,75.19
76.30,76.30,69.47,87.90,74.12
76.02,76.02,67.23,86.43,73.89
76.61,76.61,71.65,86.90,72.63
76.14,76.14,79.25,83.60,72.62
65.92,65.92,90.20,82.03,72.93
69.51,69.51,84.94,78.72,72.81
71.68,71.68,83.47,80.76,74.26
78.84,78.84,82.70,81.13,73.56
80.99,80.99,78.15,80.82,75.82
75.59,75.59,75.68,81.05,75.44
77.00,77.00,78.12,81.32,75.76
77.34,77.34,75.23,82.05,76.50
76.17,76.17,72.32,82.57,76.50
77.21,77.21,72.76,83.14,76.22
79.42,79.42,71.69,84.21,77.95
80.60,80.60,72.32,84.75,77.76
81.07,81.07,74.77,83.01,77.17
81.14,81.14,84.01,76.92,74.84
79.37,79.37,88.18,70.20,76.43
77.52,77.52,75.61,76.31,76.91
74.98,74.98,73.66,81.45,76.64
73.21,73.21,77.23,82.12,75.57
72.99,72.99,73.95,81.44,76.12
72.76,72.76,75.82,82.65,75.01
72.87,72.87,77.56,83.45,73.89
72.96,72.96,73.91,83.57,75.76
74.90,74.90,71.36,84.15,75.63
74.81,74.81,70.44,84.72,75.27
74.96,74.96,69.90,85.24,76.67
74.88,74.88,69.28,85.51,77.08
73.33,73.33,72.80,85.64,75.80
71.63,71.63,87.67,84.41,72.08
70.17,70.17,79.43,75.80,74.91
67.95,67.95,77.35,82.01,75.13
71.23,71.23,75.23,85.31,75.36
73.81,73.81,73.59,85.26,74.11
72.23,72.23,72.86,85.95,74.48
72.01,72.01,72.22,83.58,76.18
75.38,75.38,71.82,71.01,75.98
74.53,74.53,71.66,85.26,75.48
74.83,74.83,71.22,83.16,75.57
72.23,72.23,70.25,84.31,74.88
73.50,73.50,71.19,84.45,75.14
74.35,74.35,75.57,85.76,76.09
73.44,73.44,83.47,85.98,74.08
73.17,73.17,75.55,81.86,76.35
75.44,75.44,77.56,74.43,76.30
74.97,74.97,73.05,82.62,74.68
72.05,72.05,72.63,84.71,75.45
71.27,71.27,73.32,84.34,76.33
72.84,72.84,71.72,82.38,75.95
74.90,74.90,70.26,75.30,76.38
71.23,71.23,71.69,81.68,75.92
71.03,71.03,71.05,86.10,75.94
72.99,72.99,70.88,85.86,75.48
67.66,67.66,69.39,86.33,74.59
64.37,64.37,69.89,85.87,75.55
68.58,68.58,75.39,85.20,74.22
67.12,67.12,87.22,84.66,74.34
76.17,76.17,84.98,83.49,73.30
80.67,80.67,78.72,83.06,74.71
77.80,77.80,73.63,83.86,76.05
75.97,75.97,76.13,85.56,75.43
75.57,75.57,75.80,84.09,75.94
79.26,79.26,75.79,79.08,76.01
81.70,81.70,73.74,76.87,74.47
81.79,81.79,72.09,82.63,73.90
79.45,79.45,71.43,84.73,74.58
77.92,77.92,71.22,84.47,75.72
76.94,76.94,71.51,83.82,75.31
79.53,79.53,70.10,83.33,74.45
78.52,78.52,78.50,83.85,74.72
76.84,76.84,88.64,84.03,72.29
81.51,81.51,83.09,81.21,73.06
76.28,76.28,75.31,81.66,74.92
79.54,79.54,76.47,81.46,76.73
81.30,81.30,75.38,82.46,77.18
80.94,80.94,74.68,83.60,77.65
80.83,80.83,74.83,84.58,77.59
80.68,80.68,70.70,84.16,78.31
81.76,81.76,68.52,84.52,75.69
82.08,82.08,67.29,85.39,75.58
81.27,81.27,67.65,85.78,77.34
80.65,80.65,68.82,86.24,77.22
79.25,79.25,74.43,85.31,76.11
77.86,77.86,86.90,84.58,76.03
79.80,79.80,77.59,79.67,75.88
80.85,80.85,75.80,80.27,76.77
79.73,79.73,73.58,83.61,76.57
78.66,78.66,72.31,83.72,76.61
77.01,77.01,72.75,85.43,76.81
73.58,73.58,71.48,82.39,76.81
78.12,78.12,72.18,79.15,76.00
82.03,82.03,72.16,82.66,73.91
78.67,78.67,70.02,85.25,72.71
74.94,74.94,71.50,83.80,74.20
76.09,76.09,71.78,83.42,73.40
74.91,74.91,77.00,84.70,72.67
71.90,71.90,80.66,85.94,73.08
72.46,72.46,77.89,81.72,73.31
73.86,73.86,81.27,78.89,76.01
72.35,72.35,75.13,81.07,75.03
71.47,71.47,74.47,84.68,75.33
67.11,67.11,70.65,85.41,75.40
65.26,65.26,70.30,84.86,74.73
60.07,60.07,70.22,82.49,73.72
56.64,56.64,69.76,83.64,74.55
62.86,62.86,68.63,82.65,75.98
59.74,59.74,68.71,82.77,77.67
57.95,57.95,68.31,83.35,76.36
56.60,56.60,70.55,83.27,76.87
55.01,55.01,74.43,82.39,77.07
51.14,51.14,88.89,81.30,74.47
45.11,45.11,86.44,67.50,73.65
45.31,45.31,82.94,81.19,75.77
44.85,44.85,74.35,83.00,75.48
40.79,40.79,78.17,83.14,76.48
39.98,39.98,74.53,84.28,76.70
38.63,38.63,75.19,84.23,75.96
39.73,39.73,76.21,83.80,75.81
42.86,42.86,73.38,84.17,75.33
42.49,42.49,71.75,84.63,74.34
47.06,47.06,70.15,85.02,74.63
50.62,50.62,70.72,84.49,74.97
60.68,60.68,73.98,83.13,74.90
72.84,72.84,78.96,81.05,76.58
74.93,74.93,90.37,77.74,71.50
77.35,77.35,80.11,74.44,72.89
76.78,76.78,73.89,82.38,74.64
74.49,74.49,77.63,81.51,75.17
77.35,77.35,75.37,81.96,75.35
76.80,76.80,74.76,82.73,75.34
76.03,76.03,74.52,82.52,75.46
68.62,68.62,71.08,82.13,75.55
65.67,65.67,71.16,82.32,75.81
59.17,59.17,67.68,83.16,76.46
53.74,53.74,67.48,83.68,75.73
51.50,51.50,68.89,84.04,73.64
61.62,61.62,77.03,80.24,75.41
66.26,66.26,87.64,76.43,75.04
74.39,74.39,79.66,71.41,74.75
73.93,73.93,76.71,82.21,76.16
73.68,73.68,73.82,82.71,77.48
74.01,74.01,72.41,83.89,76.09
75.21,75.21,71.59,82.55,77.39
75.64,75.64,70.89,75.69,77.39
72.28,72.28,71.73,71.06,76.75
67.64,67.64,70.77,80.34,77.86
65.26,65.26,70.06,79.04,77.34
56.57,56.57,71.02,78.96,77.52
55.05,55.05,71.53,79.36,78.89
53.52,53.52,81.03,78.89,77.38
53.33,53.33,89.71,80.76,73.52
58.54,58.54,85.40,72.60,72.21
65.43,65.43,83.22,74.36,74.06
79.35,79.35,74.11,81.79,74.55
83.33,83.33,79.47,83.47,74.72
79.18,79.18,72.65,84.23,73.53
81.51,81.51,69.34,84.89,74.70
80.09,80.09,70.76,74.05,75.10
80.32,80.32,69.59,79.02,75.18
81.32,81.32,66.73,83.77,75.32
81.46,81.46,66.69,84.67,76.31
76.70,76.70,68.05,84.89,77.00
76.41,76.41,70.78,84.47,76.52
73.12,73.12,81.94,81.41,77.66
74.12,74.12,89.58,74.72,73.60
72.36,72.36,85.60,79.88,74.35
69.67,69.67,79.59,84.29,73.71
72.81,72.81,74.41,84.71,73.43
71.73,71.73,74.54,84.65,73.55
77.19,77.19,75.38,84.14,73.58
74.63,74.63,74.56,80.77,75.83
77.71,77.71,75.01,74.50,75.57
76.56,76.56,73.35,84.71,76.93
74.53,74.53,70.03,83.42,77.60
73.77,73.77,68.98,83.85,77.99
73.23,73.23,69.75,83.09,76.85
75.00,75.00,73.31,81.37,74.70
74.02,74.02,81.63,77.83,73.80
71.72,71.72,90.09,76.38,74.78
80.91,80.91,82.24,75.11,76.24
79.67,79.67,78.72,80.67,75.92
77.88,77.88,76.44,82.49,76.09
77.41,77.41,75.40,83.38,73.88
75.55,75.55,79.25,82.43,73.98
75.11,75.11,88.23,80.84,73.81
76.87,76.87,79.43,81.04,72.08
75.98,75.98,75.44,82.29,72.93
74.27,74.27,73.24,82.33,74.41
73.53,73.53,73.83,81.62,75.13
73.47,73.47,76.77,78.62,75.07
72.66,72.66,86.94,76.37,75.22
69.70,69.70,89.85,75.68,73.22
73.10,73.10,86.95,78.54,74.27
74.39,74.39,80.20,79.48,74.86
68.68,68.68,82.43,80.03,74.63
71.92,71.92,77.15,78.23,73.66
72.88,72.88,78.34,68.59,76.87
67.60,67.60,84.86,66.20,74.92
66.55,66.55,81.00,73.73,76.31
69.97,69.97,75.21,81.89,74.45
72.82,72.82,74.00,82.06,76.17
75.01,75.01,70.37,81.72,74.56
76.22,76.22,71.48,81.12,72.72
72.61,72.61,85.38,80.04,72.78
70.75,70.75,82.94,75.21,74.60
71.02,71.02,79.94,72.84,75.29
70.66,70.66,80.60,80.40,75.80
68.28,68.28,77.42,80.74,73.71
66.95,66.95,71.63,82.33,71.02
70.68,70.68,76.61,82.19,72.88
68.51,68.51,86.62,78.21,73.40
69.76,69.76,82.00,75.26,73.63
71.50,71.50,75.21,77.72,73.02
73.26,73.26,70.37,77.80,72.23
74.16,74.16,72.03,79.50,72.01
72.63,72.63,73.28,79.69,73.68
70.03,70.03,82.17,70.00,73.58
63.01,63.01,91.31,75.19,70.87
60.01,60.01,85.54,71.26,71.57
57.83,57.83,85.07,75.61,73.24
67.15,67.15,81.79,68.75,73.78
77.31,77.31,79.12,71.99,75.72
73.18,73.18,79.83,73.04,75.24
66.99,66.99,74.16,76.41,75.26
71.50,71.50,74.09,76.40,75.93
74.10,74.10,72.87,74.28,75.40
73.48,73.48,73.63,77.07,74.53
74.25,74.25,72.13,77.08,75.02
71.63,71.63,72.43,73.32,74.50
71.90,71.90,76.51,73.97,75.30
65.31,65.31,87.36,73.23,74.71
61.22,61.22,87.02,72.23,71.36
62.04,62.04,81.09,67.41,74.10
71.61,71.61,84.43,72.01,74.22
74.73,74.73,83.54,75.23,74.68
75.91,75.91,75.97,69.51,72.77
70.88,70.88,75.38,78.40,74.42
68.81,68.81,72.86,79.37,73.45
69.54,69.54,71.18,74.09,74.32
72.52,72.52,70.41,76.90,73.62
74.66,74.66,68.68,78.51,74.50
75.82,75.82,69.77,79.70,74.76
71.25,71.25,70.10,78.04,75.08
64.20,64.20,71.83,81.18,72.64
62.05,62.05,85.69,78.84,74.79
56.20,56.20,82.76,82.89,73.07
54.24,54.24,79.86,78.44,75.14
57.12,57.12,74.40,81.51,77.10
56.92,56.92,74.15,83.45,75.83
57.88,57.88,72.99,83.68,76.54
60.98,60.98,74.06,81.97,76.18
61.05,61.05,71.21,81.12,76.52
65.80,65.80,70.50,79.20,77.49
68.49,68.49,70.49,72.55,77.49
70.94,70.94,70.01,78.90,76.87
70.29,70.29,71.62,77.34,76.21
69.91,69.91,76.33,77.98,77.68
57.78,57.78,93.10,77.47,71.71
54.70,54.70,87.96,75.27,74.92
50.64,50.64,84.60,66.10,74.00
57.58,57.58,82.17,74.74,74.27
69.53,69.53,77.03,72.30,73.87
72.31,72.31,75.41,73.81,74.32
76.50,76.50,73.46,71.17,76.41
81.20,81.20,71.80,74.22,75.74
80.99,80.99,69.90,77.07,75.43
81.77,81.77,69.86,77.29,76.12
77.38,77.38,68.33,78.08,75.15
78.06,78.06,68.68,78.28,73.89
78.36,78.36,69.41,79.96,75.36
80.75,80.75,72.07,75.60,75.54
78.23,78.23,88.42,81.63,73.29
78.95,78.95,82.00,78.91,73.63
79.14,79.14,75.42,72.97,72.66
78.99,78.99,75.60,76.23,73.96
77.27,77.27,77.02,79.06,73.34
78.75,78.75,74.77,79.60,74.20
79.13,79.13,76.95,78.81,74.51
78.38,78.38,74.40,77.87,74.84
68.07,68.07,72.30,79.58,74.23
60.97,60.97,71.58,76.82,76.67
59.83,59.83,70.77,76.85,75.81
57.17,57.17,71.78,79.04,75.27
57.78,57.78,73.48,80.13,75.76
56.76,56.76,86.49,82.06,74.00
56.41,56.41,88.03,79.49,71.56
61.04,61.04,80.03,73.56,74.33
66.81,66.81,75.91,73.43,76.77
76.56,76.56,76.77,74.59,75.95
75.43,75.43,77.42,78.05,73.77
77.96,77.96,75.03,75.42,74.50
81.22,81.22,75.98,78.54,74.46
79.27,79.27,70.64,76.66,74.57
79.19,79.19,69.01,75.24,75.06
79.54,79.54,68.30,75.95,74.66
80.30,80.30,68.23,75.84,73.76
80.56,80.56,69.44,76.95,73.80
82.76,82.76,71.24,77.07,72.53
81.67,81.67,88.46,75.77,74.65
74.47,74.47,80.61,76.31,74.09
75.70,75.70,77.75,73.30,75.73
79.18,79.18,74.00,80.48,75.87
79.92,79.92,73.27,80.24,74.02
78.28,78.28,73.08,77.64,75.25
70.22,70.22,73.69,80.49,75.19
60.36,60.36,71.85,82.19,76.60
54.83,54.83,73.16,82.78,75.19
50.90,50.90,72.61,83.29,77.19
46.98,46.98,70.80,83.71,76.46
49.77,49.77,74.35,79.96,76.30
48.90,48.90,88.02,73.68,75.93
48.22,48.22,89.62,70.94,73.67
57.94,57.94,82.29,70.79,73.95
68.74,68.74,84.48,79.07,72.31
74.95,74.95,78.27,74.33,75.44
74.97,74.97,74.80,73.27,74.12
75.78,75.78,74.72,74.56,75.40
75.93,75.93,74.17,72.67,76.87
68.73,68.73,73.42,73.92,78.44
62.59,62.59,71.49,80.46,76.39
61.16,61.16,70.78,80.07,76.94
57.61,57.61,69.64,74.07,76.73
48.01,48.01,69.60,75.50,76.44
48.15,48.15,74.87,78.50,78.05
51.29,51.29,79.08,68.21,76.82
55.57,55.57,90.11,70.23,74.23
63.38,63.38,87.63,67.45,74.41
71.90,71.90,82.53,69.53,75.93
74.68,74.68,82.28,69.11,76.01
74.93,74.93,80.51,71.35,78.23
74.83,74.83,77.02,70.65,78.00
73.89,73.89,75.24,69.51,75.82
72.69,72.69,72.72,74.46,75.45
73.73,73.73,72.28,75.89,76.64
73.62,73.62,72.72,76.84,76.46
76.74,76.74,72.63,77.87,77.16
81.77,81.77,72.84,78.98,78.91
82.23,82.23,71.70,73.68,79.52
79.74,79.74,82.01,67.86,79.01
73.11,73.11,90.60,71.39,74.31
75.24,75.24,81.38,70.34,73.06
72.24,72.24,76.54,70.83,74.17
70.42,70.42,74.12,74.75,75.35
67.82,67.82,74.74,74.25,75.53
65.87,65.87,76.78,75.37,75.60
61.17,61.17,75.25,77.19,75.26
60.64,60.64,74.80,76.36,76.65
58.45,58.45,71.58,75.89,74.91
60.75,60.75,71.89,74.38,75.99
64.42,64.42,70.87,76.70,75.48
61.85,61.85,73.76,76.88,75.57
63.15,63.15,87.72,76.18,76.14
60.47,60.47,82.64,74.44,75.98
63.89,63.89,79.88,79.26,75.72
68.68,68.68,75.27,81.45,76.90
73.22,73.22,74.18,79.75,76.90
74.55,74.55,73.46,81.56,77.33
75.87,75.87,72.59,76.97,76.55
74.69,74.69,71.53,70.67,74.54
71.12,71.12,72.57,77.78,75.14
68.85,68.85,71.37,81.24,76.52
68.31,68.31,71.51,80.05,77.35
65.54,65.54,70.92,81.23,77.70
62.48,62.48,71.37,79.36,76.81
60.63,60.63,78.64,80.42,76.23
53.27,53.27,90.87,74.69,71.72
57.10,57.10,85.20,70.72,73.52
57.39,57.39,85.11,79.79,75.22
51.52,51.52,77.93,79.11,75.60
50.13,50.13,77.63,77.39,76.60
51.02,51.02,72.61,75.01,77.12
54.37,54.37,72.85,77.15,76.79
60.16,60.16,74.36,77.59,78.59
66.87,66.87,74.13,78.80,77.31
70.89,70.89,69.09,77.26,77.85
72.24,72.24,67.60,78.73,77.65
72.85,72.85,67.23,78.81,77.63
70.72,70.72,68.47,78.02,75.34
68.60,68.60,74.27,76.69,75.71
64.02,64.02,91.71,76.31,73.17
64.64,64.64,79.45,73.55,72.94
68.69,68.69,78.36,74.44,73.93
75.63,75.63,78.26,75.84,75.24
73.90,73.90,75.93,76.10,76.35
77.02,77.02,75.97,74.44,74.86
76.82,76.82,75.10,69.84,75.64
73.70,73.70,76.26,75.59,77.29
73.69,73.69,72.20,78.08,78.64
74.18,74.18,69.77,79.52,77.07
74.50,74.50,68.90,79.19,78.30
77.11,77.11,68.60,78.12,76.02
76.29,76.29,72.49,74.32,75.41
74.35,74.35,83.91,70.60,74.86
75.35,75.35,81.45,71.52,76.32
74.66,74.66,83.68,78.19,75.35
70.13,70.13,78.28,78.18,76.37
74.49,74.49,75.51,77.23,77.08
76.03,76.03,74.46,76.51,76.17
75.76,75.76,81.42,77.60,76.75
74.06,74.06,87.77,75.72,75.27
73.95,73.95,84.27,74.16,74.42
75.22,75.22,75.92,76.06,73.88
75.94,75.94,72.45,77.08,73.94
74.61,74.61,72.74,77.92,74.48
72.00,72.00,74.27,76.58,74.41
68.08,68.08,85.55,78.12,74.52
64.57,64.57,86.59,65.82,74.33
73.88,73.88,84.41,70.04,73.40
75.75,75.75,78.94,72.41,74.90
74.24,74.24,77.14,71.20,75.80
81.42,81.42,73.50,67.78,76.01
80.11,80.11,81.09,68.19,75.75
79.36,79.36,85.28,73.46,74.64
80.55,80.55,79.07,78.71,74.82
79.89,79.89,70.25,81.20,74.37
77.75,77.75,69.00,80.85,75.77
78.72,78.72,66.35,80.81,74.17
79.70,79.70,68.72,80.74,75.54
80.04,80.04,80.80,82.20,75.41
76.38,76.38,83.55,80.21,74.56
75.21,75.21,77.58,78.33,75.19
77.14,77.14,69.83,83.31,75.68
77.04,77.04,69.29,81.79,75.44
72.96,72.96,74.13,77.35,75.19
67.94,67.94,89.53,77.81,75.59
67.30,67.30,80.26,72.93,74.59
60.41,60.41,77.25,78.92,76.24
59.34,59.34,72.01,74.88,74.79
63.56,63.56,71.70,77.50,74.89
61.70,61.70,73.49,75.90,75.68
64.00,64.00,80.40,74.90,75.96
61.71,61.71,90.71,74.48,70.97
73.21,73.21,82.79,71.00,76.30
80.77,80.77,81.89,73.54,78.52
76.04,76.04,87.41,78.80,74.66
76.71,76.71,83.24,68.66,75.93
77.05,77.05,81.02,70.00,76.62
78.35,78.35,75.81,69.69,76.87
76.80,76.80,74.14,70.64,75.96
76.45,76.45,75.74,75.89,75.60
79.70,79.70,74.73,77.54,75.61
80.19,80.19,75.63,78.78,74.89
80.21,80.21,75.04,76.97,76.63
81.76,81.76,78.78,77.60,75.83
81.62,81.62,80.37,72.72,75.95
77.38,77.38,90.73,76.49,74.38
72.17,72.17,84.36,78.24,74.04
74.32,74.32,81.45,69.13,75.20
76.82,76.82,83.01,74.02,75.95
80.21,80.21,82.17,78.76,77.30
81.42,81.42,72.53,81.67,75.96
81.70,81.70,81.55,80.15,74.20
80.64,80.64,76.54,77.47,75.19
81.05,81.05,78.94,80.64,76.68
79.69,79.69,75.44,80.36,74.39
79.13,79.13,71.50,77.59,75.60
83.35,83.35,76.92,77.25,74.97
80.79,80.79,74.99,77.01,74.55
80.52,80.52,71.53,77.61,73.36
79.37,79.37,86.02,72.99,75.96
76.05,76.05,80.37,72.61,74.19
75.25,75.25,77.77,79.09,74.62
76.24,76.24,73.61,76.51,75.28
83.35,83.35,74.47,78.94,76.48
82.51,82.51,72.69,80.46,76.83
80.64,80.64,70.55,79.49,75.69
77.44,77.44,72.64,80.35,75.67
76.34,76.34,71.51,79.31,75.24
80.93,80.93,71.03,79.39,76.31
82.50,82.50,69.77,76.15,76.26
81.38,81.38,69.40,76.26,76.38
84.89,84.89,72.30,77.51,77.33
83.18,83.18,77.67,72.73,77.18
78.93,78.93,87.05,71.46,76.05
78.07,78.07,79.19,72.30,75.24
79.92,79.92,76.17,74.39,76.47
75.75,75.75,73.89,81.48,77.73
78.97,78.97,73.75,80.37,74.94
73.61,73.61,71.08,82.76,75.40
63.66,63.66,71.59,81.66,76.31
61.59,61.59,70.81,78.64,77.25
59.14,59.14,70.46,82.15,76.25
55.66,55.66,69.44,79.52,76.55
56.10,56.10,69.77,73.49,76.75
57.92,57.92,71.90,66.64,76.36
60.09,60.09,77.68,65.64,77.37
63.66,63.66,90.53,73.11,74.13
64.16,64.16,84.71,67.82,73.53
75.10,75.10,85.60,66.92,74.34
79.15,79.15,83.29,66.81,76.27
76.95,76.95,84.01,68.99,77.23
77.87,77.87,82.69,70.05,77.32
76.65,76.65,79.68,69.42,77.44
78.22,78.22,79.74,69.15,76.34
77.73,77.73,75.54,76.03,74.84
75.30,75.30,75.04,73.94,75.00
80.45,80.45,73.52,72.38,74.92
82.15,82.15,77.42,71.68,75.65
81.53,81.53,78.94,64.64,74.76
79.78,79.78,86.33,66.75,76.53
79.55,79.55,84.39,65.56,74.18
77.80,77.80,82.70,70.38,75.05
79.77,79.77,79.00,65.96,75.88
81.28,81.28,83.08,69.00,74.92
80.20,80.20,84.90,68.51,75.01
81.36,81.36,80.32,68.78,75.51
76.05,76.05,78.10,70.78,74.08
83.61,83.61,74.89,73.93,74.39
81.30,81.30,70.17,72.39,74.20
76.93,76.93,74.25,74.82,74.41
79.85,79.85,79.76,75.59,74.13
80.22,80.22,79.75,76.03,73.92
78.88,78.88,86.63,70.50,76.71
81.75,81.75,84.07,74.97,75.06
80.80,80.80,81.32,69.92,74.40
81.08,81.08,75.88,73.37,75.81
78.48,78.48,76.12,76.50,75.87
79.43,79.43,72.89,75.56,77.14
82.07,82.07,73.93,74.64,77.62
78.38,78.38,74.15,68.97,77.31
78.69,78.69,73.93,68.30,77.21
79.94,79.94,72.03,70.31,74.95
81.49,81.49,73.16,74.37,78.50
85.00,85.00,73.33,73.06,78.10
84.78,84.78,73.93,74.41,78.28
84.22,84.22,77.18,74.01,77.10
77.61,77.61,87.42,78.45,74.20
76.42,76.42,82.62,71.71,77.15
80.42,80.42,83.06,69.63,74.34
82.98,82.98,81.42,75.66,74.54
81.07,81.07,73.88,77.19,75.28
76.08,76.08,77.77,77.61,75.29
71.60,71.60,72.89,76.86,73.40
61.20,61.20,71.74,71.88,75.41
64.59,64.59,73.43,79.32,73.74
59.06,59.06,73.77,81.73,75.81
59.84,59.84,74.76,84.24,75.65
55.68,55.68,73.08,79.45,78.04
57.66,57.66,76.07,77.74,76.19
57.52,57.52,83.92,80.33,77.55
53.53,53.53,90.07,83.18,70.86
60.96,60.96,84.57,80.66,73.95
74.22,74.22,76.83,74.68,73.86
76.38,76.38,78.34,68.11,75.87
79.16,79.16,79.45,80.54,74.51
76.41,76.41,74.35,80.79,74.69
78.83,78.83,75.60,84.86,75.58
79.78,79.78,77.24,85.00,74.86
76.96,76.96,75.29,83.60,75.72
79.48,79.48,73.04,84.74,74.29
80.91,80.91,81.69,85.08,74.16
78.46,78.46,81.14,83.92,73.74
74.43,74.43,88.03,79.57,74.15
74.59,74.59,89.05,79.43,73.23
74.73,74.73,84.28,81.93,74.00
72.19,72.19,78.84,77.16,74.96
71.56,71.56,77.88,76.72,73.36
75.27,75.27,77.50,80.96,75.16
71.04,71.04,78.85,82.82,74.44
73.95,73.95,78.99,84.91,76.06
70.63,70.63,81.38,85.06,75.60
65.50,65.50,72.73,82.85,77.60
64.70,64.70,81.60,82.84,75.29
59.15,59.15,86.46,83.51,73.41
60.23,60.23,83.89,83.77,74.83
59.27,59.27,88.93,82.49,75.83
57.63,57.63,83.87,81.55,74.36
55.30,55.30,78.67,81.60,74.07
52.09,52.09,76.31,78.14,73.81
53.59,53.59,76.81,73.66,75.33
50.07,50.07,73.76,85.90,75.57
50.12,50.12,73.57,85.14,76.63
49.46,49.46,71.25,84.59,74.78
47.35,47.35,71.61,85.13,76.25
48.68,48.68,73.79,85.50,75.40
47.78,47.78,74.50,86.04,75.71
45.39,45.39,77.21,85.61,75.79
45.54,45.54,76.71,86.22,76.18
42.05,42.05,89.03,86.43,72.07
41.17,41.17,87.71,83.80,71.43
49.12,49.12,88.01,82.81,72.08
57.86,57.86,82.53,71.39,72.99
72.18,72.18,75.89,76.98,73.81
77.12,77.12,73.04,82.29,75.49
70.54,70.54,77.15,82.05,76.08
68.65,68.65,73.85,82.96,75.66
68.24,68.24,72.71,84.58,74.17
76.43,76.43,72.86,82.62,74.68
79.78,79.78,74.95,82.62,75.51
82.44,82.44,73.43,82.57,75.08
82.26,82.26,69.43,83.48,74.81
81.30,81.30,68.56,82.78,75.80
80.70,80.70,70.88,82.43,74.53
78.37,78.37,79.90,80.87,75.40
75.43,75.43,88.16,78.82,74.59
70.25,70.25,81.58,76.17,72.61
71.93,71.93,74.54,76.39,74.63
75.39,75.39,74.72,80.99,74.59
79.06,79.06,78.20,82.38,75.14
79.19,79.19,75.49,83.34,73.10
77.42,77.42,73.67,81.82,73.17
77.83,77.83,78.03,78.51,75.59
75.25,75.25,73.97,79.62,75.69
76.77,76.77,73.63,84.72,75.22
78.88,78.88,70.93,84.20,75.63
77.35,77.35,70.95,85.56,75.59
76.00,76.00,74.23,84.97,74.48
73.33,73.33,87.79,84.11,74.91
70.60,70.60,85.63,79.11,74.58
71.20,71.20,80.19,77.35,76.74
75.10,75.10,78.69,82.04,76.71
74.38,74.38,74.28,82.56,74.84
76.33,76.33,76.64,82.80,76.02
73.54,73.54,88.17,81.57,74.92
74.78,74.78,85.50,81.90,73.93
73.58,73.58,81.04,76.47,74.73
73.65,73.65,75.10,75.41,75.26
74.36,74.36,71.00,83.06,75.21
71.15,71.15,73.45,83.48,74.79
72.43,72.43,82.51,80.06,76.53
66.56,66.56,89.78,78.99,72.71
67.19,67.19,87.02,80.14,74.21
73.86,73.86,86.17,76.19,74.94
80.99,80.99,79.80,68.81,74.61
84.99,84.99,78.47,78.61,73.88
79.69,79.69,76.23,78.73,72.98
76.56,76.56,88.85,78.47,75.12
77.66,77.66,87.21,77.91,71.31
77.17,77.17,86.98,75.51,71.35
75.61,75.61,77.47,75.10,73.44
77.80,77.80,76.23,79.55,72.87
80.95,80.95,81.14,82.01,74.06
83.57,83.57,76.04,80.32,72.88
84.22,84.22,79.16,76.81,74.82
75.84,75.84,90.87,79.97,69.82
76.53,76.53,83.42,78.82,71.38
77.76,77.76,80.73,76.93,72.62
76.26,76.26,81.79,75.37,72.90
75.35,75.35,78.08,76.65,71.72
75.11,75.11,85.19,79.14,74.86
71.94,71.94,80.17,79.26,74.45
71.99,71.99,82.03,76.25,74.80
70.10,70.10,76.38,75.87,75.94
62.26,62.26,82.59,74.22,75.27
62.03,62.03,78.47,70.90,75.03
66.51,66.51,78.80,73.55,74.95
67.75,67.75,79.72,72.14,74.04
59.92,59.92,88.11,75.84,73.63
64.43,64.43,78.40,67.95,74.78
72.51,72.51,83.58,72.67,74.64
78.25,78.25,83.15,75.84,76.76
81.97,81.97,79.76,75.65,77.33
80.60,80.60,77.90,77.06,79.50
77.97,77.97,76.51,77.94,78.60
75.22,75.22,79.71,80.27,76.85
78.15,78.15,74.15,82.62,79.76
77.23,77.23,77.66,82.95,80.89
75.61,75.61,77.31,82.38,80.45
74.45,74.45,78.28,82.68,80.07
74.25,74.25,76.60,80.36,79.98
74.68,74.68,78.37,71.36,81.10
70.60,70.60,87.60,75.74,79.89
74.11,74.11,82.42,72.06,78.90
78.08,78.08,79.39,75.55,79.73
74.76,74.76,72.83,79.11,79.42
76.97,76.97,75.30,81.36,81.24
75.52,75.52,76.17,81.96,82.03
75.12,75.12,70.78,80.90,82.90
78.09,78.09,71.91,79.38,80.84
75.07,75.07,71.11,81.31,81.53
72.84,72.84,71.77,83.48,81.36
72.19,72.19,69.61,83.07,81.92
73.69,73.69,70.71,82.06,82.84
74.88,74.88,77.82,80.64,81.19
72.80,72.80,85.30,83.34,77.76
72.69,72.69,81.68,80.49,79.50
75.80,75.80,77.11,78.87,80.44
74.92,74.92,76.59,72.91,81.75
76.47,76.47,72.67,77.47,81.29
79.39,79.39,71.99,78.28,80.42
78.78,78.78,72.85,77.36,79.88
80.50,80.50,72.04,74.66,81.48
74.81,74.81,72.05,77.85,83.63
78.91,78.91,71.54,72.07,83.29
76.95,76.95,72.15,78.55,81.43
83.28,83.28,75.56,77.03,79.90
85.91,85.91,77.50,71.79,78.74
78.82,78.82,87.17,78.21,77.02
82.78,82.78,82.97,71.70,77.81
77.91,77.91,85.32,78.25,76.64
75.04,75.04,76.56,80.51,78.11
76.71,76.71,78.54,80.11,79.40
77.87,77.87,73.69,77.42,78.70
77.96,77.96,70.64,80.40,78.17
78.26,78.26,69.28,81.79,79.86
79.71,79.71,70.13,82.24,80.28
78.71,78.71,69.61,82.43,79.71
75.58,75.58,68.13,83.05,80.43
77.29,77.29,70.63,83.00,80.49
76.54,76.54,73.59,82.05,80.17
74.34,74.34,84.33,83.50,79.58
70.97,70.97,89.24,83.93,75.55
74.83,74.83,82.33,81.30,78.48
77.48,77.48,78.93,77.57,77.69
76.02,76.02,77.12,74.64,79.13
72.50,72.50,80.97,79.94,78.69
74.68,74.68,80.10,81.36,79.28
78.81,78.81,80.44,81.46,80.27
75.65,75.65,77.57,82.46,80.96
73.41,73.41,72.12,84.76,78.20
76.16,76.16,80.32,85.10,79.87
79.30,79.30,78.13,83.92,78.15
77.15,77.15,76.15,82.66,77.42
76.55,76.55,77.63,82.65,79.22
74.58,74.58,79.02,83.75,77.93
74.16,74.16,87.34,83.75,76.62
72.47,72.47,78.40,83.13,79.45
74.74,74.74,80.49,81.99,78.97
78.77,78.77,77.80,81.93,79.57
84.44,84.44,78.26,82.01,79.14
86.65,86.65,81.24,78.68,78.66
85.25,85.25,73.84,79.27,79.25
82.77,82.77,79.50,82.42,77.55
82.83,82.83,71.42,83.59,78.17
84.54,84.54,75.47,82.71,79.26
83.21,83.21,77.09,82.31,79.12
78.73,78.73,79.96,83.77,77.90
76.16,76.16,77.03,81.77,78.07
72.55,72.55,87.25,78.39,77.74
76.05,76.05,79.31,78.37,77.84
80.41,80.41,79.10,77.82,79.88
80.93,80.93,79.41,75.15,81.24
79.22,79.22,79.62,80.55,79.64
77.38,77.38,75.71,81.60,78.85
74.81,74.81,74.62,81.75,81.27
70.78,70.78,71.26,81.42,79.82
70.36,70.36,73.63,80.49,80.65
72.71,72.71,72.38,80.10,79.12
75.60,75.60,73.89,79.44,80.69
71.35,71.35,75.53,77.61,81.58
71.45,71.45,76.11,77.27,81.94
70.43,70.43,85.78,81.53,79.60
71.27,71.27,88.20,79.24,76.98
72.82,72.82,88.63,78.11,77.47
73.03,73.03,82.49,77.47,77.98
71.80,71.80,78.68,77.32,81.25
74.96,74.96,77.74,80.10,81.33
72.93,72.93,73.87,81.83,79.34
73.42,73.42,86.74,78.78,79.47
77.80,77.80,77.97,79.74,76.01
80.15,80.15,76.89,80.53,79.35
81.13,81.13,70.68,83.18,78.62
80.56,80.56,70.46,81.77,77.97
79.44,79.44,70.04,83.10,80.51
76.07,76.07,69.50,83.62,79.29
75.97,75.97,79.37,85.13,77.95
76.64,76.64,83.52,85.10,78.23
78.11,78.11,74.15,81.64,78.02
77.50,77.50,74.62,78.94,80.63
76.66,76.66,72.59,76.84,80.84
74.67,74.67,73.27,81.56,80.48
75.28,75.28,74.87,79.55,81.22
76.54,76.54,74.70,79.82,81.96
78.35,78.35,70.81,80.19,81.59
78.46,78.46,70.16,81.48,80.65
74.45,74.45,70.82,81.38,81.86
74.30,74.30,69.93,79.64,81.52
72.79,72.79,69.43,76.92,80.92
70.39,70.39,79.34,76.47,80.65
69.44,69.44,89.23,74.63,76.11
75.41,75.41,82.94,68.82,78.80
78.92,78.92,83.80,69.66,77.18
78.18,78.18,78.95,80.63,77.08
82.34,82.34,79.52,80.90,78.06
76.45,76.45,72.42,79.93,79.90
73.58,73.58,76.90,82.02,78.05
78.88,78.88,69.61,83.93,80.79
76.21,76.21,66.91,84.09,83.11
80.50,80.50,66.03,83.55,79.01
82.68,82.68,65.47,83.84,80.76
84.09,84.09,67.29,83.69,78.62
80.63,80.63,74.27,83.35,77.27
75.82,75.82,86.39,82.27,75.79
74.51,74.51,77.63,81.56,78.66
73.06,73.06,73.85,73.83,78.67
74.95,74.95,70.91,79.60,79.08
78.51,78.51,69.62,84.28,80.58
76.76,76.76,67.95,83.86,80.50
80.00,80.00,68.98,84.90,80.95
80.20,80.20,69.98,84.76,80.00
81.77,81.77,68.93,83.11,79.79
81.92,81.92,69.46,84.14,77.75
83.25,83.25,68.85,82.90,80.67
83.21,83.21,71.24,81.58,79.42
80.77,80.77,77.55,80.80,80.55
75.06,75.06,81.04,76.61,79.99
74.92,74.92,78.16,79.36,80.52
74.97,74.97,75.01,75.94,84.50
72.15,72.15,73.62,70.18,82.47
74.70,74.70,74.79,72.76,82.25
73.80,73.80,69.80,72.95,81.14
74.45,74.45,71.55,80.32,80.33
73.93,73.93,71.11,81.72,78.85
76.24,76.24,73.57,81.58,81.44
76.99,76.99,73.15,81.47,80.39
77.28,77.28,71.21,82.56,81.06
77.50,77.50,70.70,81.43,81.33
76.54,76.54,72.19,80.07,79.42
76.84,76.84,79.61,72.63,80.63
73.64,73.64,87.26,75.30,77.58
73.10,73.10,79.29,68.28,77.91
76.43,76.43,85.20,76.69,80.78
77.80,77.80,81.10,78.66,80.79
76.01,76.01,76.50,79.92,81.12
80.03,80.03,75.66,80.93,80.94
80.77,80.77,73.67,82.26,80.58
77.97,77.97,74.07,81.37,80.35
77.97,77.97,76.20,81.48,80.68
78.33,78.33,77.50,76.77,81.66
78.46,78.46,72.94,80.19,81.66
76.96,76.96,73.41,80.15,82.51
78.20,78.20,80.00,76.29,81.49
74.01,74.01,89.93,79.23,75.81
75.65,75.65,81.40,74.68,79.17
74.08,74.08,81.83,72.58,77.30
78.95,78.95,77.84,73.89,79.94
79.63,79.63,76.32,76.88,80.80
77.36,77.36,79.81,77.81,79.25
75.39,75.39,86.74,78.47,78.46
75.66,75.66,86.27,78.07,78.90
72.77,72.77,85.47,80.20,78.34
72.27,72.27,79.26,80.77,80.03
78.10,78.10,73.09,79.76,79.84
80.13,80.13,72.12,78.92,78.91
81.04,81.04,75.86,79.30,78.58
79.98,79.98,86.91,79.74,78.60
82.36,82.36,75.71,76.71,79.63
78.23,78.23,78.81,74.22,79.99
78.81,78.81,75.94,76.51,79.85
74.45,74.45,80.22,79.65,79.61
75.65,75.65,79.62,82.69,80.74
77.68,77.68,80.22,82.41,81.01
77.53,77.53,80.29,81.79,79.57
77.43,77.43,74.44,81.62,79.60
79.21,79.21,73.67,81.65,79.04
82.95,82.95,71.83,82.53,78.37
83.05,83.05,74.38,80.81,77.73
80.79,80.79,78.64,79.30,77.65
77.60,77.60,83.48,74.81,78.94
77.20,77.20,82.42,74.82,79.30
79.36,79.36,78.03,76.13,82.37
79.54,79.54,78.92,75.93,82.04
77.35,77.35,81.29,77.88,79.54
76.43,76.43,79.47,76.05,80.70
79.59,79.59,79.18,77.27,80.67
77.51,77.51,84.72,78.59,77.82
76.65,76.65,78.58,79.90,78.58
77.16,77.16,82.30,80.50,77.52
78.48,78.48,75.70,77.81,77.15
73.36,73.36,75.64,76.53,77.92
76.96,76.96,74.34,78.12,78.12
72.25,72.25,88.30,79.50,75.42
73.87,73.87,86.08,74.62,75.87
74.61,74.61,82.62,69.72,77.02
71.72,71.72,82.63,69.49,77.70
76.18,76.18,76.84,70.82,80.46
81.22,81.22,78.40,69.06,80.48
81.19,81.19,77.17,67.55,79.95
77.69,77.69,75.04,67.77,78.45
78.60,78.60,76.26,70.01,79.59
79.09,79.09,75.82,70.64,78.68
77.10,77.10,75.71,68.34,79.12
79.97,79.97,74.30,69.20,79.46
80.96,80.96,76.91,67.80,79.96
83.17,83.17,77.61,71.23,80.61
84.15,84.15,76.11,70.46,79.72
83.71,83.71,76.39,69.88,78.46
81.84,81.84,74.45,74.11,79.58
82.50,82.50,70.70,69.97,79.42
82.76,82.76,70.89,72.09,79.45
81.73,81.73,73.59,73.36,79.94
80.38,80.38,70.68,71.79,80.26
78.60,78.60,71.20,71.51,80.80
77.89,77.89,72.16,71.35,82.32
78.69,78.69,69.72,74.55,84.43
76.52,76.52,68.79,73.68,82.59
77.55,77.55,71.84,74.72,82.03
79.56,79.56,70.18,74.69,81.73
74.03,74.03,84.41,74.99,80.40
77.36,77.36,82.90,73.86,80.47
83.36,83.36,77.92,68.95,80.72
81.12,81.12,71.94,72.58,80.87
80.78,80.78,71.18,71.50,79.84
80.51,80.51,69.99,76.97,77.84
79.97,79.97,69.77,79.08,77.56
77.97,77.97,68.26,76.21,77.74
78.76,78.76,68.75,76.62,78.26
79.93,79.93,69.47,72.27,76.86
81.21,81.21,69.44,75.23,78.65
80.37,80.37,68.54,72.71,77.26
82.12,82.12,71.46,71.53,78.72
80.38,80.38,78.35,64.11,77.57
75.74,75.74,86.34,69.37,76.74
78.36,78.36,83.60,71.72,78.34
79.31,79.31,75.21,71.97,79.86
79.42,79.42,78.31,73.26,79.94
75.87,75.87,71.89,74.80,79.83
78.00,78.00,72.43,76.98,82.50
79.51,79.51,67.70,74.26,83.23
81.71,81.71,70.66,75.47,80.74
81.42,81.42,70.09,77.36,79.29
80.38,80.38,70.03,79.20,78.42
81.81,81.81,69.57,75.60,79.63
82.35,82.35,67.35,75.40,78.07
79.89,79.89,69.44,76.09,80.96
78.13,78.13,83.43,77.59,78.82
75.75,75.75,80.09,70.40,81.18
78.42,78.42,80.56,70.11,79.00
78.99,78.99,84.24,68.08,77.21
79.89,79.89,85.68,71.56,77.76
79.21,79.21,80.33,70.67,78.13
80.36,80.36,75.13,69.47,79.11
78.84,78.84,75.17,69.50,80.56
78.19,78.19,72.52,68.20,80.72
78.43,78.43,71.10,71.06,80.01
76.31,76.31,77.39,73.16,80.67
79.50,79.50,79.99,74.48,82.45
82.35,82.35,81.00,71.72,81.98
83.69,83.69,82.01,68.73,80.74
78.74,78.74,89.27,67.71,76.56
77.13,77.13,85.26,65.36,79.08
77.13,77.13,81.18,64.67,82.27
77.05,77.05,74.79,75.25,81.15
79.45,79.45,74.16,76.61,80.68
79.11,79.11,77.83,77.93,79.52
78.51,78.51,80.23,74.73,82.99
77.95,77.95,78.44,74.50,80.99
79.27,79.27,76.58,73.28,81.01
80.58,80.58,75.96,74.08,81.20
81.17,81.17,77.77,76.34,80.10
79.29,79.29,78.03,76.06,78.04
77.31,77.31,78.92,77.57,80.34
75.01,75.01,78.27,74.57,80.24
76.86,76.86,85.33,71.75,78.60
77.40,77.40,80.57,72.10,80.99
77.28,77.28,80.88,73.46,80.86
77.05,77.05,81.92,73.74,81.48
77.48,77.48,72.98,71.26,82.34
79.72,79.72,70.94,67.03,81.66
78.10,78.10,76.84,68.64,82.67
78.11,78.11,77.79,70.98,83.33
78.24,78.24,77.96,76.04,81.03
79.14,79.14,78.96,77.01,79.98
78.30,78.30,72.02,76.95,81.25
75.57,75.57,74.33,73.87,81.99
75.82,75.82,83.07,68.32,80.02
75.83,75.83,89.72,69.21,77.16
76.54,76.54,83.46,70.43,79.02
75.14,75.14,84.50,74.60,79.53
75.22,75.22,75.68,78.50,78.90
76.19,76.19,76.32,78.17,80.37
78.22,78.22,71.56,77.20,80.18
78.25,78.25,72.58,76.81,80.02
77.38,77.38,74.36,77.77,80.77
76.99,76.99,71.59,75.55,81.13
81.00,81.00,70.08,77.51,81.37
80.06,80.06,68.83,80.06,81.03
79.08,79.08,67.35,77.41,81.67
79.72,79.72,76.72,74.09,80.39
75.84,75.84,85.31,69.47,79.83
74.35,74.35,87.07,68.23,76.79
74.77,74.77,85.97,72.69,78.16
74.60,74.60,80.85,71.28,79.30
77.81,77.81,80.47,69.53,80.53
77.99,77.99,75.74,74.18,79.79
77.71,77.71,75.37,76.79,78.25
79.46,79.46,74.77,76.19,81.50
79.14,79.14,70.92,76.94,82.92
81.06,81.06,69.01,75.93,83.33
79.77,79.77,68.58,78.11,84.30
78.79,78.79,68.62,76.59,86.09
79.70,79.70,69.20,77.04,85.84
81.13,81.13,78.73,77.70,84.59
76.25,76.25,88.98,76.02,82.21
77.97,77.97,76.59,69.93,78.85
78.25,78.25,77.66,70.54,78.94
78.11,78.11,78.19,72.45,80.71
78.72,78.72,74.43,76.43,80.83
75.81,75.81,73.64,78.67,79.44
77.37,77.37,75.06,76.66,80.52
83.15,83.15,72.47,78.74,79.49
78.99,78.99,68.89,79.88,77.91
81.89,81.89,67.98,78.47,79.80
85.00,85.00,68.62,79.55,77.88
83.49,83.49,68.59,78.12,77.85
78.58,78.58,71.65,75.97,78.36
77.31,77.31,83.63,76.50,78.33
75.67,75.67,82.71,75.74,75.84
79.80,79.80,78.37,79.20,78.29
77.94,77.94,71.29,81.18,76.78
83.38,83.38,73.08,73.84,78.02
85.30,85.30,70.95,73.26,78.72
83.08,83.08,70.76,75.68,79.30
83.42,83.42,70.12,75.49,78.46
82.01,82.01,71.59,77.07,79.37
85.93,85.93,70.56,79.41,79.11
81.63,81.63,71.95,80.57,81.14
76.93,76.93,69.72,77.36,79.40
81.92,81.92,74.94,76.63,79.69
85.98,85.98,84.49,74.90,77.76
78.66,78.66,79.67,66.58,77.92
83.45,83.45,72.67,71.20,79.21
84.80,84.80,76.90,76.78,80.90
85.27,85.27,73.79,73.40,80.45
83.47,83.47,67.52,76.38,80.84
75.76,75.76,70.33,75.17,81.18
78.72,78.72,69.92,74.86,82.54
78.76,78.76,70.34,75.87,83.62
80.64,80.64,69.00,77.10,82.70
80.67,80.67,69.67,77.98,81.93
80.11,80.11,70.49,76.39,79.71
79.61,79.61,67.98,77.40,79.97
78.82,78.82,71.51,76.25,80.39
77.60,77.60,86.23,76.35,78.42
73.46,73.46,85.30,75.25,77.10
76.10,76.10,81.54,73.19,77.85
80.97,80.97,73.18,74.24,78.16
79.81,79.81,77.44,75.63,78.13
86.95,86.95,72.20,76.54,76.75
81.58,81.58,71.16,77.44,77.34
85.36,85.36,74.60,77.30,77.98
83.96,83.96,78.09,74.43,78.55
82.59,82.59,76.04,74.86,78.24
82.11,82.11,73.45,78.62,79.07
84.52,84.52,75.78,78.64,79.91
79.27,79.27,73.28,76.64,78.38
78.77,78.77,78.45,71.54,78.59
83.45,83.45,87.48,75.25,77.01
86.21,86.21,79.09,70.45,76.56
84.12,84.12,78.13,67.02,76.17
80.75,80.75,71.02,72.26,78.03
82.42,82.42,76.48,69.65,75.38
80.40,80.40,78.10,69.14,79.66
76.96,76.96,90.38,66.46,77.87
80.76,80.76,86.89,64.49,77.65
80.14,80.14,86.80,65.61,78.27
80.47,80.47,82.04,71.15,77.09
78.21,78.21,77.97,70.09,78.35
82.07,82.07,76.23,69.98,74.96
83.34,83.34,80.05,69.97,78.72
84.83,84.83,79.89,70.39,74.76
84.71,84.71,73.12,64.37,78.37
82.13,82.13,78.56,64.89,79.68
83.62,83.62,79.56,69.93,80.79
84.58,84.58,82.21,70.67,83.22
75.49,75.49,83.62,72.85,82.38
78.46,78.46,82.44,72.89,84.85
83.03,83.03,81.23,72.88,83.73
83.06,83.06,76.13,70.94,82.64
81.33,81.33,77.63,72.46,82.38
78.58,78.58,77.03,74.19,81.99
74.40,74.40,80.80,73.13,80.80
76.63,76.63,78.85,73.67,81.02
76.05,76.05,78.98,72.14,80.90
80.43,80.43,83.97,69.32,79.14
79.24,79.24,80.33,65.78,78.61
80.17,80.17,80.36,72.29,79.36
74.45,74.45,82.31,71.79,82.05
78.22,78.22,84.40,72.34,79.04
75.10,75.10,83.40,75.03,79.61
80.35,80.35,82.23,78.42,78.14
79.75,79.75,81.22,80.21,77.58
76.38,76.38,83.12,80.86,78.16
78.84,78.84,77.15,79.71,77.33
77.26,77.26,77.00,75.84,78.97
79.95,79.95,79.70,72.10,78.66
74.40,74.40,86.45,69.42,78.07
79.22,79.22,84.55,64.33,75.89
82.77,82.77,77.95,63.38,78.04
79.83,79.83,78.81,60.32,78.45
74.53,74.53,82.24,64.38,78.91
80.71,80.71,80.10,74.76,79.23
84.62,84.62,78.28,73.74,79.63
81.55,81.55,76.15,67.86,80.79
80.46,80.46,72.64,69.68,79.97
81.39,81.39,76.94,77.10,79.72
80.44,80.44,76.92,78.40,80.68
77.03,77.03,74.10,70.55,82.09
78.71,78.71,73.37,73.31,81.65
76.78,76.78,81.86,75.95,79.45
76.10,76.10,83.17,72.51,79.69
78.63,78.63,80.76,64.55,80.66
79.54,79.54,82.33,65.14,81.51
80.01,80.01,82.72,68.62,79.71
80.39,80.39,79.90,72.02,78.85
81.02,81.02,72.72,69.25,79.74
80.81,80.81,72.58,75.76,79.61
83.07,83.07,71.63,74.71,80.19
83.59,83.59,70.59,76.70,80.08
81.69,81.69,72.93,77.22,79.32
80.21,80.21,70.35,76.02,78.84
80.26,80.26,70.42,76.35,78.85
81.01,81.01,71.70,76.17,78.73
82.44,82.44,79.95,78.76,78.35
80.15,80.15,86.63,77.56,76.35
75.91,75.91,80.34,74.19,77.49
82.93,82.93,76.50,71.97,78.96
81.36,81.36,72.57,72.32,78.58
81.60,81.60,71.82,69.99,78.63
84.36,84.36,72.80,73.75,78.81
83.13,83.13,69.63,75.50,76.95
81.64,81.64,71.61,75.34,77.53
79.70,79.70,72.19,74.89,78.59
79.98,79.98,72.86,76.31,77.83
80.88,80.88,70.80,79.22,78.76
79.12,79.12,73.51,77.62,78.60
76.88,76.88,77.17,70.73,79.31
80.53,80.53,86.47,68.00,79.10
76.68,76.68,84.25,66.67,80.76
78.51,78.51,82.22,65.92,78.95
77.60,77.60,78.28,69.93,79.42
78.51,78.51,76.54,68.30,80.63
84.58,84.58,70.45,67.70,80.99
84.32,84.32,75.70,68.08,80.31
81.78,81.78,68.65,69.55,80.13
78.91,78.91,66.53,70.66,81.21
78.46,78.46,65.96,70.36,81.15
82.06,82.06,70.75,69.54,78.93
77.12,77.12,71.24,75.19,79.79
76.94,76.94,71.40,70.26,79.25
77.29,77.29,76.00,71.03,79.45
70.97,70.97,91.77,68.92,76.00
74.78,74.78,88.07,63.99,75.28
77.34,77.34,84.61,69.00,78.70
74.49,74.49,77.77,68.80,78.73
72.70,72.70,80.78,71.12,78.79
78.77,78.77,72.00,74.35,80.43
80.17,80.17,78.36,73.49,80.04
82.20,82.20,75.86,74.14,80.98
80.97,80.97,79.18,72.55,81.01
79.23,79.23,74.27,72.53,81.36
79.43,79.43,78.08,71.44,81.19
77.75,77.75,80.17,71.59,80.67
73.60,73.60,73.56,65.40,81.62
74.08,74.08,86.23,66.57,81.67
70.42,70.42,89.84,67.87,77.13
74.69,74.69,77.61,66.43,78.70
80.52,80.52,86.23,74.29,76.55
78.29,78.29,82.32,78.66,79.42
76.74,76.74,77.64,80.80,81.08
73.29,73.29,79.63,81.07,82.17
73.62,73.62,75.40,78.62,81.21
77.27,77.27,72.99,78.96,80.18
78.57,78.57,72.36,77.99,80.77
82.53,82.53,74.08,79.82,81.97
81.51,81.51,78.45,82.17,80.73
81.38,81.38,77.15,79.92,79.98
80.30,80.30,76.07,77.62,80.43
75.40,75.40,86.79,75.61,76.84
77.66,77.66,81.35,78.33,77.86
80.69,80.69,78.07,72.57,79.64
75.90,75.90,74.49,72.61,78.74
77.09,77.09,72.84,76.64,80.05
76.56,76.56,71.67,78.06,80.10
77.15,77.15,73.36,74.66,82.26
75.82,75.82,76.84,77.03,81.57
79.10,79.10,74.26,75.09,81.62
78.76,78.76,74.46,74.92,82.92
79.03,79.03,74.76,75.26,83.30
76.21,76.21,74.09,74.45,83.94
76.31,76.31,72.82,69.57,83.10
77.99,77.99,87.64,71.94,78.90
78.18,78.18,87.31,68.51,78.46
77.07,77.07,82.59,71.91,80.01
80.05,80.05,76.30,74.55,80.45
81.18,81.18,79.45,73.96,79.42
80.24,80.24,74.64,74.95,80.36
79.76,79.76,72.86,76.74,81.43
77.52,77.52,69.38,75.46,79.29
73.57,73.57,68.46,75.09,80.47
75.69,75.69,74.17,77.68,81.87
79.74,79.74,67.60,77.31,81.30
79.44,79.44,69.62,70.60,81.26
77.90,77.90,76.26,69.86,80.80
83.37,83.37,80.28,72.05,80.89
76.24,76.24,88.92,70.86,78.68
74.40,74.40,76.21,65.07,80.30
77.49,77.49,77.69,66.74,79.91
78.33,78.33,75.16,70.01,81.26
74.38,74.38,75.41,71.39,82.36
70.47,70.47,75.49,75.53,81.16
73.71,73.71,74.35,72.98,81.91
73.79,73.79,73.28,72.16,84.27
72.09,72.09,70.17,73.42,81.59
69.77,69.77,70.03,68.83,85.59
71.42,71.42,72.83,69.12,82.48
74.96,74.96,72.05,69.69,83.60
75.90,75.90,72.52,73.89,80.78
72.67,72.67,88.82,75.96,76.23
69.87,69.87,84.46,72.92,78.91
73.41,73.41,85.70,74.80,79.42
78.06,78.06,83.28,74.24,78.60
74.82,74.82,78.10,72.73,78.20
77.59,77.59,79.56,74.90,78.42
75.10,75.10,72.41,78.65,78.56
78.60,78.60,72.15,78.81,80.36
75.40,75.40,68.79,81.21,80.25
78.79,78.79,72.15,80.90,78.01
82.19,82.19,70.22,80.78,77.12
83.28,83.28,68.98,79.97,77.77
82.76,82.76,72.00,80.24,75.68
80.99,80.99,84.76,77.58,76.11
82.98,82.98,82.92,77.58,75.28
84.65,84.65,77.61,78.33,78.12
81.09,81.09,71.05,79.28,78.43
73.79,73.79,71.31,79.99,77.22
76.57,76.57,69.56,78.86,78.26
77.39,77.39,68.60,76.93,78.19
78.68,78.68,69.08,76.88,79.99
75.20,75.20,71.20,73.39,78.26
74.59,74.59,70.92,69.51,78.83
72.93,72.93,71.98,75.64,77.16
72.02,72.02,73.15,76.04,77.46
73.95,73.95,74.46,73.88,78.03
74.28,74.28,84.24,70.52,80.39
78.01,78.01,80.18,72.97,79.44
79.73,79.73,75.62,74.99,80.44
75.17,75.17,78.83,79.63,79.95
74.36,74.36,75.37,79.15,82.12
71.58,71.58,71.48,76.77,82.65
72.10,72.10,70.73,73.74,81.66
70.38,70.38,70.43,73.29,80.75
71.81,71.81,70.80,73.67,81.90
71.82,71.82,71.28,72.65,81.79
74.04,74.04,73.62,76.50,82.98
73.22,73.22,68.37,72.29,81.41
72.86,72.86,68.86,71.92,79.79
73.64,73.64,70.89,72.40,79.76
75.12,75.12,77.14,78.91,80.91
72.76,72.76,88.23,80.75,76.68
78.31,78.31,78.14,77.74,79.14
81.23,81.23,74.44,77.18,79.31
83.74,83.74,74.12,75.67,78.79
88.66,88.66,73.07,72.94,79.35
87.02,87.02,75.48,76.33,79.31
81.96,81.96,76.02,76.08,79.72
82.28,82.28,73.93,75.74,81.01
84.52,84.52,71.52,77.10,82.21
82.07,82.07,68.58,78.23,78.31
81.55,81.55,69.13,78.91,79.54
82.33,82.33,69.75,76.84,79.17
79.61,79.61,75.68,80.18,77.47
81.43,81.43,84.81,78.38,75.62
82.07,82.07,77.67,74.55,76.91
83.30,83.30,75.48,75.69,78.72
78.77,78.77,70.93,76.18,77.67
79.47,79.47,73.22,77.77,78.64
75.58,75.58,86.87,78.70,77.79
77.74,77.74,80.95,77.02,77.09
78.22,78.22,75.14,80.03,76.33
79.66,79.66,71.27,79.38,78.23
77.31,77.31,73.60,79.50,79.58
79.31,79.31,71.84,77.73,79.63
78.29,78.29,72.33,78.45,80.13
72.32,72.32,87.20,79.61,77.85
74.61,74.61,88.01,75.94,77.42
75.93,75.93,86.55,74.63,77.43
76.12,76.12,83.07,73.77,76.65
77.49,77.49,76.69,75.59,79.17
79.24,79.24,77.42,78.28,78.37
74.42,74.42,87.24,79.46,78.40
76.47,76.47,89.15,76.13,78.49
77.83,77.83,86.72,78.38,78.20
77.53,77.53,83.91,77.03,78.17
79.79,79.79,80.00,75.17,80.82
78.67,78.67,75.18,75.03,79.65
79.73,79.73,77.92,78.67,81.48
77.25,77.25,76.86,77.52,78.35
74.02,74.02,86.18,79.06,76.82
75.99,75.99,81.97,74.43,77.40
74.47,74.47,74.76,72.58,77.55
74.75,74.75,78.68,70.52,78.53
77.35,77.35,78.32,66.14,78.29
81.03,81.03,81.32,72.65,77.55
79.93,79.93,81.55,71.44,77.35
79.46,79.46,81.82,73.45,76.58
76.95,76.95,81.50,76.09,76.73
75.83,75.83,74.40,70.71,77.87
75.85,75.85,74.01,65.52,78.26
71.95,71.95,77.37,69.25,79.03
68.55,68.55,84.19,70.66,77.84
64.58,64.58,88.67,72.73,75.63
67.48,67.48,83.21,66.06,77.86
69.85,69.85,85.14,68.45,78.85
78.22,78.22,84.80,73.52,80.01
79.20,79.20,73.93,68.78,83.75
75.79,75.79,76.34,66.37,81.55
75.95,75.95,77.95,69.27,80.44
78.24,78.24,74.55,69.70,81.21
74.44,74.44,73.34,69.32,81.76
78.63,78.63,73.04,72.90,83.44
80.48,80.48,72.24,69.30,81.08
80.39,80.39,73.72,74.74,81.18
79.53,79.53,71.87,69.78,80.28
80.90,80.90,85.51,73.82,79.31
80.07,80.07,82.42,71.88,79.68
82.19,82.19,76.59,68.41,80.06
80.90,80.90,72.42,68.75,80.26
80.17,80.17,74.21,76.80,81.17
79.88,79.88,72.93,77.81,81.91
78.30,78.30,73.99,76.95,79.83
77.63,77.63,70.65,76.89,80.15
77.91,77.91,68.18,77.56,80.69
80.08,80.08,69.04,75.71,81.67
83.05,83.05,69.89,75.07,80.67
83.70,83.70,70.52,75.61,81.44
86.07,86.07,68.56,75.58,81.68
86.44,86.44,72.36,76.35,81.24
84.16,84.16,77.67,76.42,81.29
79.83,79.83,86.89,72.52,77.10
77.94,77.94,82.74,74.03,78.80
78.87,78.87,77.92,74.66,79.55
78.86,78.86,69.81,75.43,80.36
79.31,79.31,69.77,77.60,79.36
81.07,81.07,69.15,76.24,80.03
82.48,82.48,69.15,77.54,80.70
81.05,81.05,69.23,78.10,78.80
78.71,78.71,68.49,79.92,79.93
77.29,77.29,67.60,77.35,79.48
76.75,76.75,69.25,67.55,78.65
77.84,77.84,70.38,69.08,79.78
77.70,77.70,77.44,70.79,79.66
74.69,74.69,75.11,69.66,80.27
71.28,71.28,77.42,70.44,80.59
73.85,73.85,73.01,73.23,82.24
74.02,74.02,70.63,79.71,81.76
75.36,75.36,72.65,82.31,83.15
73.78,73.78,66.94,82.98,82.42
73.64,73.64,68.41,83.48,82.16
74.11,74.11,67.85,83.32,81.80
73.14,73.14,66.80,83.32,82.61
72.01,72.01,67.35,81.12,81.66
70.63,70.63,70.49,75.33,82.41
73.33,73.33,69.61,73.96,82.46
74.23,74.23,77.64,69.15,82.73
71.42,71.42,86.92,73.01,79.60
73.46,73.46,90.11,69.44,77.39
75.32,75.32,87.07,67.93,79.57
71.72,71.72,80.36,66.80,79.27
73.63,73.63,76.72,69.24,79.60
71.36,71.36,81.84,70.22,78.54
74.95,74.95,77.78,70.05,78.21
75.41,75.41,82.14,72.18,80.02
74.65,74.65,78.30,71.53,80.05
75.54,75.54,78.35,74.06,78.93
75.50,75.50,84.25,75.45,80.20
77.83,77.83,77.41,73.73,79.46
79.74,79.74,75.14,72.45,78.26
76.59,76.59,78.20,72.34,78.56
74.21,74.21,89.31,76.24,76.69
76.21,76.21,85.98,70.49,77.87
76.73,76.73,79.67,71.94,76.91
77.57,77.57,81.90,72.82,79.19
78.15,78.15,76.51,71.47,79.14
76.72,76.72,81.87,70.01,79.16
77.14,77.14,80.39,67.63,80.70
76.59,76.59,81.30,73.20,80.45
75.22,75.22,71.69,75.31,80.52
75.65,75.65,74.89,74.72,81.19
76.78,76.78,77.33,74.09,80.81
75.92,75.92,78.83,74.78,80.77
77.26,77.26,73.94,76.57,79.94
78.80,78.80,73.83,76.97,81.21
76.17,76.17,89.59,71.93,77.80
72.98,72.98,84.41,72.36,78.09
76.66,76.66,80.19,73.75,78.83
75.63,75.63,76.48,72.20,80.02
76.09,76.09,74.48,71.04,79.11
75.94,75.94,78.11,67.91,77.67
76.61,76.61,76.91,66.62,78.74
77.60,77.60,74.44,67.77,80.01
78.34,78.34,74.66,67.61,79.46
78.87,78.87,74.11,73.80,79.55
79.39,79.39,75.20,72.22,81.15
76.47,76.47,75.82,72.84,80.65
72.50,72.50,84.87,68.08,79.25
74.60,74.60,89.41,66.89,79.73
76.13,76.13,85.12,71.15,79.89
75.68,75.68,82.47,73.51,79.48
74.98,74.98,82.56,75.80,80.58
70.89,70.89,74.27,77.82,80.30
67.86,67.86,75.59,78.88,81.24
67.88,67.88,78.76,75.77,81.04
67.34,67.34,73.51,72.92,80.29
67.97,67.97,73.93,78.02,79.75
67.48,67.48,70.58,82.02,79.19
68.45,68.45,71.04,79.76,80.46
72.54,72.54,70.35,76.00,81.00
74.06,74.06,77.42,77.23,80.19
71.30,71.30,82.84,76.61,79.88
68.32,68.32,89.18,70.74,78.24
67.21,67.21,82.54,74.12,78.43
63.94,63.94,77.20,70.98,79.42
62.85,62.85,78.58,74.80,80.64
58.88,58.88,77.97,82.13,80.08
55.73,55.73,79.07,84.26,79.60
53.16,53.16,82.81,87.97,78.55
48.87,48.87,78.05,89.62,78.38
47.91,47.91,77.12,88.84,81.27
47.92,47.92,77.94,86.25,82.04
48.00,48.00,75.75,83.24,82.23
48.65,48.65,72.86,79.83,81.86
43.95,43.95,88.07,78.38,79.91
42.80,42.80,86.93,77.95,80.17
48.53,48.53,84.45,75.28,79.56
44.78,44.78,83.33,72.67,79.91
38.32,38.32,84.83,76.44,79.67
35.10,35.10,74.66,80.81,79.23
34.23,34.23,85.06,81.68,81.47
35.02,35.02,85.18,81.75,81.36
35.95,35.95,82.62,81.35,79.52
34.95,34.95,82.48,79.45,80.48
26.03,26.03,76.95,77.74,81.35
21.46,21.46,78.05,78.35,81.26
20.45,20.45,80.38,79.07,80.96
25.37,25.37,82.26,79.21,81.70
34.79,34.79,90.14,78.66,80.63
41.45,41.45,84.31,75.22,79.38
33.40,33.40,84.12,69.67,79.99
31.79,31.79,81.87,73.39,79.59
33.12,33.12,83.78,80.71,79.09
30.89,30.89,83.96,80.21,78.13
29.37,29.37,78.04,79.84,80.00
28.98,28.98,81.79,80.35,80.65
26.32,26.32,79.75,81.01,80.54
28.14,28.14,72.77,80.47,79.53
30.28,30.28,82.44,80.68,79.88
32.35,32.35,79.70,82.00,79.45
37.62,37.62,77.27,79.91,81.78
41.01,41.01,88.25,77.62,78.86
47.67,47.67,84.84,74.45,77.05
54.73,54.73,81.27,71.18,79.05
58.31,58.31,78.98,79.04,78.94
60.43,60.43,75.27,81.77,80.74
65.61,65.61,78.46,80.51,81.10
68.05,68.05,80.67,81.26,80.73
67.98,67.98,85.52,83.84,79.04
68.40,68.40,81.18,84.74,77.32
70.83,70.83,79.35,83.70,77.69
71.70,71.70,78.82,79.97,78.99
71.97,71.97,80.96,78.96,80.96
72.48,72.48,75.57,80.07,79.80
71.34,71.34,85.67,80.31,81.76
70.14,70.14,86.98,79.32,78.67
72.34,72.34,80.16,76.30,80.52
77.03,77.03,81.96,79.50,79.43
79.66,79.66,81.01,80.72,78.10
79.88,79.88,81.70,79.93,78.89
81.95,81.95,82.32,79.50,78.31
82.07,82.07,79.73,80.23,78.14
81.65,81.65,82.01,79.58,79.99
82.00,82.00,79.80,78.03,81.37
80.05,80.05,77.83,80.14,79.63
78.70,78.70,77.26,82.44,79.63
79.61,79.61,77.43,82.58,78.91
78.65,78.65,76.85,82.13,79.25
73.66,73.66,88.41,80.88,79.17
75.60,75.60,82.40,74.34,79.56
73.90,73.90,84.29,62.26,79.86
74.50,74.50,80.56,78.19,79.97
78.21,78.21,79.83,79.97,80.68
72.36,72.36,72.31,80.58,78.21
78.32,78.32,83.29,80.80,79.20
78.93,78.93,78.50,82.04,78.45
79.34,79.34,79.59,81.69,79.53
75.24,75.24,81.63,77.14,80.48
77.26,77.26,73.18,78.08,81.17
76.66,76.66,78.74,82.55,80.91
76.08,76.08,76.29,82.22,79.67
75.28,75.28,83.93,78.95,78.03
73.24,73.24,89.31,78.16,76.36
69.80,69.80,84.62,78.36,77.12
74.71,74.71,82.32,73.83,75.81
75.99,75.99,77.74,73.20,76.21
76.70,76.70,76.91,80.35,76.82
77.16,77.16,81.55,80.90,78.01
75.70,75.70,85.42,81.92,76.63
77.43,77.43,84.05,82.89,74.92
76.40,76.40,83.95,82.38,75.35
78.15,78.15,74.81,81.04,77.64
79.82,79.82,79.64,80.18,78.57
79.30,79.30,78.80,80.55,79.79
80.55,80.55,73.69,76.57,79.75
79.94,79.94,86.19,69.93,76.87
76.44,76.44,87.51,70.30,76.99
76.36,76.36,86.56,74.83,79.09
77.87,77.87,84.04,71.67,78.66
74.20,74.20,82.19,74.95,79.47
70.02,70.02,84.82,70.92,78.30
66.76,66.76,88.02,75.22,77.14
71.41,71.41,83.67,77.26,75.62
69.57,69.57,80.50,78.93,76.81
68.73,68.73,83.05,79.79,77.04
69.55,69.55,77.28,74.88,77.09
68.86,68.86,78.36,68.87,78.43
66.64,66.64,81.31,73.11,79.25
63.33,63.33,82.74,80.04,79.94
60.36,60.36,88.70,81.80,74.88
65.71,65.71,82.64,77.28,77.70
70.06,70.06,84.89,71.21,77.86
78.26,78.26,82.48,70.04,78.00
77.96,77.96,76.42,67.47,77.62
78.26,78.26,79.65,75.35,78.29
78.67,78.67,80.02,79.85,78.31
77.65,77.65,77.83,82.20,78.16
76.31,76.31,75.17,83.57,79.48
75.64,75.64,74.58,84.34,79.69
76.89,76.89,74.73,82.91,78.77
74.38,74.38,76.98,81.14,78.90
74.02,74.02,75.39,81.36,77.42
75.64,75.64,75.34,82.05,77.80
75.09,75.09,74.43,83.15,77.49
77.48,77.48,72.89,83.40,77.72
75.13,75.13,72.78,83.90,75.20
75.87,75.87,72.51,85.28,76.66
76.72,76.72,73.28,86.40,77.17
76.30,76.30,72.23,86.50,78.68
74.26,74.26,71.22,86.71,76.42
77.00,77.00,72.17,85.77,77.81
71.38,71.38,71.03,85.96,76.29
69.52,69.52,70.43,85.58,77.34
72.32,72.32,71.21,85.49,76.60
73.80,73.80,69.71,84.93,76.75
74.70,74.70,70.78,84.52,78.42
74.57,74.57,68.61,85.40,78.09
76.61,76.61,69.74,85.78,78.26
76.96,76.96,67.13,86.58,77.29
75.52,75.52,67.31,86.23,78.42
73.15,73.15,66.23,87.11,77.24
72.53,72.53,66.36,86.71,77.95
74.39,74.39,65.47,87.04,78.27
74.06,74.06,65.81,85.97,76.83
74.23,74.23,64.85,86.45,79.46
72.90,72.90,65.24,85.78,77.11
72.95,72.95,63.46,84.86,79.02
74.52,74.52,64.71,85.10,77.89
76.08,76.08,64.00,85.00,78.72
74.42,74.42,63.75,85.56,77.89
73.84,73.84,63.01,85.79,78.23
74.50,74.50,62.13,86.42,78.18
71.52,71.52,63.78,86.20,78.37
73.02,73.02,61.62,87.64,79.61
73.50,73.50,61.29,87.26,78.65
75.06,75.06,59.20,87.72,77.77
74.95,74.95,60.49,87.40,78.35
75.62,75.62,59.03,87.66,78.46
74.71,74.71,58.27,87.27,76.71
75.30,75.30,58.00,87.07,78.20
71.44,71.44,58.11,86.98,76.80
69.62,69.62,57.36,87.09,77.14
69.44,69.44,58.31,87.28,76.29
69.57,69.57,56.75,87.40,76.65
68.54,68.54,58.20,87.50,76.72
68.02,68.02,56.36,87.30,76.52
67.12,67.12,55.88,87.85,74.71
66.77,66.77,54.58,88.12,75.07
68.33,68.33,53.18,87.70,75.16
65.83,65.83,54.02,87.87,76.06
63.60,63.60,55.40,87.85,74.77
59.59,59.59,54.50,88.16,76.47
56.76,56.76,53.88,87.83,77.35
53.19,53.19,52.97,87.80,77.35
55.36,55.36,52.58,88.16,78.16
57.16,57.16,51.35,88.23,77.65
56.91,56.91,49.40,88.51,77.76
53.10,53.10,50.09,88.48,78.38
55.68,55.68,49.98,88.70,79.14
54.05,54.05,48.54,88.62,78.35
51.62,51.62,47.58,88.79,78.04
49.43,49.43,48.89,88.57,77.86
46.85,46.85,48.70,88.59,78.35
49.06,49.06,48.21,88.37,76.85
46.95,46.95,47.46,88.47,77.10
45.90,45.90,47.89,88.26,78.11
48.47,48.47,47.48,87.70,79.79
46.35,46.35,46.05,88.22,79.32
46.95,46.95,47.62,88.12,80.13
45.81,45.81,45.72,88.16,80.05
45.96,45.96,46.95,88.15,80.39
45.21,45.21,45.12,88.05,78.74
45.33,45.33,44.84,88.03,77.79
43.96,43.96,45.72,88.08,76.35
43.30,43.30,46.28,88.10,75.74
40.69,40.69,45.72,87.92,74.75
37.57,37.57,44.05,88.01,73.23
38.84,38.84,42.96,88.09,74.66
38.65,38.65,44.91,87.98,74.30
36.95,36.95,45.15,87.48,74.61
37.64,37.64,43.07,87.78,75.02
38.10,38.10,42.18,88.05,77.73
35.76,35.76,39.42,87.84,77.89
34.57,34.57,40.53,88.12,75.25
31.08,31.08,39.43,87.81,76.52
31.42,31.42,41.17,88.19,74.70
28.47,28.47,40.39,88.10,76.22
27.34,27.34,42.55,88.18,74.87
27.10,27.10,40.66,87.89,75.17
23.65,23.65,38.63,87.82,75.26
25.01,25.01,37.77,87.87,76.95
24.20,24.20,39.00,87.77,76.30
25.50,25.50,39.31,87.13,74.65
25.44,25.44,39.62,87.55,76.38
24.24,24.24,38.08,87.71,76.25
22.02,22.02,36.35,87.67,75.48
21.83,21.83,35.62,87.60,73.83
21.21,21.21,36.42,87.49,74.89
23.27,23.27,37.28,87.46,73.77
26.37,26.37,37.09,87.48,75.56
19.15,19.15,35.24,87.24,75.31
22.47,22.47,35.78,87.02,76.74
22.81,22.81,34.52,86.95,74.64
18.42,18.42,34.29,86.92,77.46
19.37,19.37,33.92,86.45,76.02
22.56,22.56,33.20,86.69,74.84
20.11,20.11,32.21,86.83,75.52
19.77,19.77,31.24,87.03,76.33
19.64,19.64,32.47,86.90,74.29
17.41,17.41,32.28,87.03,74.55
17.69,17.69,32.35,87.18,75.14
17.93,17.93,33.48,86.99,74.06
17.53,17.53,34.39,87.08,72.63
16.47,16.47,33.64,87.22,72.65
16.07,16.07,35.60,87.26,70.57
14.52,14.52,34.01,87.02,71.03
13.51,13.51,33.51,86.99,69.46
14.26,14.26,34.07,86.62,71.15
14.45,14.45,32.85,87.18,69.87
15.24,15.24,30.36,87.33,71.89
11.62,11.62,30.51,87.48,70.81
14.25,14.25,31.60,87.49,72.06
12.69,12.69,31.10,87.93,70.54
13.57,13.57,30.57,87.69,71.73
14.19,14.19,27.72,88.07,71.17
17.09,17.09,31.36,87.86,70.98
17.63,17.63,28.68,88.27,71.66
19.25,19.25,29.12,88.07,72.58
20.66,20.66,27.70,88.32,72.18
19.24,19.24,25.66,88.16,70.25
19.52,19.52,25.70,88.01,70.14
19.66,19.66,24.61,87.95,69.75
23.74,23.74,26.60,88.32,71.69
21.35,21.35,28.79,88.42,71.97
22.06,22.06,29.67,88.48,72.52
21.34,21.34,30.54,88.66,72.15
21.92,21.92,30.39,88.60,71.99
22.64,22.64,29.23,88.71,70.66
20.96,20.96,26.84,88.60,74.69
20.19,20.19,27.94,88.70,73.56
23.56,23.56,29.11,88.53,74.47
22.26,22.26,28.01,88.68,73.13
22.65,22.65,29.12,88.48,74.05
22.06,22.06,30.02,88.38,73.41
22.43,22.43,29.76,88.11,73.54
26.14,26.14,30.11,87.95,72.85
20.88,20.88,26.68,88.31,70.20
23.71,23.71,28.29,88.36,70.39
22.22,22.22,27.04,88.48,69.51
25.62,25.62,25.53,88.41,68.66
23.42,23.42,27.71,88.44,68.54
23.21,23.21,29.55,88.42,69.10
22.67,22.67,30.68,88.34,68.39
21.16,21.16,27.12,88.08,70.13
16.49,16.49,22.19,88.05,68.56
20.83,20.83,26.32,88.01,71.03
24.44,24.44,31.11,87.94,68.13
20.93,20.93,28.19,87.80,69.66
20.95,20.95,28.23,87.29,70.90
18.99,18.99,27.58,87.51,70.36
21.29,21.29,27.28,87.71,69.17
21.64,21.64,26.82,87.93,73.36
21.68,21.68,27.34,87.85,71.78
21.56,21.56,27.07,87.93,72.04
23.44,23.44,26.62,87.78,69.97
28.48,28.48,26.87,87.56,69.40
27.70,27.70,26.29,87.74,69.85
25.90,25.90,23.25,87.79,68.77
25.93,25.93,24.58,87.72,71.14
24.83,24.83,23.14,87.78,70.34
26.97,26.97,26.01,87.55,70.45
23.73,23.73,22.84,87.45,70.38
22.08,22.08,20.90,87.28,71.12
22.64,22.64,19.11,87.48,71.98
24.59,24.59,19.59,87.48,73.83
25.24,25.24,18.83,87.40,71.53
24.83,24.83,20.45,87.65,70.99
26.87,26.87,21.41,87.74,70.73
26.99,26.99,25.93,87.81,71.33
20.35,20.35,23.68,87.42,69.34
20.23,20.23,26.23,87.66,70.24
21.73,21.73,27.31,87.52,72.47
16.56,16.56,20.82,87.68,72.63
16.14,16.14,19.16,87.43,73.60
18.80,18.80,18.76,87.38,72.78
19.89,19.89,18.27,87.20,72.14
20.78,20.78,18.99,87.07,72.56
22.31,22.31,20.62,87.46,72.66
21.98,21.98,19.13,87.31,72.04
23.20,23.20,19.79,87.48,70.87
26.01,26.01,22.02,87.50,70.66
29.37,29.37,25.69,87.62,68.60
26.67,26.67,24.31,87.30,64.72
27.22,27.22,23.66,87.45,65.25
28.80,28.80,24.36,87.31,67.44
29.76,29.76,24.45,87.45,67.27
31.14,31.14,26.73,87.31,67.05
24.84,24.84,19.55,87.22,66.85
24.85,24.85,20.69,87.14,68.34
27.59,27.59,23.33,86.86,64.30
20.78,20.78,18.02,86.84,63.70
24.68,24.68,20.15,87.23,63.56
24.94,24.94,19.40,87.35,64.10
26.04,26.04,18.84,87.30,64.49
26.37,26.37,17.87,87.25,64.27
26.43,26.43,17.68,87.07,65.53
25.50,25.50,16.73,87.27,64.63
23.59,23.59,15.31,87.17,64.60
23.04,23.04,13.34,87.55,65.26
23.56,23.56,12.72,87.16,63.74
22.18,22.18,12.37,87.23,63.59
23.45,23.45,17.43,87.02,64.60
27.07,27.07,20.31,86.99,66.41
28.79,28.79,23.66,86.59,65.59
31.36,31.36,26.91,86.85,67.64
24.71,24.71,17.93,87.13,67.93
22.22,22.22,14.01,87.11,67.47
24.39,24.39,14.25,87.01,70.88
23.86,23.86,13.05,86.94,71.33
23.43,23.43,14.59,87.34,66.98
21.72,21.72,12.07,87.27,64.66
22.33,22.33,12.70,87.31,64.89
22.02,22.02,15.22,87.24,68.80
20.95,20.95,12.28,87.27,66.83
21.39,21.39,11.98,87.19,66.63
20.37,20.37,10.54,87.25,63.78
18.64,18.64,12.58,86.98,64.07
18.96,18.96,15.44,86.83,62.87
19.21,19.21,8.06,87.15,61.25
20.37,20.37,7.66,87.39,62.78
19.97,19.97,12.80,87.56,64.17
21.48,21.48,16.40,87.44,63.78
24.60,24.60,16.65,87.55,61.33
22.41,22.41,14.38,87.58,63.78
24.16,24.16,14.52,87.71,65.84
21.61,21.61,10.31,87.55,69.34
22.03,22.03,11.53,87.91,68.50
21.19,21.19,9.51,87.94,67.23
21.76,21.76,13.77,87.94,67.31
24.53,24.53,16.31,87.77,68.15
24.22,24.22,18.75,87.44,68.65
23.20,23.20,18.22,87.61,68.01
23.53,23.53,22.29,87.90,67.38
23.07,23.07,20.06,88.09,63.59
23.39,23.39,18.48,88.05,62.25
22.23,22.23,16.50,88.16,58.57
22.18,22.18,12.33,87.97,59.05
21.36,21.36,8.91,88.13,60.77
19.20,19.20,17.24,88.16,57.67
19.00,19.00,24.12,88.14,58.07
23.48,23.48,26.68,88.05,64.39
19.21,19.21,16.60,88.12,66.11
20.66,20.66,16.54,87.90,66.76
20.96,20.96,18.92,87.66,63.41
20.56,20.56,18.05,87.46,60.90
22.60,22.60,19.60,87.74,61.38
21.68,21.68,20.92,87.89,60.80
20.97,20.97,24.82,87.93,61.14
21.76,21.76,23.71,87.95,61.82
22.24,22.24,16.67,87.79,63.88
23.52,23.52,18.11,87.84,63.10
22.87,22.87,14.07,87.69,62.35
23.86,23.86,18.42,87.61,61.85
23.24,23.24,23.16,87.38,62.88
22.64,22.64,21.12,87.32,63.96
22.75,22.75,12.93,87.17,62.71
22.81,22.81,19.19,86.89,61.59
22.53,22.53,22.48,86.48,61.00
25.33,25.33,28.26,86.49,55.12
22.34,22.34,26.16,86.65,58.72
24.20,24.20,24.44,86.47,61.43
21.80,21.80,19.09,86.48,61.44
20.02,20.02,17.41,86.46,60.99
23.20,23.20,17.62,86.52,59.89
25.00,25.00,12.22,86.38,61.52
24.37,24.37,15.07,86.29,60.22
24.81,24.81,21.96,86.24,60.57
25.61,25.61,25.91,86.10,62.47
30.13,30.13,28.88,86.01,63.66
25.96,25.96,22.80,85.95,62.51
24.23,24.23,21.88,85.83,62.59
27.10,27.10,22.64,85.92,62.37
27.99,27.99,25.84,85.64,60.49
29.90,29.90,28.84,85.39,60.56
25.04,25.04,25.34,85.92,58.64
26.50,26.50,25.56,85.94,59.71
27.48,27.48,31.70,86.10,63.26
26.16,26.16,28.45,86.21,62.13
26.05,26.05,27.50,86.35,60.92
23.22,23.22,25.01,86.06,60.63
21.68,21.68,21.88,86.46,61.08
20.61,20.61,17.56,86.31,61.70
21.11,21.11,24.45,86.44,59.19
27.69,27.69,30.08,86.35,60.27
25.55,25.55,28.97,86.61,56.20
24.21,24.21,23.01,86.48,58.56
24.94,24.94,27.80,86.59,58.11
24.93,24.93,26.77,86.60,56.54
23.89,23.89,27.24,86.17,59.18
21.54,21.54,25.24,86.56,59.91
22.12,22.12,24.87,86.69,56.28
24.83,24.83,20.13,86.84,57.34
25.55,25.55,19.19,86.79,57.18
24.52,24.52,22.95,87.13,56.91
20.50,20.50,28.10,87.06,54.03
21.86,21.86,21.68,87.14,53.48
21.78,21.78,26.74,86.95,57.81
22.42,22.42,30.02,87.11,58.58
23.90,23.90,17.94,87.00,57.28
23.21,23.21,22.25,87.02,54.92
24.03,24.03,31.61,86.91,54.72
27.12,27.12,33.41,86.86,56.94
21.66,21.66,28.90,86.62,51.69
22.32,22.32,29.80,86.77,53.60
22.84,22.84,28.92,87.00,55.03
24.03,24.03,22.56,87.05,53.75
23.76,23.76,28.00,86.98,51.02
22.80,22.80,26.91,87.13,52.29
22.71,22.71,29.66,87.14,53.14
19.22,19.22,26.90,87.08,54.23
19.28,19.28,24.51,87.30,51.27
20.30,20.30,28.81,87.25,51.79
21.06,21.06,27.25,87.29,50.96
21.38,21.38,31.11,87.14,50.95
20.43,20.43,30.21,87.10,52.51
19.85,19.85,21.86,86.89,51.58
19.35,19.35,26.29,86.56,51.73
20.96,20.96,23.30,86.94,52.56
22.56,22.56,22.01,87.01,51.93
21.66,21.66,22.34,87.07,51.44
21.60,21.60,24.99,86.99,51.34
24.70,24.70,28.08,87.05,51.61
23.79,23.79,31.23,87.02,53.37
23.51,23.51,26.70,87.04,50.69
26.00,26.00,27.90,86.98,52.00
25.91,25.91,24.79,87.10,53.31
23.86,23.86,32.70,86.86,52.87
22.33,22.33,34.39,86.97,50.28
21.57,21.57,25.82,86.83,50.92
18.44,18.44,25.68,86.75,50.71
20.78,20.78,28.81,86.40,53.23
17.98,17.98,22.16,86.64,50.33
17.23,17.23,23.98,86.82,50.60
18.95,18.95,27.17,86.76,50.60
18.49,18.49,29.59,86.68,52.17
19.71,19.71,23.65,86.50,51.79
21.20,21.20,26.22,86.64,49.97
22.75,22.75,30.80,86.51,50.14
23.21,23.21,22.81,86.55,49.75
22.40,22.40,26.71,86.50,50.92
21.27,21.27,33.30,86.50,49.79
19.94,19.94,28.89,86.33,48.02
20.23,20.23,24.45,86.41,50.04
17.78,17.78,21.33,86.23,51.35
17.70,17.70,20.55,86.04,49.16
18.24,18.24,24.84,85.91,48.39
19.10,19.10,28.32,86.10,49.58
17.16,17.16,26.59,86.22,50.02
17.14,17.14,14.72,86.31,49.67
17.45,17.45,21.46,86.37,48.31
16.73,16.73,24.55,86.31,48.20
17.51,17.51,21.85,86.35,49.73
17.23,17.23,22.21,86.32,50.00
15.80,15.80,19.46,86.36,48.30
16.56,16.56,24.02,86.31,47.85
17.09,17.09,24.71,86.36,49.37
18.10,18.10,25.31,86.23,49.95
16.68,16.68,22.38,86.18,48.93
16.38,16.38,22.15,86.10,48.28
16.34,16.34,17.93,85.89,48.08
16.43,16.43,23.98,85.44,48.02
16.55,16.55,25.93,85.74,49.03
14.16,14.16,26.00,85.72,47.14
15.35,15.35,26.68,85.71,46.00
17.05,17.05,25.64,85.77,47.38
16.50,16.50,22.33,85.70,47.46
17.43,17.43,21.11,85.67,46.00
17.34,17.34,22.89,85.65,45.84
17.05,17.05,20.33,85.73,45.74
17.53,17.53,20.37,85.71,46.77
17.03,17.03,19.61,85.67,45.43
16.98,16.98,22.47,85.55,45.10
17.56,17.56,23.36,85.57,45.34
17.48,17.48,26.19,85.50,45.20
17.30,17.30,25.86,85.34,45.70
18.20,18.20,25.46,84.96,44.43
19.72,19.72,23.63,85.04,43.91
19.71,19.71,26.85,85.27,44.82
20.06,20.06,27.34,85.36,44.50
20.22,20.22,27.04,85.25,44.39
21.16,21.16,27.18,84.85,43.43
21.60,21.60,27.72,85.08,42.90
21.04,21.04,31.26,84.88,43.46
22.59,22.59,31.88,84.77,44.64
23.07,23.07,31.37,84.59,43.06
22.68,22.68,31.10,84.61,43.98
24.06,24.06,33.18,84.55,45.60
25.10,25.10,35.65,84.28,45.26
24.16,24.16,35.45,84.02,45.42
24.27,24.27,36.96,83.82,44.14
24.76,24.76,36.82,83.96,46.70
25.68,25.68,35.77,84.15,42.17
22.85,22.85,33.75,84.21,42.44
17.06,17.06,29.94,84.02,41.53
7.05,7.05,30.88,84.39,47.80
0.12,0.12,48.02,85.27,48.44
-0.00,-0.00,48.24,78.81,45.99
1.31,1.31,46.61,83.55,37.51
17.32,17.32,48.94,85.39,41.40
24.93,24.93,41.79,78.85,44.96
29.83,29.83,35.72,79.35,46.91
30.61,30.61,32.21,82.15,41.26
27.10,27.10,28.06,80.79,37.76
27.47,27.47,25.14,78.45,38.64
29.98,29.98,24.35,82.60,40.49
30.80,30.80,23.30,82.65,40.59
25.55,25.55,21.20,77.44,39.90
32.44,32.44,25.46,82.56,35.16
32.07,32.07,24.25,78.77,34.82
34.92,34.92,22.85,80.25,36.41
34.78,34.78,25.71,82.45,40.32
32.82,32.82,28.06,80.79,38.66
33.65,33.65,29.54,81.69,37.48
31.34,31.34,27.32,79.82,36.59
28.52,28.52,22.89,84.18,33.37
24.09,24.09,18.86,76.84,32.23
20.15,20.15,18.99,79.90,32.54
20.56,20.56,22.64,77.77,33.07
19.67,19.67,25.43,77.41,35.35
20.44,20.44,26.36,77.92,32.28
22.55,22.55,29.63,73.27,30.06
23.19,23.19,31.00,72.92,28.94
22.67,22.67,30.25,66.28,29.26
22.34,22.34,29.86,66.38,30.06
21.82,21.82,29.06,57.11,25.30
20.26,20.26,27.14,53.65,22.22
17.24,17.24,23.99,54.73,21.91
12.44,12.44,19.20,46.29,17.60
4.84,4.84,9.96,49.01,12.97
0.02,0.02,2.67,43.99,6.97
-0.00,-0.00,1.09,36.08,7.79
-0.00,-0.00,1.09,37.81,6.19
-0.00,-0.00,1.17,31.30,5.17
-0.00,-0.00,1.47,27.55,6.78
-0.00,-0.00,1.54,23.24,6.71
-0.00,-0.00,1.68,16.37,8.52
-0.00,-0.00,1.73,21.72,9.26
-0.00,-0.00,1.69,17.18,8.81
-0.00,-0.00,2.13,17.79,9.16
-0.00,-0.00,3.58,17.84,9.40
-0.00,-0.00,5.58,17.30,9.10
-0.00,-0.00,7.67,16.38,8.76
-0.00,-0.00,9.80,14.90,8.28
-0.00,-0.00,11.56,13.07,7.95
-0.00,-0.00,12.76,12.04,7.66
-0.00,-0.00,13.71,11.82,6.97
-0.00,-0.00,14.66,11.70,6.18
-0.00,-0.00,14.93,11.09,5.58
-0.00,-0.00,14.86,10.34,4.86
-0.00,-0.00,15.00,9.95,3.98
-0.00,-0.00,14.99,9.68,2.78
-0.00,-0.00,15.06,9.41,1.72
-0.00,-0.00,14.68,8.50,1.25
-0.00,-0.00,13.98,7.48,0.93
-0.00,-0.00,13.58,6.90,0.44
-0.00,-0.00,13.80,6.66,0.05
-0.00,-0.00,14.06,6.33,-0.00
-0.00,-0.00,13.98,5.81,-0.00
-0.00,-0.00,13.45,5.10,-0.00
-0.00,-0.00,12.70,4.04,-0.00
-0.00,-0.00,11.72,2.80,-0.00
-0.00,-0.00,10.89,1.93,-0.00
-0.00,-0.00,10.46,1.48,-0.00
-0.00,-0.00,9.94,0.94,-0.00
-0.00,-0.00,9.54,0.52,-0.00
-0.00,-0.00,9.25,0.31,-0.00
-0.00,-0.00,8.45,0.03,-0.00
-0.00,-0.00,7.44,-0.00,-0.00
-0.00,-0.00,6.80,-0.00,-0.00
-0.00,-0.00,6.48,-0.00,-0.00
-0.00,-0.00,5.83,-0.00,-0.00
-0.00,-0.00,4.83,-0.00,-0.00
-0.00,-0.00,3.74,-0.00,-0.00
-0.00,-0.00,2.69,-0.00,-0.00
-0.00,-0.00,1.72,-0.00,-0.00
-0.00,-0.00,1.07,-0.00,-0.00
-0.00,-0.00,1.05,-0.00,-0.00
-0.00,-0.00,1.05,-0.00,-0.00
-0.00,-0.00,1.05,-0.00,-0.00
-0.00,-0.00,1.05,-0.00,-0.00
-0.00,-0.00,1.05,-0.00,-0.00
-0.00,-0.00,1.05,-0.00,-0.00
-0.00,-0.00,1.05,-0.00,-0.00
-0.00,-0.00,1.05,-0.00,-0.00
-0.00,-0.00,1.05,-0.00,-0.00
-0.00,-0.00,1.05,-0.00,-0.00
-0.00,-0.00,1.05,-0.00,-0.00
-0.00,-0.00,1.05,-0.00,-0.00
-0.00,-0.00,1.05,-0.00,-0.00
-0.00,-0.00,1.05,-0.00,-0.00
-0.00,-0.00,1.05,-0.00,-0.00
-0.00,-0.00,1.05,-0.00,-0.00
-0.00,-0.00,1.05,-0.00,-0.00
-0.00,-0.00,1.05,-0.00,-0.00
-0.00,-0.00,1.05,-0.00,-0.00
-0.00,-0.00,1.05,-0.00,-0.00
-0.00,-0.00,1.05,-0.00,-0.00
-0.00,-0.00,1.05,-0.00,-0.00
-0.00,-0.00,1.05,-0.00,-0.00
-0.00,-0.00,1.05,-0.00,-0.00
-0.00,-0.00,1.05,-0.00,-0.00
-0.00,-0.00,1.05,-0.00,-0.00
-0.00,-0.00,1.05,-0.00,-0.00
-0.00,-0.00,1.05,-0.00,-0.00
-0.00,-0.00,1.05,-0.00,-0.00
-0.00,-0.00,1.05,-0.00,-0.00
-0.00,-0.00,1.05,-0.00,-0.00
-0.00,-0.00,1.05,-0.00,-0.00
-0.00,-0.00,1.05,-0.00,-0.00
-0.00,-0.00,1.05,-0.00,-0.00
-0.00,-0.00,1.05,-0.00,-0.00
-0.00,-0.00,1.05,-0.00,-0.00
-0.00,-0.00,1.05,-0.00,-0.00
-0.00,-0.00,1.05,-0.00,-0.00
-0.00,-0.00,1.05,-0.00,-0.00
-0.00,-0.00,1.05,-0.00,-0.00
-0.00,-0.00,1.05,-0.00,-0.00
-0.00,-0.00,1.05,-0.00,-0.00
-0.00,-0.00,1.05,-0.00,-0.00
-0.00,-0.00,1.05,-0.00,-0.00
-0.00,-0.00,1.05,-0.00,-0.00
-0.00,-0.00,1.05,-0.00,-0.00
-0.00,-0.00,1.05,-0.00,-0.00
-0.00,-0.00,1.05,-0.00,-0.00
-0.00,-0.00,1.05,-0.00,-0.00
-0.00,-0.00,1.05,-0.00,-0.00
-0.00,-0.00,1.05,-0.00,-0.00
-0.00,-0.00,1.05,-0.00,-0.00
-0.00,-0.00,1.05,-0.00,-0.00
-0.00,-0.00,1.05,-0.00,-0.00
-0.00,-0.00,1.05,-0.00,-0.00
-0.00,-0.00,1.05,-0.00,-0.00
-0.00,-0.00,1.05,-0.00,-0.00
-0.00,-0.00,1.05,-0.00,-0.00
-0.00,-0.00,1.05,-0.00,-0.00
-0.00,-0.00,1.05,-0.00,-0.00
-0.00,-0.00,1.05,-0.00,-0.00
-0.00,-0.00,1.05,-0.00,-0.00
-0.00,-0.00,1.05,-0.00,-0.00
-0.00,-0.00,1.05,-0.00,-0.00
-0.00,-0.00,1.05,-0.00,-0.00
-0.00,-0.00,1.05,-0.00,-0.00
-0.00,-0.00,1.05,-0.00,-0.00
-0.00,-0.00,1.05,-0.00,-0.00
-0.00,-0.00,1.05,-0.00,-0.00
-0.00,-0.00,1.05,-0.00,-0.00
-0.00,-0.00,1.05,-0.00,-0.00
-0.00,-0.00,1.05,-0.00,-0.00
-0.00,-0.00,1.05,-0.00,-0.00
-0.00,-0.00,1.05,-0.00,-0.00
-0.00,-0.00,1.05,-0.00,-0.00
-0.00,-0.00,1.05,-0.00,-0.00
-0.00,-0.00,1.05,-0.00,-0.00
-0.00,-0.00,1.05,-0.00,-0.00
-0.00,-0.00,1.05,-0.00,-0.00
-0.00,-0.00,1.05,-0.00,-0.00
-0.00,-0.00,1.05,-0.00,-0.00
-0.00,-0.00,1.05,-0.00,-0.00
-0.00,-0.00,1.05,-0.00,-0.00
-0.00,-0.00,1.05,-0.00,-0.00
-0.00,-0.00,1.05,-0.00,-0.00
-0.00,-0.00,1.05,-0.00,-0.00
-0.00,-0.00,1.05,-0.00,-0.00
-0.00,-0.00,1.05,-0.00,-0.00
-0.00,-0.00,1.05,-0.00,-0.00
-0.00,-0.00,1.05,-0.00,-0.00
-0.00,-0.00,1.05,-0.00,-0.00
-0.00,-0.00,1.05,-0.00,-0.00
-0.00,-0.00,1.05,-0.00,-0.00
-0.00,-0.00,1.05,-0.00,-0.00
-0.00,-0.00,1.05,-0.00,-0.00
-0.00,-0.00,1.05,-0.00,-0.00
-0.00,-0.00,1.05,-0.00,-0.00
-0.00,-0.00,1.05,-0.00,-0.00
-0.00,-0.00,1.05,-0.00,-0.00
-0.00,-0.00,1.05,-0.00,-0.00
-0.00,-0.00,1.05,-0.00,-0.00
-0.00,-0.00,1.05,-0.00,-0.00
-0.00,-0.00,1.05,-0.00,-0.00
-0.00,-0.00,1.05,-0.00,-0.00
-0.00,-0.00,1.05,-0.00,-0.00
-0.00,-0.00,1.05,-0.00,-0.00
-0.00,-0.00,1.05,-0.00,-0.00
-0.00,-0.00,1.05,-0.00,-0.00
-0.00,-0.00,1.05,-0.00,-0.00
-0.00,-0.00,1.05,-0.00,-0.00
-0.00,-0.00,1.05,-0.00,-0.00
-0.00,-0.00,1.05,-0.00,-0.00
-0.00,-0.00,1.05,-0.00,-0.00
-0.00,-0.00,1.05,-0.00,-0.00
-0.00,-0.00,1.05,-0.00,-0.00
-0.00,-0.00,1.05,-0.00,-0.00
-0.00,-0.00,1.05,-0.00,-0.00
-0.00,-0.00,1.05,-0.00,-0.00
-0.00,-0.00,1.05,-0.00,-0.00
-0.00,-0.00,1.05,-0.00,-0.00
-0.00,-0.00,1.05,-0.00,-0.00
-0.00,-0.00,1.05,-0.00,-0.00
-0.00,-0.00,1.05,-0.00,-0.00
-0.00,-0.00,1.05,-0.00,-0.00
-0.00,-0.00,1.05,-0.00,-0.00
